-- Dev seed data for local environments
-- Parents: 25 | Students: 50 | Employees: 10 | Events: 200

INSERT INTO tb_parent (
    id,
    name,
    email,
    contact,
    cpf,
    created_at,
    updated_at
)
VALUES
    ('43a34679-d93a-5de4-8d16-cb5398b21448', 'Responsavel 01', 'responsavel01@aprimorar.dev', '61990000001', '90000000001', NOW(), NOW()),
    ('8ff28636-7ccf-595c-957c-fa095d4ab61a', 'Responsavel 02', 'responsavel02@aprimorar.dev', '61990000002', '90000000002', NOW(), NOW()),
    ('b7b7c555-83c6-5be0-814d-9d293d1f648a', 'Responsavel 03', 'responsavel03@aprimorar.dev', '61990000003', '90000000003', NOW(), NOW()),
    ('370de26d-98a3-525b-ad29-e97f30cc2a6b', 'Responsavel 04', 'responsavel04@aprimorar.dev', '61990000004', '90000000004', NOW(), NOW()),
    ('7db9974c-7111-5efb-bad8-a56007472cda', 'Responsavel 05', 'responsavel05@aprimorar.dev', '61990000005', '90000000005', NOW(), NOW()),
    ('ec13ce86-2f93-53b9-a4e8-3b2407b7cc2a', 'Responsavel 06', 'responsavel06@aprimorar.dev', '61990000006', '90000000006', NOW(), NOW()),
    ('72e97202-c8b3-50c6-a18c-02c52ede4483', 'Responsavel 07', 'responsavel07@aprimorar.dev', '61990000007', '90000000007', NOW(), NOW()),
    ('7a2d6baa-0421-5fe7-bd64-8a4e81a99db8', 'Responsavel 08', 'responsavel08@aprimorar.dev', '61990000008', '90000000008', NOW(), NOW()),
    ('41400036-c9f6-54dc-a8e2-f3b7ba482f30', 'Responsavel 09', 'responsavel09@aprimorar.dev', '61990000009', '90000000009', NOW(), NOW()),
    ('0d6ddf43-50ed-5521-b875-8bf18900c5a1', 'Responsavel 10', 'responsavel10@aprimorar.dev', '61990000010', '90000000010', NOW(), NOW()),
    ('4a529d4c-bb18-509a-9fde-ab5aab7a6a9d', 'Responsavel 11', 'responsavel11@aprimorar.dev', '61990000011', '90000000011', NOW(), NOW()),
    ('6204790a-97bc-5613-b026-1a0917dc8fd7', 'Responsavel 12', 'responsavel12@aprimorar.dev', '61990000012', '90000000012', NOW(), NOW()),
    ('072f13f9-5671-56b0-8ae4-8bdac6b3f27b', 'Responsavel 13', 'responsavel13@aprimorar.dev', '61990000013', '90000000013', NOW(), NOW()),
    ('b51983b4-fbea-5a0f-a1f9-84bf66d47393', 'Responsavel 14', 'responsavel14@aprimorar.dev', '61990000014', '90000000014', NOW(), NOW()),
    ('3936b630-efc9-54d4-8ee3-81fdb333372a', 'Responsavel 15', 'responsavel15@aprimorar.dev', '61990000015', '90000000015', NOW(), NOW()),
    ('8019bfb4-6221-517e-ad29-89631a0c6001', 'Responsavel 16', 'responsavel16@aprimorar.dev', '61990000016', '90000000016', NOW(), NOW()),
    ('324b9f6f-4891-5298-9727-58a4d72e8eeb', 'Responsavel 17', 'responsavel17@aprimorar.dev', '61990000017', '90000000017', NOW(), NOW()),
    ('5416c636-56ea-5932-b2ba-9f085d66c123', 'Responsavel 18', 'responsavel18@aprimorar.dev', '61990000018', '90000000018', NOW(), NOW()),
    ('03d2b17a-2806-567f-86cb-89c82d35656c', 'Responsavel 19', 'responsavel19@aprimorar.dev', '61990000019', '90000000019', NOW(), NOW()),
    ('490ea8ff-2889-5791-89fd-1d5005efc59e', 'Responsavel 20', 'responsavel20@aprimorar.dev', '61990000020', '90000000020', NOW(), NOW()),
    ('0c5abd4d-545a-521c-a7cd-834a757fc74d', 'Responsavel 21', 'responsavel21@aprimorar.dev', '61990000021', '90000000021', NOW(), NOW()),
    ('88500783-76c6-5b9f-b983-3b6d21008357', 'Responsavel 22', 'responsavel22@aprimorar.dev', '61990000022', '90000000022', NOW(), NOW()),
    ('ddfee3b8-444f-5a1e-b0cb-5880a32b02df', 'Responsavel 23', 'responsavel23@aprimorar.dev', '61990000023', '90000000023', NOW(), NOW()),
    ('ebf185fb-09ce-5a37-99fc-506cbda90393', 'Responsavel 24', 'responsavel24@aprimorar.dev', '61990000024', '90000000024', NOW(), NOW()),
    ('d0c2c21e-2f83-55f9-990b-b772cd65dca0', 'Responsavel 25', 'responsavel25@aprimorar.dev', '61990000025', '90000000025', NOW(), NOW())
ON CONFLICT (id) DO NOTHING;

INSERT INTO tb_students (
    id,
    name,
    contact,
    email,
    birthdate,
    cpf,
    school,
    parent_id,
    street,
    number,
    district,
    city,
    state,
    zip,
    complement,
    created_at,
    updated_at
)
VALUES
    ('b0106e2c-9237-5982-8cf8-178833033127', 'Estudante 01', '61981110001', 'estudante01@aprimorar.dev', DATE '2005-01-01', '91000000001', 'Escola Aprimorar 2', '43a34679-d93a-5de4-8d16-cb5398b21448', 'Rua 2', '101', 'Bairro 2', 'Goiania', 'GO', '70000001', 'Apto 2', NOW(), NOW()),
    ('6abb66a2-f882-5425-a4f7-22d6825c6b01', 'Estudante 02', '61981110002', 'estudante02@aprimorar.dev', DATE '2006-02-02', '91000000002', 'Escola Aprimorar 3', '43a34679-d93a-5de4-8d16-cb5398b21448', 'Rua 3', '102', 'Bairro 3', 'Sao Paulo', 'SP', '70000002', NULL, NOW(), NOW()),
    ('936db9fa-f04e-5780-9d75-d52694565eea', 'Estudante 03', '61981110003', 'estudante03@aprimorar.dev', DATE '2007-03-03', '91000000003', 'Escola Aprimorar 4', '8ff28636-7ccf-595c-957c-fa095d4ab61a', 'Rua 4', '103', 'Bairro 4', 'Belo Horizonte', 'MG', '70000003', 'Casa', NOW(), NOW()),
    ('afb42761-065f-58a3-80e1-ed7500056069', 'Estudante 04', '61981110004', 'estudante04@aprimorar.dev', DATE '2008-04-04', '91000000004', 'Escola Aprimorar 5', '8ff28636-7ccf-595c-957c-fa095d4ab61a', 'Rua 5', '104', 'Bairro 5', 'Florianopolis', 'SC', '70000004', 'Apto 5', NOW(), NOW()),
    ('35b70c63-2c6a-53e7-82d5-e5d1626f145d', 'Estudante 05', '61981110005', 'estudante05@aprimorar.dev', DATE '2009-05-05', '91000000005', 'Escola Aprimorar 1', 'b7b7c555-83c6-5be0-814d-9d293d1f648a', 'Rua 6', '105', 'Bairro 6', 'Brasilia', 'DF', '70000005', NULL, NOW(), NOW()),
    ('f15564b5-4f22-58ac-9044-406b0e0ff00f', 'Estudante 06', '61981110006', 'estudante06@aprimorar.dev', DATE '2004-06-06', '91000000006', 'Escola Aprimorar 2', 'b7b7c555-83c6-5be0-814d-9d293d1f648a', 'Rua 7', '106', 'Bairro 7', 'Goiania', 'GO', '70000006', 'Casa', NOW(), NOW()),
    ('e2cd0442-86c2-5d4b-88ed-97e74f663c05', 'Estudante 07', '61981110007', 'estudante07@aprimorar.dev', DATE '2005-07-07', '91000000007', 'Escola Aprimorar 3', '370de26d-98a3-525b-ad29-e97f30cc2a6b', 'Rua 8', '107', 'Bairro 8', 'Sao Paulo', 'SP', '70000007', 'Apto 8', NOW(), NOW()),
    ('97da4941-36c7-58a4-a500-46e3080f3d81', 'Estudante 08', '61981110008', 'estudante08@aprimorar.dev', DATE '2006-08-08', '91000000008', 'Escola Aprimorar 4', '370de26d-98a3-525b-ad29-e97f30cc2a6b', 'Rua 9', '108', 'Bairro 9', 'Belo Horizonte', 'MG', '70000008', NULL, NOW(), NOW()),
    ('bb0b2dc0-5654-54d2-9d34-ffcc4071f874', 'Estudante 09', '61981110009', 'estudante09@aprimorar.dev', DATE '2007-09-09', '91000000009', 'Escola Aprimorar 5', '7db9974c-7111-5efb-bad8-a56007472cda', 'Rua 10', '109', 'Bairro 10', 'Florianopolis', 'SC', '70000009', 'Casa', NOW(), NOW()),
    ('ef123e34-d0a5-5218-9d9c-bcfd44d2c899', 'Estudante 10', '61981110010', 'estudante10@aprimorar.dev', DATE '2008-10-10', '91000000010', 'Escola Aprimorar 1', '7db9974c-7111-5efb-bad8-a56007472cda', 'Rua 11', '110', 'Bairro 1', 'Brasilia', 'DF', '70000010', 'Apto 11', NOW(), NOW()),
    ('48193cd1-067e-59da-bb29-f16f6eb7f2ef', 'Estudante 11', '61981110011', 'estudante11@aprimorar.dev', DATE '2009-11-11', '91000000011', 'Escola Aprimorar 2', 'ec13ce86-2f93-53b9-a4e8-3b2407b7cc2a', 'Rua 12', '111', 'Bairro 2', 'Goiania', 'GO', '70000011', NULL, NOW(), NOW()),
    ('6f9abdf3-8309-5f96-b863-feb3d5f02b0d', 'Estudante 12', '61981110012', 'estudante12@aprimorar.dev', DATE '2004-12-12', '91000000012', 'Escola Aprimorar 3', 'ec13ce86-2f93-53b9-a4e8-3b2407b7cc2a', 'Rua 13', '112', 'Bairro 3', 'Sao Paulo', 'SP', '70000012', 'Casa', NOW(), NOW()),
    ('564a10ca-5a22-553d-82a0-a88c4c9f9d32', 'Estudante 13', '61981110013', 'estudante13@aprimorar.dev', DATE '2005-01-13', '91000000013', 'Escola Aprimorar 4', '72e97202-c8b3-50c6-a18c-02c52ede4483', 'Rua 14', '113', 'Bairro 4', 'Belo Horizonte', 'MG', '70000013', 'Apto 14', NOW(), NOW()),
    ('cbb0f454-a535-5d49-9884-abe7940154fd', 'Estudante 14', '61981110014', 'estudante14@aprimorar.dev', DATE '2006-02-14', '91000000014', 'Escola Aprimorar 5', '72e97202-c8b3-50c6-a18c-02c52ede4483', 'Rua 15', '114', 'Bairro 5', 'Florianopolis', 'SC', '70000014', NULL, NOW(), NOW()),
    ('f9886414-6896-59d2-9bb7-eec6a95d7876', 'Estudante 15', '61981110015', 'estudante15@aprimorar.dev', DATE '2007-03-15', '91000000015', 'Escola Aprimorar 1', '7a2d6baa-0421-5fe7-bd64-8a4e81a99db8', 'Rua 16', '115', 'Bairro 6', 'Brasilia', 'DF', '70000015', 'Casa', NOW(), NOW()),
    ('d904ac56-bc36-5ec7-809f-7be9071e6257', 'Estudante 16', '61981110016', 'estudante16@aprimorar.dev', DATE '2008-04-16', '91000000016', 'Escola Aprimorar 2', '7a2d6baa-0421-5fe7-bd64-8a4e81a99db8', 'Rua 17', '116', 'Bairro 7', 'Goiania', 'GO', '70000016', 'Apto 17', NOW(), NOW()),
    ('342ec3d7-1ed9-511c-a8f7-23d941081b03', 'Estudante 17', '61981110017', 'estudante17@aprimorar.dev', DATE '2009-05-17', '91000000017', 'Escola Aprimorar 3', '41400036-c9f6-54dc-a8e2-f3b7ba482f30', 'Rua 18', '117', 'Bairro 8', 'Sao Paulo', 'SP', '70000017', NULL, NOW(), NOW()),
    ('04f72847-178d-5569-947c-6425dfe0d471', 'Estudante 18', '61981110018', 'estudante18@aprimorar.dev', DATE '2004-06-18', '91000000018', 'Escola Aprimorar 4', '41400036-c9f6-54dc-a8e2-f3b7ba482f30', 'Rua 19', '118', 'Bairro 9', 'Belo Horizonte', 'MG', '70000018', 'Casa', NOW(), NOW()),
    ('6248083e-f93f-5fb1-9d84-7ef06679ebe5', 'Estudante 19', '61981110019', 'estudante19@aprimorar.dev', DATE '2005-07-19', '91000000019', 'Escola Aprimorar 5', '0d6ddf43-50ed-5521-b875-8bf18900c5a1', 'Rua 20', '119', 'Bairro 10', 'Florianopolis', 'SC', '70000019', 'Apto 20', NOW(), NOW()),
    ('2a95bab0-25ce-5896-83fc-edb55a07887b', 'Estudante 20', '61981110020', 'estudante20@aprimorar.dev', DATE '2006-08-20', '91000000020', 'Escola Aprimorar 1', '0d6ddf43-50ed-5521-b875-8bf18900c5a1', 'Rua 1', '120', 'Bairro 1', 'Brasilia', 'DF', '70000020', NULL, NOW(), NOW()),
    ('8cca7267-163c-5cf5-bf3b-47cd945ccf9b', 'Estudante 21', '61981110021', 'estudante21@aprimorar.dev', DATE '2007-09-21', '91000000021', 'Escola Aprimorar 2', '4a529d4c-bb18-509a-9fde-ab5aab7a6a9d', 'Rua 2', '121', 'Bairro 2', 'Goiania', 'GO', '70000021', 'Casa', NOW(), NOW()),
    ('52075b47-77e2-57c5-ac92-ab60ddcb93a7', 'Estudante 22', '61981110022', 'estudante22@aprimorar.dev', DATE '2008-10-22', '91000000022', 'Escola Aprimorar 3', '4a529d4c-bb18-509a-9fde-ab5aab7a6a9d', 'Rua 3', '122', 'Bairro 3', 'Sao Paulo', 'SP', '70000022', 'Apto 3', NOW(), NOW()),
    ('48796907-e6d1-5777-8926-18531241e223', 'Estudante 23', '61981110023', 'estudante23@aprimorar.dev', DATE '2009-11-23', '91000000023', 'Escola Aprimorar 4', '6204790a-97bc-5613-b026-1a0917dc8fd7', 'Rua 4', '123', 'Bairro 4', 'Belo Horizonte', 'MG', '70000023', NULL, NOW(), NOW()),
    ('f50bbb9f-0cc3-5748-984b-e416cea3283b', 'Estudante 24', '61981110024', 'estudante24@aprimorar.dev', DATE '2004-12-24', '91000000024', 'Escola Aprimorar 5', '6204790a-97bc-5613-b026-1a0917dc8fd7', 'Rua 5', '124', 'Bairro 5', 'Florianopolis', 'SC', '70000024', 'Casa', NOW(), NOW()),
    ('d3c5f122-bc77-56d6-94c3-1ed86fac2b0e', 'Estudante 25', '61981110025', 'estudante25@aprimorar.dev', DATE '2005-01-25', '91000000025', 'Escola Aprimorar 1', '072f13f9-5671-56b0-8ae4-8bdac6b3f27b', 'Rua 6', '125', 'Bairro 6', 'Brasilia', 'DF', '70000025', 'Apto 6', NOW(), NOW()),
    ('d1e90345-e3a5-5f5f-81fd-8d0500fcbd26', 'Estudante 26', '61981110026', 'estudante26@aprimorar.dev', DATE '2006-02-26', '91000000026', 'Escola Aprimorar 2', '072f13f9-5671-56b0-8ae4-8bdac6b3f27b', 'Rua 7', '126', 'Bairro 7', 'Goiania', 'GO', '70000026', NULL, NOW(), NOW()),
    ('c18f5b03-a508-51a4-83d3-37e9dfde37f1', 'Estudante 27', '61981110027', 'estudante27@aprimorar.dev', DATE '2007-03-27', '91000000027', 'Escola Aprimorar 3', 'b51983b4-fbea-5a0f-a1f9-84bf66d47393', 'Rua 8', '127', 'Bairro 8', 'Sao Paulo', 'SP', '70000027', 'Casa', NOW(), NOW()),
    ('80f02efa-81b4-5864-bfc7-ab490c0b198b', 'Estudante 28', '61981110028', 'estudante28@aprimorar.dev', DATE '2008-04-28', '91000000028', 'Escola Aprimorar 4', 'b51983b4-fbea-5a0f-a1f9-84bf66d47393', 'Rua 9', '128', 'Bairro 9', 'Belo Horizonte', 'MG', '70000028', 'Apto 9', NOW(), NOW()),
    ('81f84f4b-cf38-5ba1-b9fe-a7d5fc854737', 'Estudante 29', '61981110029', 'estudante29@aprimorar.dev', DATE '2009-05-01', '91000000029', 'Escola Aprimorar 5', '3936b630-efc9-54d4-8ee3-81fdb333372a', 'Rua 10', '129', 'Bairro 10', 'Florianopolis', 'SC', '70000029', NULL, NOW(), NOW()),
    ('b6e81061-e85f-5791-b767-36c223f32af7', 'Estudante 30', '61981110030', 'estudante30@aprimorar.dev', DATE '2004-06-02', '91000000030', 'Escola Aprimorar 1', '3936b630-efc9-54d4-8ee3-81fdb333372a', 'Rua 11', '130', 'Bairro 1', 'Brasilia', 'DF', '70000030', 'Casa', NOW(), NOW()),
    ('daa615d6-ce7b-548d-8cac-fb4da27058e4', 'Estudante 31', '61981110031', 'estudante31@aprimorar.dev', DATE '2005-07-03', '91000000031', 'Escola Aprimorar 2', '8019bfb4-6221-517e-ad29-89631a0c6001', 'Rua 12', '131', 'Bairro 2', 'Goiania', 'GO', '70000031', 'Apto 12', NOW(), NOW()),
    ('7790c9f0-cc6a-5fa6-b48f-5eee1d3c1745', 'Estudante 32', '61981110032', 'estudante32@aprimorar.dev', DATE '2006-08-04', '91000000032', 'Escola Aprimorar 3', '8019bfb4-6221-517e-ad29-89631a0c6001', 'Rua 13', '132', 'Bairro 3', 'Sao Paulo', 'SP', '70000032', NULL, NOW(), NOW()),
    ('292fc152-7f3c-5671-ae7e-ef53fddcf0ac', 'Estudante 33', '61981110033', 'estudante33@aprimorar.dev', DATE '2007-09-05', '91000000033', 'Escola Aprimorar 4', '324b9f6f-4891-5298-9727-58a4d72e8eeb', 'Rua 14', '133', 'Bairro 4', 'Belo Horizonte', 'MG', '70000033', 'Casa', NOW(), NOW()),
    ('e5a85be0-8ba3-5c0f-bb90-f7282eaad3d3', 'Estudante 34', '61981110034', 'estudante34@aprimorar.dev', DATE '2008-10-06', '91000000034', 'Escola Aprimorar 5', '324b9f6f-4891-5298-9727-58a4d72e8eeb', 'Rua 15', '134', 'Bairro 5', 'Florianopolis', 'SC', '70000034', 'Apto 15', NOW(), NOW()),
    ('6588f28e-361b-55af-9627-0aad6aea8934', 'Estudante 35', '61981110035', 'estudante35@aprimorar.dev', DATE '2009-11-07', '91000000035', 'Escola Aprimorar 1', '5416c636-56ea-5932-b2ba-9f085d66c123', 'Rua 16', '135', 'Bairro 6', 'Brasilia', 'DF', '70000035', NULL, NOW(), NOW()),
    ('d88c2beb-ddae-55fc-8742-e6640f81fb09', 'Estudante 36', '61981110036', 'estudante36@aprimorar.dev', DATE '2004-12-08', '91000000036', 'Escola Aprimorar 2', '5416c636-56ea-5932-b2ba-9f085d66c123', 'Rua 17', '136', 'Bairro 7', 'Goiania', 'GO', '70000036', 'Casa', NOW(), NOW()),
    ('d53cad89-93b4-5474-a6f6-87e281789a4e', 'Estudante 37', '61981110037', 'estudante37@aprimorar.dev', DATE '2005-01-09', '91000000037', 'Escola Aprimorar 3', '03d2b17a-2806-567f-86cb-89c82d35656c', 'Rua 18', '137', 'Bairro 8', 'Sao Paulo', 'SP', '70000037', 'Apto 18', NOW(), NOW()),
    ('e1e36a99-240b-55bf-8074-5ac96d8b5274', 'Estudante 38', '61981110038', 'estudante38@aprimorar.dev', DATE '2006-02-10', '91000000038', 'Escola Aprimorar 4', '03d2b17a-2806-567f-86cb-89c82d35656c', 'Rua 19', '138', 'Bairro 9', 'Belo Horizonte', 'MG', '70000038', NULL, NOW(), NOW()),
    ('e0b57dda-4e1d-5cb2-9d17-c5d54b37c374', 'Estudante 39', '61981110039', 'estudante39@aprimorar.dev', DATE '2007-03-11', '91000000039', 'Escola Aprimorar 5', '490ea8ff-2889-5791-89fd-1d5005efc59e', 'Rua 20', '139', 'Bairro 10', 'Florianopolis', 'SC', '70000039', 'Casa', NOW(), NOW()),
    ('3834850e-6d3e-5d92-bf1d-d2dae51f87ef', 'Estudante 40', '61981110040', 'estudante40@aprimorar.dev', DATE '2008-04-12', '91000000040', 'Escola Aprimorar 1', '490ea8ff-2889-5791-89fd-1d5005efc59e', 'Rua 1', '140', 'Bairro 1', 'Brasilia', 'DF', '70000040', 'Apto 1', NOW(), NOW()),
    ('d757eb0e-05ec-540b-b09a-68e11b37a2ad', 'Estudante 41', '61981110041', 'estudante41@aprimorar.dev', DATE '2009-05-13', '91000000041', 'Escola Aprimorar 2', '0c5abd4d-545a-521c-a7cd-834a757fc74d', 'Rua 2', '141', 'Bairro 2', 'Goiania', 'GO', '70000041', NULL, NOW(), NOW()),
    ('32f2f665-2161-5d5b-a42f-edb2a1e682f0', 'Estudante 42', '61981110042', 'estudante42@aprimorar.dev', DATE '2004-06-14', '91000000042', 'Escola Aprimorar 3', '0c5abd4d-545a-521c-a7cd-834a757fc74d', 'Rua 3', '142', 'Bairro 3', 'Sao Paulo', 'SP', '70000042', 'Casa', NOW(), NOW()),
    ('1d34a913-d2c6-57c0-8a86-5623f0417400', 'Estudante 43', '61981110043', 'estudante43@aprimorar.dev', DATE '2005-07-15', '91000000043', 'Escola Aprimorar 4', '88500783-76c6-5b9f-b983-3b6d21008357', 'Rua 4', '143', 'Bairro 4', 'Belo Horizonte', 'MG', '70000043', 'Apto 4', NOW(), NOW()),
    ('49d50a76-8d8f-5dd6-b714-2dbe63afcab4', 'Estudante 44', '61981110044', 'estudante44@aprimorar.dev', DATE '2006-08-16', '91000000044', 'Escola Aprimorar 5', '88500783-76c6-5b9f-b983-3b6d21008357', 'Rua 5', '144', 'Bairro 5', 'Florianopolis', 'SC', '70000044', NULL, NOW(), NOW()),
    ('d65c9f6e-b00a-5d95-ab2d-f695d0f3705a', 'Estudante 45', '61981110045', 'estudante45@aprimorar.dev', DATE '2007-09-17', '91000000045', 'Escola Aprimorar 1', 'ddfee3b8-444f-5a1e-b0cb-5880a32b02df', 'Rua 6', '145', 'Bairro 6', 'Brasilia', 'DF', '70000045', 'Casa', NOW(), NOW()),
    ('063018a5-b6c7-55bb-93b9-059745f44990', 'Estudante 46', '61981110046', 'estudante46@aprimorar.dev', DATE '2008-10-18', '91000000046', 'Escola Aprimorar 2', 'ddfee3b8-444f-5a1e-b0cb-5880a32b02df', 'Rua 7', '146', 'Bairro 7', 'Goiania', 'GO', '70000046', 'Apto 7', NOW(), NOW()),
    ('d7576c3f-5119-54fc-88c8-76e5e2c693e3', 'Estudante 47', '61981110047', 'estudante47@aprimorar.dev', DATE '2009-11-19', '91000000047', 'Escola Aprimorar 3', 'ebf185fb-09ce-5a37-99fc-506cbda90393', 'Rua 8', '147', 'Bairro 8', 'Sao Paulo', 'SP', '70000047', NULL, NOW(), NOW()),
    ('90eb4fa5-0ae3-5d0d-8147-d6e71d533335', 'Estudante 48', '61981110048', 'estudante48@aprimorar.dev', DATE '2004-12-20', '91000000048', 'Escola Aprimorar 4', 'ebf185fb-09ce-5a37-99fc-506cbda90393', 'Rua 9', '148', 'Bairro 9', 'Belo Horizonte', 'MG', '70000048', 'Casa', NOW(), NOW()),
    ('b07fb55f-203e-5e4e-b6f8-0ecf08a3cd88', 'Estudante 49', '61981110049', 'estudante49@aprimorar.dev', DATE '2005-01-21', '91000000049', 'Escola Aprimorar 5', 'd0c2c21e-2f83-55f9-990b-b772cd65dca0', 'Rua 10', '149', 'Bairro 10', 'Florianopolis', 'SC', '70000049', 'Apto 10', NOW(), NOW()),
    ('7b710823-5b38-5ea8-838b-55d87fc2dc05', 'Estudante 50', '61981110050', 'estudante50@aprimorar.dev', DATE '2006-02-22', '91000000050', 'Escola Aprimorar 1', 'd0c2c21e-2f83-55f9-990b-b772cd65dca0', 'Rua 11', '150', 'Bairro 1', 'Brasilia', 'DF', '70000050', NULL, NOW(), NOW())
ON CONFLICT (id) DO NOTHING;

INSERT INTO tb_employees (
    id,
    name,
    birthdate,
    pix,
    contact,
    cpf,
    email,
    duty,
    created_at,
    updated_at
)
VALUES
    ('f4a33534-19e3-54bc-a701-6ac42a696bf5', 'Professor 01', DATE '1986-04-09', 'professor01@pix.aprimorar', '61972220001', '92000000001', 'professor01@aprimorar.dev', 'TEACHER', NOW(), NOW()),
    ('01d0c476-3210-5a0c-b4b2-2085ffff507d', 'Professor 02', DATE '1987-05-10', 'professor02@pix.aprimorar', '61972220002', '92000000002', 'professor02@aprimorar.dev', 'TEACHER', NOW(), NOW()),
    ('4f67c510-bfd3-5b0f-8009-8610c3a4b16d', 'Professor 03', DATE '1988-06-11', 'professor03@pix.aprimorar', '61972220003', '92000000003', 'professor03@aprimorar.dev', 'TEACHER', NOW(), NOW()),
    ('e5e7469a-6b34-52b6-831a-266f1772388f', 'Professor 04', DATE '1989-07-12', 'professor04@pix.aprimorar', '61972220004', '92000000004', 'professor04@aprimorar.dev', 'TEACHER', NOW(), NOW()),
    ('365056ad-a355-53e5-ad82-12951b931410', 'Professor 05', DATE '1990-08-13', 'professor05@pix.aprimorar', '61972220005', '92000000005', 'professor05@aprimorar.dev', 'TEACHER', NOW(), NOW()),
    ('03ea8fec-de3b-5533-b7a1-b506a46034f9', 'Professor 06', DATE '1991-09-14', 'professor06@pix.aprimorar', '61972220006', '92000000006', 'professor06@aprimorar.dev', 'TEACHER', NOW(), NOW()),
    ('a4efb7e9-29a7-53c5-aca5-b7d833588fcc', 'Professor 07', DATE '1992-10-15', 'professor07@pix.aprimorar', '61972220007', '92000000007', 'professor07@aprimorar.dev', 'TEACHER', NOW(), NOW()),
    ('1912612a-aeb9-5c2b-80f9-c7d27ec2eaab', 'Professor 08', DATE '1985-11-16', 'professor08@pix.aprimorar', '61972220008', '92000000008', 'professor08@aprimorar.dev', 'TEACHER', NOW(), NOW()),
    ('0f57ee02-0088-5683-8a3e-a566324d5f02', 'Professor 09', DATE '1986-12-17', 'professor09@pix.aprimorar', '61972220009', '92000000009', 'professor09@aprimorar.dev', 'TEACHER', NOW(), NOW()),
    ('c2668eb9-a84c-50bd-8dd4-d050de46381a', 'Professor 10', DATE '1987-01-18', 'professor10@pix.aprimorar', '61972220010', '92000000010', 'professor10@aprimorar.dev', 'TEACHER', NOW(), NOW())
ON CONFLICT (id) DO NOTHING;

INSERT INTO tb_events (
    id,
    title,
    description,
    start_date_time,
    end_date_time,
    price,
    payment,
    content,
    student_id,
    employee_id,
    created_at,
    updated_at
)
VALUES
    ('bfcbdc00-83d5-5733-8bda-c62c24c75afd', 'Aula 001', 'Aula planejada para a turma 1', TIMESTAMP '2026-01-01 08:00:00', TIMESTAMP '2026-01-01 09:00:00', 135.00, 67.50, 'AULA', 'b0106e2c-9237-5982-8cf8-178833033127', 'f4a33534-19e3-54bc-a701-6ac42a696bf5', NOW(), NOW()),
    ('97d46c05-e9b9-5657-9920-ecb377e6fada', 'Aula 002', 'Aula planejada para a turma 2', TIMESTAMP '2026-01-02 10:00:00', TIMESTAMP '2026-01-02 11:00:00', 150.00, 0.00, 'MENTORIA', '6abb66a2-f882-5425-a4f7-22d6825c6b01', '01d0c476-3210-5a0c-b4b2-2085ffff507d', NOW(), NOW()),
    ('503364c6-11a6-5870-adcd-c3a262a28aa9', 'Aula 003', 'Aula planejada para a turma 3', TIMESTAMP '2026-01-03 14:00:00', TIMESTAMP '2026-01-03 15:00:00', 165.00, 135.00, 'TERAPIA', '936db9fa-f04e-5780-9d75-d52694565eea', '4f67c510-bfd3-5b0f-8009-8610c3a4b16d', NOW(), NOW()),
    ('281f38de-071f-56e4-9f6a-32254dad078a', 'Aula 004', 'Aula planejada para a turma 4', TIMESTAMP '2026-01-04 16:00:00', TIMESTAMP '2026-01-04 17:00:00', 180.00, 170.00, 'ORIENTACAO_VOCACIONAL', 'afb42761-065f-58a3-80e1-ed7500056069', 'e5e7469a-6b34-52b6-831a-266f1772388f', NOW(), NOW()),
    ('8fe763cd-9747-52b8-a7dd-58fe428f0269', 'Aula 005', 'Aula planejada para a turma 5', TIMESTAMP '2026-01-05 08:00:00', TIMESTAMP '2026-01-05 09:00:00', 195.00, 195.00, 'ENEM', '35b70c63-2c6a-53e7-82d5-e5d1626f145d', '365056ad-a355-53e5-ad82-12951b931410', NOW(), NOW()),
    ('2b750301-96a3-5eb2-8a0f-8b0d31c0a6e8', 'Aula 006', 'Aula planejada para a turma 6', TIMESTAMP '2026-01-06 10:00:00', TIMESTAMP '2026-01-06 11:00:00', 210.00, 105.00, 'PAS', 'f15564b5-4f22-58ac-9044-406b0e0ff00f', '03ea8fec-de3b-5533-b7a1-b506a46034f9', NOW(), NOW()),
    ('0c09843f-6037-574b-a6ef-4323568d862a', 'Aula 007', 'Aula planejada para a turma 7', TIMESTAMP '2026-01-07 14:00:00', TIMESTAMP '2026-01-07 15:00:00', 225.00, 0.00, 'OUTRO', 'e2cd0442-86c2-5d4b-88ed-97e74f663c05', 'a4efb7e9-29a7-53c5-aca5-b7d833588fcc', NOW(), NOW()),
    ('07b317db-66c1-5c62-b74e-8105b2ad954a', 'Aula 008', 'Aula planejada para a turma 8', TIMESTAMP '2026-01-08 16:00:00', TIMESTAMP '2026-01-08 17:00:00', 240.00, 210.00, 'AULA', '97da4941-36c7-58a4-a500-46e3080f3d81', '1912612a-aeb9-5c2b-80f9-c7d27ec2eaab', NOW(), NOW()),
    ('5be6dc67-9df6-55f7-9592-f245d50f6460', 'Aula 009', 'Aula planejada para a turma 9', TIMESTAMP '2026-01-09 08:00:00', TIMESTAMP '2026-01-09 09:00:00', 120.00, 110.00, 'MENTORIA', 'bb0b2dc0-5654-54d2-9d34-ffcc4071f874', '0f57ee02-0088-5683-8a3e-a566324d5f02', NOW(), NOW()),
    ('87d83515-95a1-5379-bdd7-4ab5ddaf662c', 'Aula 010', 'Aula planejada para a turma 10', TIMESTAMP '2026-01-10 10:00:00', TIMESTAMP '2026-01-10 11:00:00', 135.00, 135.00, 'TERAPIA', 'ef123e34-d0a5-5218-9d9c-bcfd44d2c899', 'c2668eb9-a84c-50bd-8dd4-d050de46381a', NOW(), NOW()),
    ('7f72cdd9-6772-5267-b1a3-21fa49f5cd3a', 'Aula 011', 'Aula planejada para a turma 11', TIMESTAMP '2026-01-11 14:00:00', TIMESTAMP '2026-01-11 15:00:00', 150.00, 75.00, 'ORIENTACAO_VOCACIONAL', '48193cd1-067e-59da-bb29-f16f6eb7f2ef', 'f4a33534-19e3-54bc-a701-6ac42a696bf5', NOW(), NOW()),
    ('a1c4abf0-a767-5bc5-9103-bad439e32bc1', 'Aula 012', 'Aula planejada para a turma 12', TIMESTAMP '2026-01-12 16:00:00', TIMESTAMP '2026-01-12 17:00:00', 165.00, 0.00, 'ENEM', '6f9abdf3-8309-5f96-b863-feb3d5f02b0d', '01d0c476-3210-5a0c-b4b2-2085ffff507d', NOW(), NOW()),
    ('beafc52e-40da-5193-8a35-01d5488bfeec', 'Aula 013', 'Aula planejada para a turma 13', TIMESTAMP '2026-01-13 08:00:00', TIMESTAMP '2026-01-13 09:00:00', 180.00, 150.00, 'PAS', '564a10ca-5a22-553d-82a0-a88c4c9f9d32', '4f67c510-bfd3-5b0f-8009-8610c3a4b16d', NOW(), NOW()),
    ('ab373afe-ee50-5cdb-826d-a88a5105cbd4', 'Aula 014', 'Aula planejada para a turma 14', TIMESTAMP '2026-01-14 10:00:00', TIMESTAMP '2026-01-14 11:00:00', 195.00, 185.00, 'OUTRO', 'cbb0f454-a535-5d49-9884-abe7940154fd', 'e5e7469a-6b34-52b6-831a-266f1772388f', NOW(), NOW()),
    ('cb7a1333-2598-5a5e-aacc-42ec13d9e1f7', 'Aula 015', 'Aula planejada para a turma 15', TIMESTAMP '2026-01-15 14:00:00', TIMESTAMP '2026-01-15 15:00:00', 210.00, 210.00, 'AULA', 'f9886414-6896-59d2-9bb7-eec6a95d7876', '365056ad-a355-53e5-ad82-12951b931410', NOW(), NOW()),
    ('f95d4b95-9422-539d-a784-1e3b5abc9c48', 'Aula 016', 'Aula planejada para a turma 16', TIMESTAMP '2026-01-16 16:00:00', TIMESTAMP '2026-01-16 17:00:00', 225.00, 112.50, 'MENTORIA', 'd904ac56-bc36-5ec7-809f-7be9071e6257', '03ea8fec-de3b-5533-b7a1-b506a46034f9', NOW(), NOW()),
    ('e52b3b0f-fab4-583b-b473-b5d181af0240', 'Aula 017', 'Aula planejada para a turma 17', TIMESTAMP '2026-01-17 08:00:00', TIMESTAMP '2026-01-17 09:00:00', 240.00, 0.00, 'TERAPIA', '342ec3d7-1ed9-511c-a8f7-23d941081b03', 'a4efb7e9-29a7-53c5-aca5-b7d833588fcc', NOW(), NOW()),
    ('16af54d3-76fb-5c2f-ba4a-34aa1aa59310', 'Aula 018', 'Aula planejada para a turma 18', TIMESTAMP '2026-01-18 10:00:00', TIMESTAMP '2026-01-18 11:00:00', 120.00, 90.00, 'ORIENTACAO_VOCACIONAL', '04f72847-178d-5569-947c-6425dfe0d471', '1912612a-aeb9-5c2b-80f9-c7d27ec2eaab', NOW(), NOW()),
    ('4693274c-8914-519a-9047-88409b20e359', 'Aula 019', 'Aula planejada para a turma 19', TIMESTAMP '2026-01-19 14:00:00', TIMESTAMP '2026-01-19 15:00:00', 135.00, 125.00, 'ENEM', '6248083e-f93f-5fb1-9d84-7ef06679ebe5', '0f57ee02-0088-5683-8a3e-a566324d5f02', NOW(), NOW()),
    ('9914a074-a99f-5b28-a040-91f3b98f7165', 'Aula 020', 'Aula planejada para a turma 20', TIMESTAMP '2026-01-20 16:00:00', TIMESTAMP '2026-01-20 17:00:00', 150.00, 150.00, 'PAS', '2a95bab0-25ce-5896-83fc-edb55a07887b', 'c2668eb9-a84c-50bd-8dd4-d050de46381a', NOW(), NOW()),
    ('27b5ebda-49dc-5a40-b48c-b2dc630470a6', 'Aula 021', 'Aula planejada para a turma 1', TIMESTAMP '2026-01-21 08:00:00', TIMESTAMP '2026-01-21 09:00:00', 165.00, 82.50, 'OUTRO', '8cca7267-163c-5cf5-bf3b-47cd945ccf9b', 'f4a33534-19e3-54bc-a701-6ac42a696bf5', NOW(), NOW()),
    ('89c538cb-4dea-51db-a5ad-2f2129404941', 'Aula 022', 'Aula planejada para a turma 2', TIMESTAMP '2026-01-22 10:00:00', TIMESTAMP '2026-01-22 11:00:00', 180.00, 0.00, 'AULA', '52075b47-77e2-57c5-ac92-ab60ddcb93a7', '01d0c476-3210-5a0c-b4b2-2085ffff507d', NOW(), NOW()),
    ('d3bc4354-373d-512f-a6be-dc9a09e11527', 'Aula 023', 'Aula planejada para a turma 3', TIMESTAMP '2026-01-23 14:00:00', TIMESTAMP '2026-01-23 15:00:00', 195.00, 165.00, 'MENTORIA', '48796907-e6d1-5777-8926-18531241e223', '4f67c510-bfd3-5b0f-8009-8610c3a4b16d', NOW(), NOW()),
    ('0136e228-ec7f-5bcb-9205-860a623a520c', 'Aula 024', 'Aula planejada para a turma 4', TIMESTAMP '2026-01-24 16:00:00', TIMESTAMP '2026-01-24 17:00:00', 210.00, 200.00, 'TERAPIA', 'f50bbb9f-0cc3-5748-984b-e416cea3283b', 'e5e7469a-6b34-52b6-831a-266f1772388f', NOW(), NOW()),
    ('c54ed9b1-1090-547e-af4e-5f75261d6c72', 'Aula 025', 'Aula planejada para a turma 5', TIMESTAMP '2026-01-25 08:00:00', TIMESTAMP '2026-01-25 09:00:00', 225.00, 225.00, 'ORIENTACAO_VOCACIONAL', 'd3c5f122-bc77-56d6-94c3-1ed86fac2b0e', '365056ad-a355-53e5-ad82-12951b931410', NOW(), NOW()),
    ('c0860508-51b4-52eb-855e-98f7dc50ae67', 'Aula 026', 'Aula planejada para a turma 6', TIMESTAMP '2026-01-26 10:00:00', TIMESTAMP '2026-01-26 11:00:00', 240.00, 120.00, 'ENEM', 'd1e90345-e3a5-5f5f-81fd-8d0500fcbd26', '03ea8fec-de3b-5533-b7a1-b506a46034f9', NOW(), NOW()),
    ('46b96ec1-1273-54fb-889a-0597cd0fddf0', 'Aula 027', 'Aula planejada para a turma 7', TIMESTAMP '2026-01-27 14:00:00', TIMESTAMP '2026-01-27 15:00:00', 120.00, 0.00, 'PAS', 'c18f5b03-a508-51a4-83d3-37e9dfde37f1', 'a4efb7e9-29a7-53c5-aca5-b7d833588fcc', NOW(), NOW()),
    ('ca9c8415-fe23-5e34-a943-813cbfff32a9', 'Aula 028', 'Aula planejada para a turma 8', TIMESTAMP '2026-01-28 16:00:00', TIMESTAMP '2026-01-28 17:00:00', 135.00, 105.00, 'OUTRO', '80f02efa-81b4-5864-bfc7-ab490c0b198b', '1912612a-aeb9-5c2b-80f9-c7d27ec2eaab', NOW(), NOW()),
    ('0fc89fcc-6406-5fac-8b6c-d8e6148e2003', 'Aula 029', 'Aula planejada para a turma 9', TIMESTAMP '2026-01-29 08:00:00', TIMESTAMP '2026-01-29 09:00:00', 150.00, 140.00, 'AULA', '81f84f4b-cf38-5ba1-b9fe-a7d5fc854737', '0f57ee02-0088-5683-8a3e-a566324d5f02', NOW(), NOW()),
    ('c9a9f3b5-c683-544b-9937-c91117ee290f', 'Aula 030', 'Aula planejada para a turma 10', TIMESTAMP '2026-01-30 10:00:00', TIMESTAMP '2026-01-30 11:00:00', 165.00, 165.00, 'MENTORIA', 'b6e81061-e85f-5791-b767-36c223f32af7', 'c2668eb9-a84c-50bd-8dd4-d050de46381a', NOW(), NOW()),
    ('41e6b9f6-c048-5db9-b81a-8f500e6ad40f', 'Aula 031', 'Aula planejada para a turma 11', TIMESTAMP '2026-01-31 14:00:00', TIMESTAMP '2026-01-31 15:00:00', 180.00, 90.00, 'TERAPIA', 'daa615d6-ce7b-548d-8cac-fb4da27058e4', 'f4a33534-19e3-54bc-a701-6ac42a696bf5', NOW(), NOW()),
    ('4412712d-8940-5e59-803f-32361155c24c', 'Aula 032', 'Aula planejada para a turma 12', TIMESTAMP '2026-02-01 16:00:00', TIMESTAMP '2026-02-01 17:00:00', 195.00, 0.00, 'ORIENTACAO_VOCACIONAL', '7790c9f0-cc6a-5fa6-b48f-5eee1d3c1745', '01d0c476-3210-5a0c-b4b2-2085ffff507d', NOW(), NOW()),
    ('906e4f37-35d1-59ea-99ed-75cf44f17b58', 'Aula 033', 'Aula planejada para a turma 13', TIMESTAMP '2026-02-02 08:00:00', TIMESTAMP '2026-02-02 09:00:00', 210.00, 180.00, 'ENEM', '292fc152-7f3c-5671-ae7e-ef53fddcf0ac', '4f67c510-bfd3-5b0f-8009-8610c3a4b16d', NOW(), NOW()),
    ('9dba89a7-7078-52f9-88d0-10517272ef8d', 'Aula 034', 'Aula planejada para a turma 14', TIMESTAMP '2026-02-03 10:00:00', TIMESTAMP '2026-02-03 11:00:00', 225.00, 215.00, 'PAS', 'e5a85be0-8ba3-5c0f-bb90-f7282eaad3d3', 'e5e7469a-6b34-52b6-831a-266f1772388f', NOW(), NOW()),
    ('b5387167-ca30-54a1-a3c1-b58df01a2b20', 'Aula 035', 'Aula planejada para a turma 15', TIMESTAMP '2026-02-04 14:00:00', TIMESTAMP '2026-02-04 15:00:00', 240.00, 240.00, 'OUTRO', '6588f28e-361b-55af-9627-0aad6aea8934', '365056ad-a355-53e5-ad82-12951b931410', NOW(), NOW()),
    ('786d33d1-0071-5241-a762-ac8772424a6e', 'Aula 036', 'Aula planejada para a turma 16', TIMESTAMP '2026-02-05 16:00:00', TIMESTAMP '2026-02-05 17:00:00', 120.00, 60.00, 'AULA', 'd88c2beb-ddae-55fc-8742-e6640f81fb09', '03ea8fec-de3b-5533-b7a1-b506a46034f9', NOW(), NOW()),
    ('6771c172-e092-5bec-9a90-28b93e8dd9a1', 'Aula 037', 'Aula planejada para a turma 17', TIMESTAMP '2026-02-06 08:00:00', TIMESTAMP '2026-02-06 09:00:00', 135.00, 0.00, 'MENTORIA', 'd53cad89-93b4-5474-a6f6-87e281789a4e', 'a4efb7e9-29a7-53c5-aca5-b7d833588fcc', NOW(), NOW()),
    ('eb7355ef-9d15-57af-8c75-39ae06f0e48e', 'Aula 038', 'Aula planejada para a turma 18', TIMESTAMP '2026-02-07 10:00:00', TIMESTAMP '2026-02-07 11:00:00', 150.00, 120.00, 'TERAPIA', 'e1e36a99-240b-55bf-8074-5ac96d8b5274', '1912612a-aeb9-5c2b-80f9-c7d27ec2eaab', NOW(), NOW()),
    ('326a18ed-b4b7-5d01-b775-13b7792757f3', 'Aula 039', 'Aula planejada para a turma 19', TIMESTAMP '2026-02-08 14:00:00', TIMESTAMP '2026-02-08 15:00:00', 165.00, 155.00, 'ORIENTACAO_VOCACIONAL', 'e0b57dda-4e1d-5cb2-9d17-c5d54b37c374', '0f57ee02-0088-5683-8a3e-a566324d5f02', NOW(), NOW()),
    ('825031d9-564f-58f8-96d0-809e7cdafa5e', 'Aula 040', 'Aula planejada para a turma 20', TIMESTAMP '2026-02-09 16:00:00', TIMESTAMP '2026-02-09 17:00:00', 180.00, 180.00, 'ENEM', '3834850e-6d3e-5d92-bf1d-d2dae51f87ef', 'c2668eb9-a84c-50bd-8dd4-d050de46381a', NOW(), NOW()),
    ('fe04bdd2-9d66-542b-8ebb-b9a4a3d773c4', 'Aula 041', 'Aula planejada para a turma 1', TIMESTAMP '2026-02-10 08:00:00', TIMESTAMP '2026-02-10 09:00:00', 195.00, 97.50, 'PAS', 'd757eb0e-05ec-540b-b09a-68e11b37a2ad', 'f4a33534-19e3-54bc-a701-6ac42a696bf5', NOW(), NOW()),
    ('ef81f565-96d1-5691-80fd-f23360819959', 'Aula 042', 'Aula planejada para a turma 2', TIMESTAMP '2026-02-11 10:00:00', TIMESTAMP '2026-02-11 11:00:00', 210.00, 0.00, 'OUTRO', '32f2f665-2161-5d5b-a42f-edb2a1e682f0', '01d0c476-3210-5a0c-b4b2-2085ffff507d', NOW(), NOW()),
    ('030ce3a2-ecf5-5f73-b4f6-a18d29067c6d', 'Aula 043', 'Aula planejada para a turma 3', TIMESTAMP '2026-02-12 14:00:00', TIMESTAMP '2026-02-12 15:00:00', 225.00, 195.00, 'AULA', '1d34a913-d2c6-57c0-8a86-5623f0417400', '4f67c510-bfd3-5b0f-8009-8610c3a4b16d', NOW(), NOW()),
    ('f97c778b-4d88-565d-8f74-4ba4b174765b', 'Aula 044', 'Aula planejada para a turma 4', TIMESTAMP '2026-02-13 16:00:00', TIMESTAMP '2026-02-13 17:00:00', 240.00, 230.00, 'MENTORIA', '49d50a76-8d8f-5dd6-b714-2dbe63afcab4', 'e5e7469a-6b34-52b6-831a-266f1772388f', NOW(), NOW()),
    ('c803121e-116d-5d92-ad7a-c2459e8b058b', 'Aula 045', 'Aula planejada para a turma 5', TIMESTAMP '2026-02-14 08:00:00', TIMESTAMP '2026-02-14 09:00:00', 120.00, 120.00, 'TERAPIA', 'd65c9f6e-b00a-5d95-ab2d-f695d0f3705a', '365056ad-a355-53e5-ad82-12951b931410', NOW(), NOW()),
    ('8e688bb8-8db8-51c5-a2c2-7920f9540ecd', 'Aula 046', 'Aula planejada para a turma 6', TIMESTAMP '2026-02-15 10:00:00', TIMESTAMP '2026-02-15 11:00:00', 135.00, 67.50, 'ORIENTACAO_VOCACIONAL', '063018a5-b6c7-55bb-93b9-059745f44990', '03ea8fec-de3b-5533-b7a1-b506a46034f9', NOW(), NOW()),
    ('651f0c3a-50c2-53c8-ae5f-dba37edb281e', 'Aula 047', 'Aula planejada para a turma 7', TIMESTAMP '2026-02-16 14:00:00', TIMESTAMP '2026-02-16 15:00:00', 150.00, 0.00, 'ENEM', 'd7576c3f-5119-54fc-88c8-76e5e2c693e3', 'a4efb7e9-29a7-53c5-aca5-b7d833588fcc', NOW(), NOW()),
    ('e0511c74-aa8a-565b-bed2-849be68b7888', 'Aula 048', 'Aula planejada para a turma 8', TIMESTAMP '2026-02-17 16:00:00', TIMESTAMP '2026-02-17 17:00:00', 165.00, 135.00, 'PAS', '90eb4fa5-0ae3-5d0d-8147-d6e71d533335', '1912612a-aeb9-5c2b-80f9-c7d27ec2eaab', NOW(), NOW()),
    ('463acabb-518e-570a-92ca-2de86c766120', 'Aula 049', 'Aula planejada para a turma 9', TIMESTAMP '2026-02-18 08:00:00', TIMESTAMP '2026-02-18 09:00:00', 180.00, 170.00, 'OUTRO', 'b07fb55f-203e-5e4e-b6f8-0ecf08a3cd88', '0f57ee02-0088-5683-8a3e-a566324d5f02', NOW(), NOW()),
    ('e59da764-a3ef-5fa4-acc7-a28806a25a1d', 'Aula 050', 'Aula planejada para a turma 10', TIMESTAMP '2026-02-19 10:00:00', TIMESTAMP '2026-02-19 11:00:00', 195.00, 195.00, 'AULA', '7b710823-5b38-5ea8-838b-55d87fc2dc05', 'c2668eb9-a84c-50bd-8dd4-d050de46381a', NOW(), NOW()),
    ('42d64cb7-2946-5a99-a3cd-deace3f7cbe3', 'Aula 051', 'Aula planejada para a turma 11', TIMESTAMP '2026-02-20 14:00:00', TIMESTAMP '2026-02-20 15:00:00', 210.00, 105.00, 'MENTORIA', 'b0106e2c-9237-5982-8cf8-178833033127', 'f4a33534-19e3-54bc-a701-6ac42a696bf5', NOW(), NOW()),
    ('a1b2ef23-fa3a-5385-9c9e-9c7c083665ba', 'Aula 052', 'Aula planejada para a turma 12', TIMESTAMP '2026-02-21 16:00:00', TIMESTAMP '2026-02-21 17:00:00', 225.00, 0.00, 'TERAPIA', '6abb66a2-f882-5425-a4f7-22d6825c6b01', '01d0c476-3210-5a0c-b4b2-2085ffff507d', NOW(), NOW()),
    ('b08b4f0d-fc34-52cd-9c5d-ecdbb795395b', 'Aula 053', 'Aula planejada para a turma 13', TIMESTAMP '2026-02-22 08:00:00', TIMESTAMP '2026-02-22 09:00:00', 240.00, 210.00, 'ORIENTACAO_VOCACIONAL', '936db9fa-f04e-5780-9d75-d52694565eea', '4f67c510-bfd3-5b0f-8009-8610c3a4b16d', NOW(), NOW()),
    ('396da3bf-b560-5fd1-80c7-5230b7cffc7c', 'Aula 054', 'Aula planejada para a turma 14', TIMESTAMP '2026-02-23 10:00:00', TIMESTAMP '2026-02-23 11:00:00', 120.00, 110.00, 'ENEM', 'afb42761-065f-58a3-80e1-ed7500056069', 'e5e7469a-6b34-52b6-831a-266f1772388f', NOW(), NOW()),
    ('a87c28c6-d7f4-50e9-a49a-6e631fc92851', 'Aula 055', 'Aula planejada para a turma 15', TIMESTAMP '2026-02-24 14:00:00', TIMESTAMP '2026-02-24 15:00:00', 135.00, 135.00, 'PAS', '35b70c63-2c6a-53e7-82d5-e5d1626f145d', '365056ad-a355-53e5-ad82-12951b931410', NOW(), NOW()),
    ('a1f65600-71ca-5694-91dd-ff451273c444', 'Aula 056', 'Aula planejada para a turma 16', TIMESTAMP '2026-02-25 16:00:00', TIMESTAMP '2026-02-25 17:00:00', 150.00, 75.00, 'OUTRO', 'f15564b5-4f22-58ac-9044-406b0e0ff00f', '03ea8fec-de3b-5533-b7a1-b506a46034f9', NOW(), NOW()),
    ('c18fb3d3-1160-5124-b37a-a099bd0d7509', 'Aula 057', 'Aula planejada para a turma 17', TIMESTAMP '2026-02-26 08:00:00', TIMESTAMP '2026-02-26 09:00:00', 165.00, 0.00, 'AULA', 'e2cd0442-86c2-5d4b-88ed-97e74f663c05', 'a4efb7e9-29a7-53c5-aca5-b7d833588fcc', NOW(), NOW()),
    ('8ec466d9-896e-556e-8889-cb6f90883a74', 'Aula 058', 'Aula planejada para a turma 18', TIMESTAMP '2026-02-27 10:00:00', TIMESTAMP '2026-02-27 11:00:00', 180.00, 150.00, 'MENTORIA', '97da4941-36c7-58a4-a500-46e3080f3d81', '1912612a-aeb9-5c2b-80f9-c7d27ec2eaab', NOW(), NOW()),
    ('68838c6c-21db-5e89-9dbd-9a966b10e7f1', 'Aula 059', 'Aula planejada para a turma 19', TIMESTAMP '2026-02-28 14:00:00', TIMESTAMP '2026-02-28 15:00:00', 195.00, 185.00, 'TERAPIA', 'bb0b2dc0-5654-54d2-9d34-ffcc4071f874', '0f57ee02-0088-5683-8a3e-a566324d5f02', NOW(), NOW()),
    ('1b727d9b-99b0-5ce7-a266-7e6d6640cb7d', 'Aula 060', 'Aula planejada para a turma 20', TIMESTAMP '2026-03-01 16:00:00', TIMESTAMP '2026-03-01 17:00:00', 210.00, 210.00, 'ORIENTACAO_VOCACIONAL', 'ef123e34-d0a5-5218-9d9c-bcfd44d2c899', 'c2668eb9-a84c-50bd-8dd4-d050de46381a', NOW(), NOW()),
    ('a4ae2312-58c6-563c-8688-df31cf566bd6', 'Aula 061', 'Aula planejada para a turma 1', TIMESTAMP '2026-01-01 08:00:00', TIMESTAMP '2026-01-01 09:00:00', 225.00, 112.50, 'ENEM', '48193cd1-067e-59da-bb29-f16f6eb7f2ef', 'f4a33534-19e3-54bc-a701-6ac42a696bf5', NOW(), NOW()),
    ('1e2c602b-4d42-5a7a-af9b-88a21d5ce05f', 'Aula 062', 'Aula planejada para a turma 2', TIMESTAMP '2026-01-02 10:00:00', TIMESTAMP '2026-01-02 11:00:00', 240.00, 0.00, 'PAS', '6f9abdf3-8309-5f96-b863-feb3d5f02b0d', '01d0c476-3210-5a0c-b4b2-2085ffff507d', NOW(), NOW()),
    ('2040e696-520d-5d39-bc83-23c047bc64e0', 'Aula 063', 'Aula planejada para a turma 3', TIMESTAMP '2026-01-03 14:00:00', TIMESTAMP '2026-01-03 15:00:00', 120.00, 90.00, 'OUTRO', '564a10ca-5a22-553d-82a0-a88c4c9f9d32', '4f67c510-bfd3-5b0f-8009-8610c3a4b16d', NOW(), NOW()),
    ('05e537ae-a2f4-59f3-a208-1bdf7ea553d9', 'Aula 064', 'Aula planejada para a turma 4', TIMESTAMP '2026-01-04 16:00:00', TIMESTAMP '2026-01-04 17:00:00', 135.00, 125.00, 'AULA', 'cbb0f454-a535-5d49-9884-abe7940154fd', 'e5e7469a-6b34-52b6-831a-266f1772388f', NOW(), NOW()),
    ('71da3456-9f9d-56cd-aa95-a94377347f7f', 'Aula 065', 'Aula planejada para a turma 5', TIMESTAMP '2026-01-05 08:00:00', TIMESTAMP '2026-01-05 09:00:00', 150.00, 150.00, 'MENTORIA', 'f9886414-6896-59d2-9bb7-eec6a95d7876', '365056ad-a355-53e5-ad82-12951b931410', NOW(), NOW()),
    ('46878e15-d13c-52c9-b2dd-271b09a26a4a', 'Aula 066', 'Aula planejada para a turma 6', TIMESTAMP '2026-01-06 10:00:00', TIMESTAMP '2026-01-06 11:00:00', 165.00, 82.50, 'TERAPIA', 'd904ac56-bc36-5ec7-809f-7be9071e6257', '03ea8fec-de3b-5533-b7a1-b506a46034f9', NOW(), NOW()),
    ('db8dc876-d831-5138-b64a-e7cfa6af2e1a', 'Aula 067', 'Aula planejada para a turma 7', TIMESTAMP '2026-01-07 14:00:00', TIMESTAMP '2026-01-07 15:00:00', 180.00, 0.00, 'ORIENTACAO_VOCACIONAL', '342ec3d7-1ed9-511c-a8f7-23d941081b03', 'a4efb7e9-29a7-53c5-aca5-b7d833588fcc', NOW(), NOW()),
    ('c0c9ef6b-87b7-5ae5-be71-c26629e2b2d0', 'Aula 068', 'Aula planejada para a turma 8', TIMESTAMP '2026-01-08 16:00:00', TIMESTAMP '2026-01-08 17:00:00', 195.00, 165.00, 'ENEM', '04f72847-178d-5569-947c-6425dfe0d471', '1912612a-aeb9-5c2b-80f9-c7d27ec2eaab', NOW(), NOW()),
    ('f1a55b27-b698-599c-a195-a8df70ecd34e', 'Aula 069', 'Aula planejada para a turma 9', TIMESTAMP '2026-01-09 08:00:00', TIMESTAMP '2026-01-09 09:00:00', 210.00, 200.00, 'PAS', '6248083e-f93f-5fb1-9d84-7ef06679ebe5', '0f57ee02-0088-5683-8a3e-a566324d5f02', NOW(), NOW()),
    ('3a5dd046-f0b4-5b64-b4eb-7db9383272b7', 'Aula 070', 'Aula planejada para a turma 10', TIMESTAMP '2026-01-10 10:00:00', TIMESTAMP '2026-01-10 11:00:00', 225.00, 225.00, 'OUTRO', '2a95bab0-25ce-5896-83fc-edb55a07887b', 'c2668eb9-a84c-50bd-8dd4-d050de46381a', NOW(), NOW()),
    ('30bc7eba-51b3-5208-a22e-0b461cbfa18a', 'Aula 071', 'Aula planejada para a turma 11', TIMESTAMP '2026-01-11 14:00:00', TIMESTAMP '2026-01-11 15:00:00', 240.00, 120.00, 'AULA', '8cca7267-163c-5cf5-bf3b-47cd945ccf9b', 'f4a33534-19e3-54bc-a701-6ac42a696bf5', NOW(), NOW()),
    ('13b7ace2-69dc-582e-8318-ae446bd83ed8', 'Aula 072', 'Aula planejada para a turma 12', TIMESTAMP '2026-01-12 16:00:00', TIMESTAMP '2026-01-12 17:00:00', 120.00, 0.00, 'MENTORIA', '52075b47-77e2-57c5-ac92-ab60ddcb93a7', '01d0c476-3210-5a0c-b4b2-2085ffff507d', NOW(), NOW()),
    ('bb7b9587-70d4-50a5-8777-c375ea361215', 'Aula 073', 'Aula planejada para a turma 13', TIMESTAMP '2026-01-13 08:00:00', TIMESTAMP '2026-01-13 09:00:00', 135.00, 105.00, 'TERAPIA', '48796907-e6d1-5777-8926-18531241e223', '4f67c510-bfd3-5b0f-8009-8610c3a4b16d', NOW(), NOW()),
    ('16e88429-512b-5bfc-99f6-149f9b607d9c', 'Aula 074', 'Aula planejada para a turma 14', TIMESTAMP '2026-01-14 10:00:00', TIMESTAMP '2026-01-14 11:00:00', 150.00, 140.00, 'ORIENTACAO_VOCACIONAL', 'f50bbb9f-0cc3-5748-984b-e416cea3283b', 'e5e7469a-6b34-52b6-831a-266f1772388f', NOW(), NOW()),
    ('e1152159-df49-5399-8be8-6eacf7f8c70a', 'Aula 075', 'Aula planejada para a turma 15', TIMESTAMP '2026-01-15 14:00:00', TIMESTAMP '2026-01-15 15:00:00', 165.00, 165.00, 'ENEM', 'd3c5f122-bc77-56d6-94c3-1ed86fac2b0e', '365056ad-a355-53e5-ad82-12951b931410', NOW(), NOW()),
    ('236c3f93-30f6-593b-b53b-5e65e85fda43', 'Aula 076', 'Aula planejada para a turma 16', TIMESTAMP '2026-01-16 16:00:00', TIMESTAMP '2026-01-16 17:00:00', 180.00, 90.00, 'PAS', 'd1e90345-e3a5-5f5f-81fd-8d0500fcbd26', '03ea8fec-de3b-5533-b7a1-b506a46034f9', NOW(), NOW()),
    ('5421d142-cac6-59b0-ae8b-778800eb745c', 'Aula 077', 'Aula planejada para a turma 17', TIMESTAMP '2026-01-17 08:00:00', TIMESTAMP '2026-01-17 09:00:00', 195.00, 0.00, 'OUTRO', 'c18f5b03-a508-51a4-83d3-37e9dfde37f1', 'a4efb7e9-29a7-53c5-aca5-b7d833588fcc', NOW(), NOW()),
    ('65d72648-523d-5df4-9e55-3cd64e334855', 'Aula 078', 'Aula planejada para a turma 18', TIMESTAMP '2026-01-18 10:00:00', TIMESTAMP '2026-01-18 11:00:00', 210.00, 180.00, 'AULA', '80f02efa-81b4-5864-bfc7-ab490c0b198b', '1912612a-aeb9-5c2b-80f9-c7d27ec2eaab', NOW(), NOW()),
    ('40ecb0a5-396b-5933-bcf6-a61727aa515f', 'Aula 079', 'Aula planejada para a turma 19', TIMESTAMP '2026-01-19 14:00:00', TIMESTAMP '2026-01-19 15:00:00', 225.00, 215.00, 'MENTORIA', '81f84f4b-cf38-5ba1-b9fe-a7d5fc854737', '0f57ee02-0088-5683-8a3e-a566324d5f02', NOW(), NOW()),
    ('3c66bec7-490c-562e-890c-4e37bc760051', 'Aula 080', 'Aula planejada para a turma 20', TIMESTAMP '2026-01-20 16:00:00', TIMESTAMP '2026-01-20 17:00:00', 240.00, 240.00, 'TERAPIA', 'b6e81061-e85f-5791-b767-36c223f32af7', 'c2668eb9-a84c-50bd-8dd4-d050de46381a', NOW(), NOW()),
    ('f1136ffc-01d9-5cb3-8910-cf3badcdf475', 'Aula 081', 'Aula planejada para a turma 1', TIMESTAMP '2026-01-21 08:00:00', TIMESTAMP '2026-01-21 09:00:00', 120.00, 60.00, 'ORIENTACAO_VOCACIONAL', 'daa615d6-ce7b-548d-8cac-fb4da27058e4', 'f4a33534-19e3-54bc-a701-6ac42a696bf5', NOW(), NOW()),
    ('3116da55-41e6-52ea-8ee4-4d7a7d1caa95', 'Aula 082', 'Aula planejada para a turma 2', TIMESTAMP '2026-01-22 10:00:00', TIMESTAMP '2026-01-22 11:00:00', 135.00, 0.00, 'ENEM', '7790c9f0-cc6a-5fa6-b48f-5eee1d3c1745', '01d0c476-3210-5a0c-b4b2-2085ffff507d', NOW(), NOW()),
    ('449476fe-b521-5cea-877f-38a297f8b33e', 'Aula 083', 'Aula planejada para a turma 3', TIMESTAMP '2026-01-23 14:00:00', TIMESTAMP '2026-01-23 15:00:00', 150.00, 120.00, 'PAS', '292fc152-7f3c-5671-ae7e-ef53fddcf0ac', '4f67c510-bfd3-5b0f-8009-8610c3a4b16d', NOW(), NOW()),
    ('aacecd17-8453-5eff-8ba8-a1ac067d1316', 'Aula 084', 'Aula planejada para a turma 4', TIMESTAMP '2026-01-24 16:00:00', TIMESTAMP '2026-01-24 17:00:00', 165.00, 155.00, 'OUTRO', 'e5a85be0-8ba3-5c0f-bb90-f7282eaad3d3', 'e5e7469a-6b34-52b6-831a-266f1772388f', NOW(), NOW()),
    ('0c43930d-c44e-5d10-80dd-a83c09dd75f3', 'Aula 085', 'Aula planejada para a turma 5', TIMESTAMP '2026-01-25 08:00:00', TIMESTAMP '2026-01-25 09:00:00', 180.00, 180.00, 'AULA', '6588f28e-361b-55af-9627-0aad6aea8934', '365056ad-a355-53e5-ad82-12951b931410', NOW(), NOW()),
    ('6bf80e2f-7571-5558-8e33-efa0201d97e3', 'Aula 086', 'Aula planejada para a turma 6', TIMESTAMP '2026-01-26 10:00:00', TIMESTAMP '2026-01-26 11:00:00', 195.00, 97.50, 'MENTORIA', 'd88c2beb-ddae-55fc-8742-e6640f81fb09', '03ea8fec-de3b-5533-b7a1-b506a46034f9', NOW(), NOW()),
    ('ca056807-e604-545b-bf7e-a1d9eb7e0e62', 'Aula 087', 'Aula planejada para a turma 7', TIMESTAMP '2026-01-27 14:00:00', TIMESTAMP '2026-01-27 15:00:00', 210.00, 0.00, 'TERAPIA', 'd53cad89-93b4-5474-a6f6-87e281789a4e', 'a4efb7e9-29a7-53c5-aca5-b7d833588fcc', NOW(), NOW()),
    ('3f2a765b-24bd-5c52-8aef-2ea959da3070', 'Aula 088', 'Aula planejada para a turma 8', TIMESTAMP '2026-01-28 16:00:00', TIMESTAMP '2026-01-28 17:00:00', 225.00, 195.00, 'ORIENTACAO_VOCACIONAL', 'e1e36a99-240b-55bf-8074-5ac96d8b5274', '1912612a-aeb9-5c2b-80f9-c7d27ec2eaab', NOW(), NOW()),
    ('dcf64d91-6c40-5756-9ffd-aa8184ed83ae', 'Aula 089', 'Aula planejada para a turma 9', TIMESTAMP '2026-01-29 08:00:00', TIMESTAMP '2026-01-29 09:00:00', 240.00, 230.00, 'ENEM', 'e0b57dda-4e1d-5cb2-9d17-c5d54b37c374', '0f57ee02-0088-5683-8a3e-a566324d5f02', NOW(), NOW()),
    ('6bc80189-28fa-525d-adcc-425f625ed9ec', 'Aula 090', 'Aula planejada para a turma 10', TIMESTAMP '2026-01-30 10:00:00', TIMESTAMP '2026-01-30 11:00:00', 120.00, 120.00, 'PAS', '3834850e-6d3e-5d92-bf1d-d2dae51f87ef', 'c2668eb9-a84c-50bd-8dd4-d050de46381a', NOW(), NOW()),
    ('5547a47b-ecea-5651-bab8-48e98072f117', 'Aula 091', 'Aula planejada para a turma 11', TIMESTAMP '2026-01-31 14:00:00', TIMESTAMP '2026-01-31 15:00:00', 135.00, 67.50, 'OUTRO', 'd757eb0e-05ec-540b-b09a-68e11b37a2ad', 'f4a33534-19e3-54bc-a701-6ac42a696bf5', NOW(), NOW()),
    ('aab6c900-7a82-5f2a-b727-0e92d869a440', 'Aula 092', 'Aula planejada para a turma 12', TIMESTAMP '2026-02-01 16:00:00', TIMESTAMP '2026-02-01 17:00:00', 150.00, 0.00, 'AULA', '32f2f665-2161-5d5b-a42f-edb2a1e682f0', '01d0c476-3210-5a0c-b4b2-2085ffff507d', NOW(), NOW()),
    ('8f9abe84-6d9e-5364-8a2b-468da0e6c1ed', 'Aula 093', 'Aula planejada para a turma 13', TIMESTAMP '2026-02-02 08:00:00', TIMESTAMP '2026-02-02 09:00:00', 165.00, 135.00, 'MENTORIA', '1d34a913-d2c6-57c0-8a86-5623f0417400', '4f67c510-bfd3-5b0f-8009-8610c3a4b16d', NOW(), NOW()),
    ('7ef61add-8ab0-523f-abce-8755b67ef238', 'Aula 094', 'Aula planejada para a turma 14', TIMESTAMP '2026-02-03 10:00:00', TIMESTAMP '2026-02-03 11:00:00', 180.00, 170.00, 'TERAPIA', '49d50a76-8d8f-5dd6-b714-2dbe63afcab4', 'e5e7469a-6b34-52b6-831a-266f1772388f', NOW(), NOW()),
    ('daf74f8f-3ff7-5c58-a50b-9b6d318b2e05', 'Aula 095', 'Aula planejada para a turma 15', TIMESTAMP '2026-02-04 14:00:00', TIMESTAMP '2026-02-04 15:00:00', 195.00, 195.00, 'ORIENTACAO_VOCACIONAL', 'd65c9f6e-b00a-5d95-ab2d-f695d0f3705a', '365056ad-a355-53e5-ad82-12951b931410', NOW(), NOW()),
    ('b7801d64-f00b-5aed-be01-2c3052375305', 'Aula 096', 'Aula planejada para a turma 16', TIMESTAMP '2026-02-05 16:00:00', TIMESTAMP '2026-02-05 17:00:00', 210.00, 105.00, 'ENEM', '063018a5-b6c7-55bb-93b9-059745f44990', '03ea8fec-de3b-5533-b7a1-b506a46034f9', NOW(), NOW()),
    ('456983ee-c6f8-5847-a4ed-33de2d698c15', 'Aula 097', 'Aula planejada para a turma 17', TIMESTAMP '2026-02-06 08:00:00', TIMESTAMP '2026-02-06 09:00:00', 225.00, 0.00, 'PAS', 'd7576c3f-5119-54fc-88c8-76e5e2c693e3', 'a4efb7e9-29a7-53c5-aca5-b7d833588fcc', NOW(), NOW()),
    ('01d013c4-6544-5215-9ddc-5d7db7ffe008', 'Aula 098', 'Aula planejada para a turma 18', TIMESTAMP '2026-02-07 10:00:00', TIMESTAMP '2026-02-07 11:00:00', 240.00, 210.00, 'OUTRO', '90eb4fa5-0ae3-5d0d-8147-d6e71d533335', '1912612a-aeb9-5c2b-80f9-c7d27ec2eaab', NOW(), NOW()),
    ('3906fcce-722b-5b39-9414-d73f0df0581d', 'Aula 099', 'Aula planejada para a turma 19', TIMESTAMP '2026-02-08 14:00:00', TIMESTAMP '2026-02-08 15:00:00', 120.00, 110.00, 'AULA', 'b07fb55f-203e-5e4e-b6f8-0ecf08a3cd88', '0f57ee02-0088-5683-8a3e-a566324d5f02', NOW(), NOW()),
    ('b6bf4ac1-9c9c-5408-ac0f-c6aa3323661b', 'Aula 100', 'Aula planejada para a turma 20', TIMESTAMP '2026-02-09 16:00:00', TIMESTAMP '2026-02-09 17:00:00', 135.00, 135.00, 'MENTORIA', '7b710823-5b38-5ea8-838b-55d87fc2dc05', 'c2668eb9-a84c-50bd-8dd4-d050de46381a', NOW(), NOW()),
    ('fec18b04-e49e-5375-8d3d-2eb84cd8b71c', 'Aula 101', 'Aula planejada para a turma 1', TIMESTAMP '2026-02-10 08:00:00', TIMESTAMP '2026-02-10 09:00:00', 150.00, 75.00, 'TERAPIA', 'b0106e2c-9237-5982-8cf8-178833033127', 'f4a33534-19e3-54bc-a701-6ac42a696bf5', NOW(), NOW()),
    ('5c0492fd-b2be-530e-b2cd-d1e92a3be2ad', 'Aula 102', 'Aula planejada para a turma 2', TIMESTAMP '2026-02-11 10:00:00', TIMESTAMP '2026-02-11 11:00:00', 165.00, 0.00, 'ORIENTACAO_VOCACIONAL', '6abb66a2-f882-5425-a4f7-22d6825c6b01', '01d0c476-3210-5a0c-b4b2-2085ffff507d', NOW(), NOW()),
    ('31decd54-cdf7-5df3-bce2-904a88e59751', 'Aula 103', 'Aula planejada para a turma 3', TIMESTAMP '2026-02-12 14:00:00', TIMESTAMP '2026-02-12 15:00:00', 180.00, 150.00, 'ENEM', '936db9fa-f04e-5780-9d75-d52694565eea', '4f67c510-bfd3-5b0f-8009-8610c3a4b16d', NOW(), NOW()),
    ('9a349455-27c7-5253-8dff-e4d313c7cc8a', 'Aula 104', 'Aula planejada para a turma 4', TIMESTAMP '2026-02-13 16:00:00', TIMESTAMP '2026-02-13 17:00:00', 195.00, 185.00, 'PAS', 'afb42761-065f-58a3-80e1-ed7500056069', 'e5e7469a-6b34-52b6-831a-266f1772388f', NOW(), NOW()),
    ('746802f7-578f-59fa-8497-da59bd13c695', 'Aula 105', 'Aula planejada para a turma 5', TIMESTAMP '2026-02-14 08:00:00', TIMESTAMP '2026-02-14 09:00:00', 210.00, 210.00, 'OUTRO', '35b70c63-2c6a-53e7-82d5-e5d1626f145d', '365056ad-a355-53e5-ad82-12951b931410', NOW(), NOW()),
    ('5fc18cab-41b9-5959-901b-3dc3a2cd39a0', 'Aula 106', 'Aula planejada para a turma 6', TIMESTAMP '2026-02-15 10:00:00', TIMESTAMP '2026-02-15 11:00:00', 225.00, 112.50, 'AULA', 'f15564b5-4f22-58ac-9044-406b0e0ff00f', '03ea8fec-de3b-5533-b7a1-b506a46034f9', NOW(), NOW()),
    ('03692941-477e-5457-8232-f16d6a711d68', 'Aula 107', 'Aula planejada para a turma 7', TIMESTAMP '2026-02-16 14:00:00', TIMESTAMP '2026-02-16 15:00:00', 240.00, 0.00, 'MENTORIA', 'e2cd0442-86c2-5d4b-88ed-97e74f663c05', 'a4efb7e9-29a7-53c5-aca5-b7d833588fcc', NOW(), NOW()),
    ('05764c79-8a94-5c4c-b9bf-c7aec076ed74', 'Aula 108', 'Aula planejada para a turma 8', TIMESTAMP '2026-02-17 16:00:00', TIMESTAMP '2026-02-17 17:00:00', 120.00, 90.00, 'TERAPIA', '97da4941-36c7-58a4-a500-46e3080f3d81', '1912612a-aeb9-5c2b-80f9-c7d27ec2eaab', NOW(), NOW()),
    ('4967059f-144f-52d8-b7be-bc1cbacefe80', 'Aula 109', 'Aula planejada para a turma 9', TIMESTAMP '2026-02-18 08:00:00', TIMESTAMP '2026-02-18 09:00:00', 135.00, 125.00, 'ORIENTACAO_VOCACIONAL', 'bb0b2dc0-5654-54d2-9d34-ffcc4071f874', '0f57ee02-0088-5683-8a3e-a566324d5f02', NOW(), NOW()),
    ('787075b9-c257-5771-99f9-6729b841bf91', 'Aula 110', 'Aula planejada para a turma 10', TIMESTAMP '2026-02-19 10:00:00', TIMESTAMP '2026-02-19 11:00:00', 150.00, 150.00, 'ENEM', 'ef123e34-d0a5-5218-9d9c-bcfd44d2c899', 'c2668eb9-a84c-50bd-8dd4-d050de46381a', NOW(), NOW()),
    ('5bbb4075-9518-5307-9205-3e878b4af290', 'Aula 111', 'Aula planejada para a turma 11', TIMESTAMP '2026-02-20 14:00:00', TIMESTAMP '2026-02-20 15:00:00', 165.00, 82.50, 'PAS', '48193cd1-067e-59da-bb29-f16f6eb7f2ef', 'f4a33534-19e3-54bc-a701-6ac42a696bf5', NOW(), NOW()),
    ('a8c22851-bb88-521f-96d1-e56b6ac723ca', 'Aula 112', 'Aula planejada para a turma 12', TIMESTAMP '2026-02-21 16:00:00', TIMESTAMP '2026-02-21 17:00:00', 180.00, 0.00, 'OUTRO', '6f9abdf3-8309-5f96-b863-feb3d5f02b0d', '01d0c476-3210-5a0c-b4b2-2085ffff507d', NOW(), NOW()),
    ('71bee573-2d3c-5f91-a151-7c35702f8287', 'Aula 113', 'Aula planejada para a turma 13', TIMESTAMP '2026-02-22 08:00:00', TIMESTAMP '2026-02-22 09:00:00', 195.00, 165.00, 'AULA', '564a10ca-5a22-553d-82a0-a88c4c9f9d32', '4f67c510-bfd3-5b0f-8009-8610c3a4b16d', NOW(), NOW()),
    ('f5db9d39-4751-5e22-a01a-51bce83a6c19', 'Aula 114', 'Aula planejada para a turma 14', TIMESTAMP '2026-02-23 10:00:00', TIMESTAMP '2026-02-23 11:00:00', 210.00, 200.00, 'MENTORIA', 'cbb0f454-a535-5d49-9884-abe7940154fd', 'e5e7469a-6b34-52b6-831a-266f1772388f', NOW(), NOW()),
    ('aaa7228c-67fb-5495-9c62-534258cc2d1d', 'Aula 115', 'Aula planejada para a turma 15', TIMESTAMP '2026-02-24 14:00:00', TIMESTAMP '2026-02-24 15:00:00', 225.00, 225.00, 'TERAPIA', 'f9886414-6896-59d2-9bb7-eec6a95d7876', '365056ad-a355-53e5-ad82-12951b931410', NOW(), NOW()),
    ('d4639fb2-f5c8-5bd7-8df2-343ce1eb4a91', 'Aula 116', 'Aula planejada para a turma 16', TIMESTAMP '2026-02-25 16:00:00', TIMESTAMP '2026-02-25 17:00:00', 240.00, 120.00, 'ORIENTACAO_VOCACIONAL', 'd904ac56-bc36-5ec7-809f-7be9071e6257', '03ea8fec-de3b-5533-b7a1-b506a46034f9', NOW(), NOW()),
    ('9dcc2c5b-fabc-525f-a96a-5ab0676471fd', 'Aula 117', 'Aula planejada para a turma 17', TIMESTAMP '2026-02-26 08:00:00', TIMESTAMP '2026-02-26 09:00:00', 120.00, 0.00, 'ENEM', '342ec3d7-1ed9-511c-a8f7-23d941081b03', 'a4efb7e9-29a7-53c5-aca5-b7d833588fcc', NOW(), NOW()),
    ('e44a79a4-7ed1-5d20-ab60-fb4e63a57488', 'Aula 118', 'Aula planejada para a turma 18', TIMESTAMP '2026-02-27 10:00:00', TIMESTAMP '2026-02-27 11:00:00', 135.00, 105.00, 'PAS', '04f72847-178d-5569-947c-6425dfe0d471', '1912612a-aeb9-5c2b-80f9-c7d27ec2eaab', NOW(), NOW()),
    ('d33fcd1c-f1a2-51c8-aa78-353a29fb4c61', 'Aula 119', 'Aula planejada para a turma 19', TIMESTAMP '2026-02-28 14:00:00', TIMESTAMP '2026-02-28 15:00:00', 150.00, 140.00, 'OUTRO', '6248083e-f93f-5fb1-9d84-7ef06679ebe5', '0f57ee02-0088-5683-8a3e-a566324d5f02', NOW(), NOW()),
    ('2d242486-daf1-5a87-82d1-a9ff03278841', 'Aula 120', 'Aula planejada para a turma 20', TIMESTAMP '2026-03-01 16:00:00', TIMESTAMP '2026-03-01 17:00:00', 165.00, 165.00, 'AULA', '2a95bab0-25ce-5896-83fc-edb55a07887b', 'c2668eb9-a84c-50bd-8dd4-d050de46381a', NOW(), NOW()),
    ('04bd0abd-fda0-5012-b0cd-8bda669ca5fe', 'Aula 121', 'Aula planejada para a turma 1', TIMESTAMP '2026-01-01 08:00:00', TIMESTAMP '2026-01-01 09:00:00', 180.00, 90.00, 'MENTORIA', '8cca7267-163c-5cf5-bf3b-47cd945ccf9b', 'f4a33534-19e3-54bc-a701-6ac42a696bf5', NOW(), NOW()),
    ('545e0301-3ba8-5afa-91a7-8abd60300024', 'Aula 122', 'Aula planejada para a turma 2', TIMESTAMP '2026-01-02 10:00:00', TIMESTAMP '2026-01-02 11:00:00', 195.00, 0.00, 'TERAPIA', '52075b47-77e2-57c5-ac92-ab60ddcb93a7', '01d0c476-3210-5a0c-b4b2-2085ffff507d', NOW(), NOW()),
    ('bf9e56ac-6a01-5690-a9e0-a7651cd13e2d', 'Aula 123', 'Aula planejada para a turma 3', TIMESTAMP '2026-01-03 14:00:00', TIMESTAMP '2026-01-03 15:00:00', 210.00, 180.00, 'ORIENTACAO_VOCACIONAL', '48796907-e6d1-5777-8926-18531241e223', '4f67c510-bfd3-5b0f-8009-8610c3a4b16d', NOW(), NOW()),
    ('50cb5ed2-f358-54d6-9401-2e14b623cc29', 'Aula 124', 'Aula planejada para a turma 4', TIMESTAMP '2026-01-04 16:00:00', TIMESTAMP '2026-01-04 17:00:00', 225.00, 215.00, 'ENEM', 'f50bbb9f-0cc3-5748-984b-e416cea3283b', 'e5e7469a-6b34-52b6-831a-266f1772388f', NOW(), NOW()),
    ('92e60028-32db-5317-8c00-81be66c7634f', 'Aula 125', 'Aula planejada para a turma 5', TIMESTAMP '2026-01-05 08:00:00', TIMESTAMP '2026-01-05 09:00:00', 240.00, 240.00, 'PAS', 'd3c5f122-bc77-56d6-94c3-1ed86fac2b0e', '365056ad-a355-53e5-ad82-12951b931410', NOW(), NOW()),
    ('086aa773-1f60-5965-ae60-cc4da1e536e5', 'Aula 126', 'Aula planejada para a turma 6', TIMESTAMP '2026-01-06 10:00:00', TIMESTAMP '2026-01-06 11:00:00', 120.00, 60.00, 'OUTRO', 'd1e90345-e3a5-5f5f-81fd-8d0500fcbd26', '03ea8fec-de3b-5533-b7a1-b506a46034f9', NOW(), NOW()),
    ('94e4d255-e2fd-510c-aa7e-6d06ccb88c7f', 'Aula 127', 'Aula planejada para a turma 7', TIMESTAMP '2026-01-07 14:00:00', TIMESTAMP '2026-01-07 15:00:00', 135.00, 0.00, 'AULA', 'c18f5b03-a508-51a4-83d3-37e9dfde37f1', 'a4efb7e9-29a7-53c5-aca5-b7d833588fcc', NOW(), NOW()),
    ('b9ba161e-59f1-5717-bd3a-2f2929175837', 'Aula 128', 'Aula planejada para a turma 8', TIMESTAMP '2026-01-08 16:00:00', TIMESTAMP '2026-01-08 17:00:00', 150.00, 120.00, 'MENTORIA', '80f02efa-81b4-5864-bfc7-ab490c0b198b', '1912612a-aeb9-5c2b-80f9-c7d27ec2eaab', NOW(), NOW()),
    ('e37c560b-a571-5bba-88c8-3b748104911e', 'Aula 129', 'Aula planejada para a turma 9', TIMESTAMP '2026-01-09 08:00:00', TIMESTAMP '2026-01-09 09:00:00', 165.00, 155.00, 'TERAPIA', '81f84f4b-cf38-5ba1-b9fe-a7d5fc854737', '0f57ee02-0088-5683-8a3e-a566324d5f02', NOW(), NOW()),
    ('064bb5d6-1d20-5057-943b-6d17a3df02e0', 'Aula 130', 'Aula planejada para a turma 10', TIMESTAMP '2026-01-10 10:00:00', TIMESTAMP '2026-01-10 11:00:00', 180.00, 180.00, 'ORIENTACAO_VOCACIONAL', 'b6e81061-e85f-5791-b767-36c223f32af7', 'c2668eb9-a84c-50bd-8dd4-d050de46381a', NOW(), NOW()),
    ('b0d8768f-f3fc-5802-a7d5-2bd01f78f4b2', 'Aula 131', 'Aula planejada para a turma 11', TIMESTAMP '2026-01-11 14:00:00', TIMESTAMP '2026-01-11 15:00:00', 195.00, 97.50, 'ENEM', 'daa615d6-ce7b-548d-8cac-fb4da27058e4', 'f4a33534-19e3-54bc-a701-6ac42a696bf5', NOW(), NOW()),
    ('a64384ca-2cf4-53ba-ba26-a6151fba39df', 'Aula 132', 'Aula planejada para a turma 12', TIMESTAMP '2026-01-12 16:00:00', TIMESTAMP '2026-01-12 17:00:00', 210.00, 0.00, 'PAS', '7790c9f0-cc6a-5fa6-b48f-5eee1d3c1745', '01d0c476-3210-5a0c-b4b2-2085ffff507d', NOW(), NOW()),
    ('8da0dd69-7b55-5016-ab10-6508a077dc32', 'Aula 133', 'Aula planejada para a turma 13', TIMESTAMP '2026-01-13 08:00:00', TIMESTAMP '2026-01-13 09:00:00', 225.00, 195.00, 'OUTRO', '292fc152-7f3c-5671-ae7e-ef53fddcf0ac', '4f67c510-bfd3-5b0f-8009-8610c3a4b16d', NOW(), NOW()),
    ('dab8a8c9-722f-5332-8aae-9cfff65c8c59', 'Aula 134', 'Aula planejada para a turma 14', TIMESTAMP '2026-01-14 10:00:00', TIMESTAMP '2026-01-14 11:00:00', 240.00, 230.00, 'AULA', 'e5a85be0-8ba3-5c0f-bb90-f7282eaad3d3', 'e5e7469a-6b34-52b6-831a-266f1772388f', NOW(), NOW()),
    ('7173e735-6890-57a0-afb1-2613288aeaf8', 'Aula 135', 'Aula planejada para a turma 15', TIMESTAMP '2026-01-15 14:00:00', TIMESTAMP '2026-01-15 15:00:00', 120.00, 120.00, 'MENTORIA', '6588f28e-361b-55af-9627-0aad6aea8934', '365056ad-a355-53e5-ad82-12951b931410', NOW(), NOW()),
    ('caa76bb1-7810-5f6b-929d-b91148df3aa4', 'Aula 136', 'Aula planejada para a turma 16', TIMESTAMP '2026-01-16 16:00:00', TIMESTAMP '2026-01-16 17:00:00', 135.00, 67.50, 'TERAPIA', 'd88c2beb-ddae-55fc-8742-e6640f81fb09', '03ea8fec-de3b-5533-b7a1-b506a46034f9', NOW(), NOW()),
    ('a4f6aec2-071f-5d24-a0d7-753f3b2c9c8a', 'Aula 137', 'Aula planejada para a turma 17', TIMESTAMP '2026-01-17 08:00:00', TIMESTAMP '2026-01-17 09:00:00', 150.00, 0.00, 'ORIENTACAO_VOCACIONAL', 'd53cad89-93b4-5474-a6f6-87e281789a4e', 'a4efb7e9-29a7-53c5-aca5-b7d833588fcc', NOW(), NOW()),
    ('52b9b753-020b-59db-b5cb-dde37c32ac7f', 'Aula 138', 'Aula planejada para a turma 18', TIMESTAMP '2026-01-18 10:00:00', TIMESTAMP '2026-01-18 11:00:00', 165.00, 135.00, 'ENEM', 'e1e36a99-240b-55bf-8074-5ac96d8b5274', '1912612a-aeb9-5c2b-80f9-c7d27ec2eaab', NOW(), NOW()),
    ('1fd807fd-c371-59db-b217-44d4db5aff90', 'Aula 139', 'Aula planejada para a turma 19', TIMESTAMP '2026-01-19 14:00:00', TIMESTAMP '2026-01-19 15:00:00', 180.00, 170.00, 'PAS', 'e0b57dda-4e1d-5cb2-9d17-c5d54b37c374', '0f57ee02-0088-5683-8a3e-a566324d5f02', NOW(), NOW()),
    ('ecd59574-3042-5949-b4a0-99a15468a309', 'Aula 140', 'Aula planejada para a turma 20', TIMESTAMP '2026-01-20 16:00:00', TIMESTAMP '2026-01-20 17:00:00', 195.00, 195.00, 'OUTRO', '3834850e-6d3e-5d92-bf1d-d2dae51f87ef', 'c2668eb9-a84c-50bd-8dd4-d050de46381a', NOW(), NOW()),
    ('005981f1-324b-5763-be24-b15703341199', 'Aula 141', 'Aula planejada para a turma 1', TIMESTAMP '2026-01-21 08:00:00', TIMESTAMP '2026-01-21 09:00:00', 210.00, 105.00, 'AULA', 'd757eb0e-05ec-540b-b09a-68e11b37a2ad', 'f4a33534-19e3-54bc-a701-6ac42a696bf5', NOW(), NOW()),
    ('d7ebd9a1-407d-5d89-a6b4-d3bae70e4277', 'Aula 142', 'Aula planejada para a turma 2', TIMESTAMP '2026-01-22 10:00:00', TIMESTAMP '2026-01-22 11:00:00', 225.00, 0.00, 'MENTORIA', '32f2f665-2161-5d5b-a42f-edb2a1e682f0', '01d0c476-3210-5a0c-b4b2-2085ffff507d', NOW(), NOW()),
    ('5ae38294-f5bb-5390-98cb-902caa999128', 'Aula 143', 'Aula planejada para a turma 3', TIMESTAMP '2026-01-23 14:00:00', TIMESTAMP '2026-01-23 15:00:00', 240.00, 210.00, 'TERAPIA', '1d34a913-d2c6-57c0-8a86-5623f0417400', '4f67c510-bfd3-5b0f-8009-8610c3a4b16d', NOW(), NOW()),
    ('aaed22c8-892b-5c6a-b19f-dfc71bbed888', 'Aula 144', 'Aula planejada para a turma 4', TIMESTAMP '2026-01-24 16:00:00', TIMESTAMP '2026-01-24 17:00:00', 120.00, 110.00, 'ORIENTACAO_VOCACIONAL', '49d50a76-8d8f-5dd6-b714-2dbe63afcab4', 'e5e7469a-6b34-52b6-831a-266f1772388f', NOW(), NOW()),
    ('66905592-1295-52ed-95b5-60c8343bb46d', 'Aula 145', 'Aula planejada para a turma 5', TIMESTAMP '2026-01-25 08:00:00', TIMESTAMP '2026-01-25 09:00:00', 135.00, 135.00, 'ENEM', 'd65c9f6e-b00a-5d95-ab2d-f695d0f3705a', '365056ad-a355-53e5-ad82-12951b931410', NOW(), NOW()),
    ('9e078a17-46be-53fc-a814-54725e00b3a7', 'Aula 146', 'Aula planejada para a turma 6', TIMESTAMP '2026-01-26 10:00:00', TIMESTAMP '2026-01-26 11:00:00', 150.00, 75.00, 'PAS', '063018a5-b6c7-55bb-93b9-059745f44990', '03ea8fec-de3b-5533-b7a1-b506a46034f9', NOW(), NOW()),
    ('d83858d4-24be-502f-bdfd-6e1885ebb76f', 'Aula 147', 'Aula planejada para a turma 7', TIMESTAMP '2026-01-27 14:00:00', TIMESTAMP '2026-01-27 15:00:00', 165.00, 0.00, 'OUTRO', 'd7576c3f-5119-54fc-88c8-76e5e2c693e3', 'a4efb7e9-29a7-53c5-aca5-b7d833588fcc', NOW(), NOW()),
    ('d79a8d82-8acb-5d0f-a0de-9cb0b2c1d5d8', 'Aula 148', 'Aula planejada para a turma 8', TIMESTAMP '2026-01-28 16:00:00', TIMESTAMP '2026-01-28 17:00:00', 180.00, 150.00, 'AULA', '90eb4fa5-0ae3-5d0d-8147-d6e71d533335', '1912612a-aeb9-5c2b-80f9-c7d27ec2eaab', NOW(), NOW()),
    ('ca99ce94-6802-5ce6-9f0e-7c92657b0ba5', 'Aula 149', 'Aula planejada para a turma 9', TIMESTAMP '2026-01-29 08:00:00', TIMESTAMP '2026-01-29 09:00:00', 195.00, 185.00, 'MENTORIA', 'b07fb55f-203e-5e4e-b6f8-0ecf08a3cd88', '0f57ee02-0088-5683-8a3e-a566324d5f02', NOW(), NOW()),
    ('c9f3e52b-672c-5df9-ab1e-3b4364633e57', 'Aula 150', 'Aula planejada para a turma 10', TIMESTAMP '2026-01-30 10:00:00', TIMESTAMP '2026-01-30 11:00:00', 210.00, 210.00, 'TERAPIA', '7b710823-5b38-5ea8-838b-55d87fc2dc05', 'c2668eb9-a84c-50bd-8dd4-d050de46381a', NOW(), NOW()),
    ('43f98d82-0acf-5eba-82e7-0a054a90a00e', 'Aula 151', 'Aula planejada para a turma 11', TIMESTAMP '2026-01-31 14:00:00', TIMESTAMP '2026-01-31 15:00:00', 225.00, 112.50, 'ORIENTACAO_VOCACIONAL', 'b0106e2c-9237-5982-8cf8-178833033127', 'f4a33534-19e3-54bc-a701-6ac42a696bf5', NOW(), NOW()),
    ('2eefae0c-0667-5afb-bcfc-49342dc38408', 'Aula 152', 'Aula planejada para a turma 12', TIMESTAMP '2026-02-01 16:00:00', TIMESTAMP '2026-02-01 17:00:00', 240.00, 0.00, 'ENEM', '6abb66a2-f882-5425-a4f7-22d6825c6b01', '01d0c476-3210-5a0c-b4b2-2085ffff507d', NOW(), NOW()),
    ('ab67e507-9d5c-5a4b-9811-0a8687b96f94', 'Aula 153', 'Aula planejada para a turma 13', TIMESTAMP '2026-02-02 08:00:00', TIMESTAMP '2026-02-02 09:00:00', 120.00, 90.00, 'PAS', '936db9fa-f04e-5780-9d75-d52694565eea', '4f67c510-bfd3-5b0f-8009-8610c3a4b16d', NOW(), NOW()),
    ('ac550a6b-0774-5814-95c1-0ac3eccb7119', 'Aula 154', 'Aula planejada para a turma 14', TIMESTAMP '2026-02-03 10:00:00', TIMESTAMP '2026-02-03 11:00:00', 135.00, 125.00, 'OUTRO', 'afb42761-065f-58a3-80e1-ed7500056069', 'e5e7469a-6b34-52b6-831a-266f1772388f', NOW(), NOW()),
    ('7661aa32-5c78-5175-8d91-43fd48ad0052', 'Aula 155', 'Aula planejada para a turma 15', TIMESTAMP '2026-02-04 14:00:00', TIMESTAMP '2026-02-04 15:00:00', 150.00, 150.00, 'AULA', '35b70c63-2c6a-53e7-82d5-e5d1626f145d', '365056ad-a355-53e5-ad82-12951b931410', NOW(), NOW()),
    ('e87e03bd-528b-540a-a643-3930402f505a', 'Aula 156', 'Aula planejada para a turma 16', TIMESTAMP '2026-02-05 16:00:00', TIMESTAMP '2026-02-05 17:00:00', 165.00, 82.50, 'MENTORIA', 'f15564b5-4f22-58ac-9044-406b0e0ff00f', '03ea8fec-de3b-5533-b7a1-b506a46034f9', NOW(), NOW()),
    ('b4ba7e7f-62b0-55ec-85ed-5c40f7771ece', 'Aula 157', 'Aula planejada para a turma 17', TIMESTAMP '2026-02-06 08:00:00', TIMESTAMP '2026-02-06 09:00:00', 180.00, 0.00, 'TERAPIA', 'e2cd0442-86c2-5d4b-88ed-97e74f663c05', 'a4efb7e9-29a7-53c5-aca5-b7d833588fcc', NOW(), NOW()),
    ('630ae096-36a6-5870-a884-6396a69e916f', 'Aula 158', 'Aula planejada para a turma 18', TIMESTAMP '2026-02-07 10:00:00', TIMESTAMP '2026-02-07 11:00:00', 195.00, 165.00, 'ORIENTACAO_VOCACIONAL', '97da4941-36c7-58a4-a500-46e3080f3d81', '1912612a-aeb9-5c2b-80f9-c7d27ec2eaab', NOW(), NOW()),
    ('c210e57f-8ff2-51b9-a7cc-e876512d6d94', 'Aula 159', 'Aula planejada para a turma 19', TIMESTAMP '2026-02-08 14:00:00', TIMESTAMP '2026-02-08 15:00:00', 210.00, 200.00, 'ENEM', 'bb0b2dc0-5654-54d2-9d34-ffcc4071f874', '0f57ee02-0088-5683-8a3e-a566324d5f02', NOW(), NOW()),
    ('4bb1df07-a2a7-5761-ac63-4137ca7c5d50', 'Aula 160', 'Aula planejada para a turma 20', TIMESTAMP '2026-02-09 16:00:00', TIMESTAMP '2026-02-09 17:00:00', 225.00, 225.00, 'PAS', 'ef123e34-d0a5-5218-9d9c-bcfd44d2c899', 'c2668eb9-a84c-50bd-8dd4-d050de46381a', NOW(), NOW()),
    ('c75ba831-c307-5110-8dde-9b0a683ecb88', 'Aula 161', 'Aula planejada para a turma 1', TIMESTAMP '2026-02-10 08:00:00', TIMESTAMP '2026-02-10 09:00:00', 240.00, 120.00, 'OUTRO', '48193cd1-067e-59da-bb29-f16f6eb7f2ef', 'f4a33534-19e3-54bc-a701-6ac42a696bf5', NOW(), NOW()),
    ('75a3fb2d-b68c-5380-aa48-f027ea97eb39', 'Aula 162', 'Aula planejada para a turma 2', TIMESTAMP '2026-02-11 10:00:00', TIMESTAMP '2026-02-11 11:00:00', 120.00, 0.00, 'AULA', '6f9abdf3-8309-5f96-b863-feb3d5f02b0d', '01d0c476-3210-5a0c-b4b2-2085ffff507d', NOW(), NOW()),
    ('c8c91618-b557-5d91-98b0-61482f9fe14d', 'Aula 163', 'Aula planejada para a turma 3', TIMESTAMP '2026-02-12 14:00:00', TIMESTAMP '2026-02-12 15:00:00', 135.00, 105.00, 'MENTORIA', '564a10ca-5a22-553d-82a0-a88c4c9f9d32', '4f67c510-bfd3-5b0f-8009-8610c3a4b16d', NOW(), NOW()),
    ('0ab77e43-282d-5da7-bf78-df027605ba52', 'Aula 164', 'Aula planejada para a turma 4', TIMESTAMP '2026-02-13 16:00:00', TIMESTAMP '2026-02-13 17:00:00', 150.00, 140.00, 'TERAPIA', 'cbb0f454-a535-5d49-9884-abe7940154fd', 'e5e7469a-6b34-52b6-831a-266f1772388f', NOW(), NOW()),
    ('a5ff9194-6929-5e2c-bf9f-05958e411bdd', 'Aula 165', 'Aula planejada para a turma 5', TIMESTAMP '2026-02-14 08:00:00', TIMESTAMP '2026-02-14 09:00:00', 165.00, 165.00, 'ORIENTACAO_VOCACIONAL', 'f9886414-6896-59d2-9bb7-eec6a95d7876', '365056ad-a355-53e5-ad82-12951b931410', NOW(), NOW()),
    ('cbd6e3ea-b59a-5feb-89b6-92784d4478e6', 'Aula 166', 'Aula planejada para a turma 6', TIMESTAMP '2026-02-15 10:00:00', TIMESTAMP '2026-02-15 11:00:00', 180.00, 90.00, 'ENEM', 'd904ac56-bc36-5ec7-809f-7be9071e6257', '03ea8fec-de3b-5533-b7a1-b506a46034f9', NOW(), NOW()),
    ('5f8a3bba-f2dc-57e4-ad1f-95df7f60accf', 'Aula 167', 'Aula planejada para a turma 7', TIMESTAMP '2026-02-16 14:00:00', TIMESTAMP '2026-02-16 15:00:00', 195.00, 0.00, 'PAS', '342ec3d7-1ed9-511c-a8f7-23d941081b03', 'a4efb7e9-29a7-53c5-aca5-b7d833588fcc', NOW(), NOW()),
    ('c60c79d3-e901-5637-ba94-449aa92a53bf', 'Aula 168', 'Aula planejada para a turma 8', TIMESTAMP '2026-02-17 16:00:00', TIMESTAMP '2026-02-17 17:00:00', 210.00, 180.00, 'OUTRO', '04f72847-178d-5569-947c-6425dfe0d471', '1912612a-aeb9-5c2b-80f9-c7d27ec2eaab', NOW(), NOW()),
    ('e134d8eb-3a22-5340-a606-530841cc057b', 'Aula 169', 'Aula planejada para a turma 9', TIMESTAMP '2026-02-18 08:00:00', TIMESTAMP '2026-02-18 09:00:00', 225.00, 215.00, 'AULA', '6248083e-f93f-5fb1-9d84-7ef06679ebe5', '0f57ee02-0088-5683-8a3e-a566324d5f02', NOW(), NOW()),
    ('ee1e6285-5b9f-5292-9119-fd41b2434941', 'Aula 170', 'Aula planejada para a turma 10', TIMESTAMP '2026-02-19 10:00:00', TIMESTAMP '2026-02-19 11:00:00', 240.00, 240.00, 'MENTORIA', '2a95bab0-25ce-5896-83fc-edb55a07887b', 'c2668eb9-a84c-50bd-8dd4-d050de46381a', NOW(), NOW()),
    ('b477e51a-309c-5160-914f-13c8c207a10c', 'Aula 171', 'Aula planejada para a turma 11', TIMESTAMP '2026-02-20 14:00:00', TIMESTAMP '2026-02-20 15:00:00', 120.00, 60.00, 'TERAPIA', '8cca7267-163c-5cf5-bf3b-47cd945ccf9b', 'f4a33534-19e3-54bc-a701-6ac42a696bf5', NOW(), NOW()),
    ('244d047f-226b-55b9-8bcd-810f2b8f3548', 'Aula 172', 'Aula planejada para a turma 12', TIMESTAMP '2026-02-21 16:00:00', TIMESTAMP '2026-02-21 17:00:00', 135.00, 0.00, 'ORIENTACAO_VOCACIONAL', '52075b47-77e2-57c5-ac92-ab60ddcb93a7', '01d0c476-3210-5a0c-b4b2-2085ffff507d', NOW(), NOW()),
    ('93e93fe1-4ffb-57a9-84e6-f6361081614b', 'Aula 173', 'Aula planejada para a turma 13', TIMESTAMP '2026-02-22 08:00:00', TIMESTAMP '2026-02-22 09:00:00', 150.00, 120.00, 'ENEM', '48796907-e6d1-5777-8926-18531241e223', '4f67c510-bfd3-5b0f-8009-8610c3a4b16d', NOW(), NOW()),
    ('09d949a0-9030-526a-a22c-074d20b91d03', 'Aula 174', 'Aula planejada para a turma 14', TIMESTAMP '2026-02-23 10:00:00', TIMESTAMP '2026-02-23 11:00:00', 165.00, 155.00, 'PAS', 'f50bbb9f-0cc3-5748-984b-e416cea3283b', 'e5e7469a-6b34-52b6-831a-266f1772388f', NOW(), NOW()),
    ('38ef26ef-81a6-50a3-b3e4-9d2f5b61a142', 'Aula 175', 'Aula planejada para a turma 15', TIMESTAMP '2026-02-24 14:00:00', TIMESTAMP '2026-02-24 15:00:00', 180.00, 180.00, 'OUTRO', 'd3c5f122-bc77-56d6-94c3-1ed86fac2b0e', '365056ad-a355-53e5-ad82-12951b931410', NOW(), NOW()),
    ('c7d03e6c-7ab0-51a1-9911-28226de26df3', 'Aula 176', 'Aula planejada para a turma 16', TIMESTAMP '2026-02-25 16:00:00', TIMESTAMP '2026-02-25 17:00:00', 195.00, 97.50, 'AULA', 'd1e90345-e3a5-5f5f-81fd-8d0500fcbd26', '03ea8fec-de3b-5533-b7a1-b506a46034f9', NOW(), NOW()),
    ('c44242bb-ba89-5caa-8d0f-79a4f9f7ebb1', 'Aula 177', 'Aula planejada para a turma 17', TIMESTAMP '2026-02-26 08:00:00', TIMESTAMP '2026-02-26 09:00:00', 210.00, 0.00, 'MENTORIA', 'c18f5b03-a508-51a4-83d3-37e9dfde37f1', 'a4efb7e9-29a7-53c5-aca5-b7d833588fcc', NOW(), NOW()),
    ('a479473a-e754-5234-8c5a-7e449e839b42', 'Aula 178', 'Aula planejada para a turma 18', TIMESTAMP '2026-02-27 10:00:00', TIMESTAMP '2026-02-27 11:00:00', 225.00, 195.00, 'TERAPIA', '80f02efa-81b4-5864-bfc7-ab490c0b198b', '1912612a-aeb9-5c2b-80f9-c7d27ec2eaab', NOW(), NOW()),
    ('aebbb178-ea30-50e7-be87-3615889bef9f', 'Aula 179', 'Aula planejada para a turma 19', TIMESTAMP '2026-02-28 14:00:00', TIMESTAMP '2026-02-28 15:00:00', 240.00, 230.00, 'ORIENTACAO_VOCACIONAL', '81f84f4b-cf38-5ba1-b9fe-a7d5fc854737', '0f57ee02-0088-5683-8a3e-a566324d5f02', NOW(), NOW()),
    ('5d6ecd7c-33c0-5a0f-8efa-85f3667d4b48', 'Aula 180', 'Aula planejada para a turma 20', TIMESTAMP '2026-03-01 16:00:00', TIMESTAMP '2026-03-01 17:00:00', 120.00, 120.00, 'ENEM', 'b6e81061-e85f-5791-b767-36c223f32af7', 'c2668eb9-a84c-50bd-8dd4-d050de46381a', NOW(), NOW()),
    ('7e00fccf-c71c-5cc4-b879-9a38d1728d68', 'Aula 181', 'Aula planejada para a turma 1', TIMESTAMP '2026-01-01 08:00:00', TIMESTAMP '2026-01-01 09:00:00', 135.00, 67.50, 'PAS', 'daa615d6-ce7b-548d-8cac-fb4da27058e4', 'f4a33534-19e3-54bc-a701-6ac42a696bf5', NOW(), NOW()),
    ('077e49bf-b528-5a7b-b1ca-579609841120', 'Aula 182', 'Aula planejada para a turma 2', TIMESTAMP '2026-01-02 10:00:00', TIMESTAMP '2026-01-02 11:00:00', 150.00, 0.00, 'OUTRO', '7790c9f0-cc6a-5fa6-b48f-5eee1d3c1745', '01d0c476-3210-5a0c-b4b2-2085ffff507d', NOW(), NOW()),
    ('27a6f469-7b40-5242-be49-2b8a2bb5045e', 'Aula 183', 'Aula planejada para a turma 3', TIMESTAMP '2026-01-03 14:00:00', TIMESTAMP '2026-01-03 15:00:00', 165.00, 135.00, 'AULA', '292fc152-7f3c-5671-ae7e-ef53fddcf0ac', '4f67c510-bfd3-5b0f-8009-8610c3a4b16d', NOW(), NOW()),
    ('342d5e2c-f380-57eb-b80c-245873293657', 'Aula 184', 'Aula planejada para a turma 4', TIMESTAMP '2026-01-04 16:00:00', TIMESTAMP '2026-01-04 17:00:00', 180.00, 170.00, 'MENTORIA', 'e5a85be0-8ba3-5c0f-bb90-f7282eaad3d3', 'e5e7469a-6b34-52b6-831a-266f1772388f', NOW(), NOW()),
    ('d277a430-b02a-5c10-8bd9-4352e35842a8', 'Aula 185', 'Aula planejada para a turma 5', TIMESTAMP '2026-01-05 08:00:00', TIMESTAMP '2026-01-05 09:00:00', 195.00, 195.00, 'TERAPIA', '6588f28e-361b-55af-9627-0aad6aea8934', '365056ad-a355-53e5-ad82-12951b931410', NOW(), NOW()),
    ('972f5fdd-772c-59d2-8a81-bceeab5a3daf', 'Aula 186', 'Aula planejada para a turma 6', TIMESTAMP '2026-01-06 10:00:00', TIMESTAMP '2026-01-06 11:00:00', 210.00, 105.00, 'ORIENTACAO_VOCACIONAL', 'd88c2beb-ddae-55fc-8742-e6640f81fb09', '03ea8fec-de3b-5533-b7a1-b506a46034f9', NOW(), NOW()),
    ('bb2bd53e-1b36-586e-9c35-8761f49ef7a6', 'Aula 187', 'Aula planejada para a turma 7', TIMESTAMP '2026-01-07 14:00:00', TIMESTAMP '2026-01-07 15:00:00', 225.00, 0.00, 'ENEM', 'd53cad89-93b4-5474-a6f6-87e281789a4e', 'a4efb7e9-29a7-53c5-aca5-b7d833588fcc', NOW(), NOW()),
    ('7dff2c30-f21e-5581-9077-27dd0ab688aa', 'Aula 188', 'Aula planejada para a turma 8', TIMESTAMP '2026-01-08 16:00:00', TIMESTAMP '2026-01-08 17:00:00', 240.00, 210.00, 'PAS', 'e1e36a99-240b-55bf-8074-5ac96d8b5274', '1912612a-aeb9-5c2b-80f9-c7d27ec2eaab', NOW(), NOW()),
    ('15d7991c-ae76-5380-945f-56aacdfe7559', 'Aula 189', 'Aula planejada para a turma 9', TIMESTAMP '2026-01-09 08:00:00', TIMESTAMP '2026-01-09 09:00:00', 120.00, 110.00, 'OUTRO', 'e0b57dda-4e1d-5cb2-9d17-c5d54b37c374', '0f57ee02-0088-5683-8a3e-a566324d5f02', NOW(), NOW()),
    ('7e3479fe-091b-5528-b3cc-37394c1e1b73', 'Aula 190', 'Aula planejada para a turma 10', TIMESTAMP '2026-01-10 10:00:00', TIMESTAMP '2026-01-10 11:00:00', 135.00, 135.00, 'AULA', '3834850e-6d3e-5d92-bf1d-d2dae51f87ef', 'c2668eb9-a84c-50bd-8dd4-d050de46381a', NOW(), NOW()),
    ('eed2236e-1704-5bca-b20d-6845930bd5c8', 'Aula 191', 'Aula planejada para a turma 11', TIMESTAMP '2026-01-11 14:00:00', TIMESTAMP '2026-01-11 15:00:00', 150.00, 75.00, 'MENTORIA', 'd757eb0e-05ec-540b-b09a-68e11b37a2ad', 'f4a33534-19e3-54bc-a701-6ac42a696bf5', NOW(), NOW()),
    ('c34cce5c-e15a-5611-820f-af32edcb4539', 'Aula 192', 'Aula planejada para a turma 12', TIMESTAMP '2026-01-12 16:00:00', TIMESTAMP '2026-01-12 17:00:00', 165.00, 0.00, 'TERAPIA', '32f2f665-2161-5d5b-a42f-edb2a1e682f0', '01d0c476-3210-5a0c-b4b2-2085ffff507d', NOW(), NOW()),
    ('4a2c0588-a125-572e-b5c9-f7327233153b', 'Aula 193', 'Aula planejada para a turma 13', TIMESTAMP '2026-01-13 08:00:00', TIMESTAMP '2026-01-13 09:00:00', 180.00, 150.00, 'ORIENTACAO_VOCACIONAL', '1d34a913-d2c6-57c0-8a86-5623f0417400', '4f67c510-bfd3-5b0f-8009-8610c3a4b16d', NOW(), NOW()),
    ('485750a5-82d7-587b-b978-c814053db5fc', 'Aula 194', 'Aula planejada para a turma 14', TIMESTAMP '2026-01-14 10:00:00', TIMESTAMP '2026-01-14 11:00:00', 195.00, 185.00, 'ENEM', '49d50a76-8d8f-5dd6-b714-2dbe63afcab4', 'e5e7469a-6b34-52b6-831a-266f1772388f', NOW(), NOW()),
    ('b2683e30-b18d-5497-b540-f0b36463a8e2', 'Aula 195', 'Aula planejada para a turma 15', TIMESTAMP '2026-01-15 14:00:00', TIMESTAMP '2026-01-15 15:00:00', 210.00, 210.00, 'PAS', 'd65c9f6e-b00a-5d95-ab2d-f695d0f3705a', '365056ad-a355-53e5-ad82-12951b931410', NOW(), NOW()),
    ('d5eb70b0-416c-5a6d-9b7e-06df1cd073bd', 'Aula 196', 'Aula planejada para a turma 16', TIMESTAMP '2026-01-16 16:00:00', TIMESTAMP '2026-01-16 17:00:00', 225.00, 112.50, 'OUTRO', '063018a5-b6c7-55bb-93b9-059745f44990', '03ea8fec-de3b-5533-b7a1-b506a46034f9', NOW(), NOW()),
    ('8fc4580b-6c92-515b-8475-1573f8924ae5', 'Aula 197', 'Aula planejada para a turma 17', TIMESTAMP '2026-01-17 08:00:00', TIMESTAMP '2026-01-17 09:00:00', 240.00, 0.00, 'AULA', 'd7576c3f-5119-54fc-88c8-76e5e2c693e3', 'a4efb7e9-29a7-53c5-aca5-b7d833588fcc', NOW(), NOW()),
    ('8db837b8-63fd-588a-bf4c-22e3e9dc38bd', 'Aula 198', 'Aula planejada para a turma 18', TIMESTAMP '2026-01-18 10:00:00', TIMESTAMP '2026-01-18 11:00:00', 120.00, 90.00, 'MENTORIA', '90eb4fa5-0ae3-5d0d-8147-d6e71d533335', '1912612a-aeb9-5c2b-80f9-c7d27ec2eaab', NOW(), NOW()),
    ('db7c6b85-3fe3-535c-bee6-0b67fc7e41eb', 'Aula 199', 'Aula planejada para a turma 19', TIMESTAMP '2026-01-19 14:00:00', TIMESTAMP '2026-01-19 15:00:00', 135.00, 125.00, 'TERAPIA', 'b07fb55f-203e-5e4e-b6f8-0ecf08a3cd88', '0f57ee02-0088-5683-8a3e-a566324d5f02', NOW(), NOW()),
    ('4cc1e6e1-4004-57b9-b69b-c9a0d40d29f4', 'Aula 200', 'Aula planejada para a turma 20', TIMESTAMP '2026-01-20 16:00:00', TIMESTAMP '2026-01-20 17:00:00', 150.00, 150.00, 'ORIENTACAO_VOCACIONAL', '7b710823-5b38-5ea8-838b-55d87fc2dc05', 'c2668eb9-a84c-50bd-8dd4-d050de46381a', NOW(), NOW())
ON CONFLICT (id) DO NOTHING;
