-- New realistic seed data

INSERT INTO tb_parent (id, name, email, contact, cpf, created_at, updated_at) VALUES
('177368f9-4e3a-492f-8fec-39f5d4729e5a', 'Felipe Soares', 'felipe.soares@298email.com', '61988728994', '99756655356', NOW(), NOW()),
('24006f49-030b-4a2e-853b-d49558b8ce73', 'Rafael Lima', 'rafael.lima@276email.com', '61957308957', '20092400906', NOW(), NOW()),
('3e0a4c08-48ab-4e09-824e-3c2b0569fc88', 'Guilherme Santos', 'guilherme.santos@89email.com', '61943050313', '21015456677', NOW(), NOW()),
('73a76b47-55ef-4097-97b6-a0f7ddf97fd1', 'Enzo Soares', 'enzo.soares@203email.com', '61944297788', '92714408460', NOW(), NOW()),
('ef61a486-9ba7-4197-a917-386d1a825bce', 'Lucas Pereira', 'lucas.pereira@919email.com', '61955861097', '74731838185', NOW(), NOW()),
('cee60348-121c-492f-96bd-4b77c3b61879', 'Gabriel Rodrigues', 'gabriel.rodrigues@581email.com', '61973065924', '12632131898', NOW(), NOW()),
('20fe4467-775a-4084-ae6a-bed4ae39e5f3', 'Rafael Martins', 'rafael.martins@787email.com', '61998839966', '34121851919', NOW(), NOW()),
('d2cf898e-6d1d-4fca-a5e5-0dc66d82d897', 'Julia Gomes', 'julia.gomes@826email.com', '61958716443', '09782441848', NOW(), NOW()),
('2113aa9b-69c5-43ce-af03-a999fe6fe346', 'Helena Carvalho', 'helena.carvalho@55email.com', '61994294129', '41912764687', NOW(), NOW()),
('c926b4c6-cb7a-42c8-956e-51b51839f4a1', 'Mateus Gomes', 'mateus.gomes@346email.com', '61912042091', '60527715344', NOW(), NOW()),
('48ba999e-feb0-485f-a7f4-07c94d931892', 'Laura Rodrigues', 'laura.rodrigues@673email.com', '61944002841', '80621305928', NOW(), NOW()),
('8a098221-9bdc-4fcb-a4ec-0d9a57ea38f8', 'Lucas Vieira', 'lucas.vieira@333email.com', '61993981640', '29762118251', NOW(), NOW()),
('59bc977d-15c8-480e-87e4-01b0a2259cef', 'Gustavo Ribeiro', 'gustavo.ribeiro@896email.com', '61959981983', '99455676320', NOW(), NOW()),
('fbe8b88f-54c4-4c8e-ab8a-782f115a7a23', 'Helena Costa', 'helena.costa@917email.com', '61974194876', '36458982208', NOW(), NOW()),
('3e688e88-2522-4bf5-bcb5-6649a1a91b15', 'Gustavo Barbosa', 'gustavo.barbosa@726email.com', '61992307066', '17872574365', NOW(), NOW()),
('c0432e6b-61bf-4971-8b06-e123e704eece', 'Lucas Lima', 'lucas.lima@545email.com', '61929213750', '25564932404', NOW(), NOW()),
('545b6f21-c4ab-4a4d-b062-87f76621299a', 'Laura Ribeiro', 'laura.ribeiro@188email.com', '61998087641', '21126579505', NOW(), NOW()),
('f56ff8d3-cc17-4e47-9f03-6e828964bf5c', 'Beatriz Pereira', 'beatriz.pereira@484email.com', '61988683476', '69597057204', NOW(), NOW()),
('a73df05d-623a-43ef-b960-b69fadcbd9b3', 'Sophia Oliveira', 'sophia.oliveira@172email.com', '61939847934', '68103811041', NOW(), NOW()),
('430d6df1-2e36-4edb-85a6-26ef6e91251c', 'Rafael Fernandes', 'rafael.fernandes@39email.com', '61972867376', '32643575180', NOW(), NOW()),
('de2c0939-a935-4efa-af7d-68f948460cbe', 'Beatriz Ribeiro', 'beatriz.ribeiro@206email.com', '61931113617', '67523250653', NOW(), NOW()),
('1d549698-6a5b-42a5-944e-7148f446b43e', 'Laura Fernandes', 'laura.fernandes@600email.com', '61927902602', '18270071250', NOW(), NOW()),
('3f853e6e-e9f1-42f3-b3fc-55e1d84b54e4', 'Pedro Alves', 'pedro.alves@144email.com', '61956110955', '38274547608', NOW(), NOW()),
('66928de7-2869-4353-affb-3167134d7fa2', 'Felipe Martins', 'felipe.martins@779email.com', '61965717136', '12864641453', NOW(), NOW()),
('47af543c-2a3a-4c10-b51c-44610f2c2725', 'Rafael Vieira', 'rafael.vieira@549email.com', '61974405175', '00071554254', NOW(), NOW())
ON CONFLICT (id) DO NOTHING;

INSERT INTO tb_employees (id, name, birthdate, pix, contact, cpf, email, duty, created_at, updated_at) VALUES
('b9f41041-6fb1-4bf7-b0de-0c0c478cfcca', 'Gabriel Alves', '2011-10-25', '48014359801', '61976572987', '16021526759', 'gabriel.alves@954aprimorar.dev', 'ADM', NOW(), NOW()),
('740bb9c6-c340-40dc-bb1c-da8e6a75de39', 'Gabriel Vieira', '2009-08-15', '17941903253', '61953424292', '25289994530', 'gabriel.vieira@725aprimorar.dev', 'THERAPIST', NOW(), NOW()),
('10061545-6c62-4986-a274-e74ed4f6079c', 'Alice Gomes', '2010-09-27', '81348865156', '61978034301', '41623383455', 'alice.gomes@571aprimorar.dev', 'THERAPIST', NOW(), NOW()),
('90c7ab76-38e6-4566-8a8f-5f52c941329f', 'Mariana Silva', '2009-12-15', '41742246508', '61927159826', '09482462602', 'mariana.silva@984aprimorar.dev', 'MENTOR', NOW(), NOW()),
('fb3dfddf-d77b-42db-a1ce-90907f03f344', 'João Almeida', '2011-02-13', '10517047748', '61951273595', '82665439093', 'joao.almeida@170aprimorar.dev', 'MENTOR', NOW(), NOW()),
('2a959d85-9b10-4ee5-ae33-9b9a9082dda9', 'Pedro Martins', '2009-07-08', '23661670166', '61984501418', '65001841810', 'pedro.martins@922aprimorar.dev', 'TEACHER', NOW(), NOW()),
('132311e3-26e4-4b01-93e9-ad0814a56f33', 'Rafael Lopes', '2010-01-07', '02325041212', '61926892093', '04684772179', 'rafael.lopes@541aprimorar.dev', 'TEACHER', NOW(), NOW()),
('3dc4cf5e-5530-466a-9c5f-71ddead8eff7', 'Ana Rodrigues', '2008-03-23', '69332740631', '61943049437', '35794130660', 'ana.rodrigues@871aprimorar.dev', 'TEACHER', NOW(), NOW()),
('70978c2c-72d6-4c94-a314-eba8e96678d4', 'Ana Pereira', '2011-07-23', '84128584509', '61933242663', '70354244400', 'ana.pereira@131aprimorar.dev', 'TEACHER', NOW(), NOW()),
('79f9f4f6-8462-45ec-81b3-eabd513397af', 'Gustavo Ribeiro', '2008-12-18', '60907222609', '61926733652', '71110188501', 'gustavo.ribeiro@589aprimorar.dev', 'TEACHER', NOW(), NOW())
ON CONFLICT (id) DO NOTHING;

INSERT INTO tb_students (id, name, contact, email, birthdate, cpf, school, parent_id, street, number, district, city, state, zip, created_at, updated_at) VALUES
('dc3e3962-1658-4708-87a9-ec17f00ee9cd', 'Helena Almeida', '61989749958', 'helena.almeida@552estudante.com', '2015-10-13', '09659673795', 'Escola C', '20fe4467-775a-4084-ae6a-bed4ae39e5f3', 'Rua Ficticia', '474', 'Bairro Centro', 'Brasilia', 'DF', '70000000', NOW(), NOW()),
('57b33dd3-cae3-4237-895f-0779d6d0b06e', 'Enzo Ribeiro', '61974529165', 'enzo.ribeiro@512estudante.com', '2013-08-28', '64868735314', 'Escola B', 'fbe8b88f-54c4-4c8e-ab8a-782f115a7a23', 'Rua Ficticia', '852', 'Bairro Centro', 'Brasilia', 'DF', '70000000', NOW(), NOW()),
('110bee26-df11-4f8a-afa0-48deb8f93fdd', 'Ana Souza', '61966295652', 'ana.souza@319estudante.com', '2019-04-28', '07054544790', 'Escola A', '2113aa9b-69c5-43ce-af03-a999fe6fe346', 'Rua Ficticia', '447', 'Bairro Centro', 'Brasilia', 'DF', '70000000', NOW(), NOW()),
('75360ca6-b7dc-483d-93cb-fedc0e4c7fa1', 'Laura Soares', '61929979986', 'laura.soares@295estudante.com', '2020-05-25', '87197318335', 'Escola B', '66928de7-2869-4353-affb-3167134d7fa2', 'Rua Ficticia', '375', 'Bairro Centro', 'Brasilia', 'DF', '70000000', NOW(), NOW()),
('59a0687a-6310-4fa5-b8b5-175754098b14', 'Beatriz Soares', '61980950166', 'beatriz.soares@946estudante.com', '2018-12-13', '16618861160', 'Escola B', '2113aa9b-69c5-43ce-af03-a999fe6fe346', 'Rua Ficticia', '355', 'Bairro Centro', 'Brasilia', 'DF', '70000000', NOW(), NOW()),
('1a27fe18-ee40-449f-82c4-898c9a865921', 'Julia Alves', '61967142905', 'julia.alves@101estudante.com', '2014-11-02', '97023243275', 'Escola B', 'd2cf898e-6d1d-4fca-a5e5-0dc66d82d897', 'Rua Ficticia', '975', 'Bairro Centro', 'Brasilia', 'DF', '70000000', NOW(), NOW()),
('a044c350-4c58-4386-aca5-525ec395bcb1', 'Mateus Rodrigues', '61987937619', 'mateus.rodrigues@240estudante.com', '2008-12-11', '63296740279', 'Escola A', 'c926b4c6-cb7a-42c8-956e-51b51839f4a1', 'Rua Ficticia', '649', 'Bairro Centro', 'Brasilia', 'DF', '70000000', NOW(), NOW()),
('2909214e-e493-4e04-865a-7fc89b4653b8', 'Mateus Lima', '61928878753', 'mateus.lima@897estudante.com', '2009-01-18', '26601237728', 'Escola A', 'a73df05d-623a-43ef-b960-b69fadcbd9b3', 'Rua Ficticia', '422', 'Bairro Centro', 'Brasilia', 'DF', '70000000', NOW(), NOW()),
('202e12a6-5d28-4d34-8dfc-76f67ac0a62d', 'Julia Costa', '61994649875', 'julia.costa@711estudante.com', '2011-10-19', '64360062222', 'Escola C', '1d549698-6a5b-42a5-944e-7148f446b43e', 'Rua Ficticia', '538', 'Bairro Centro', 'Brasilia', 'DF', '70000000', NOW(), NOW()),
('506300e7-bdd2-4ec7-b0c9-212f893b0e50', 'Gabriel Fernandes', '61979310244', 'gabriel.fernandes@599estudante.com', '2017-07-14', '05341711416', 'Escola C', 'de2c0939-a935-4efa-af7d-68f948460cbe', 'Rua Ficticia', '75', 'Bairro Centro', 'Brasilia', 'DF', '70000000', NOW(), NOW()),
('ce0c3810-a5e9-48a4-b194-23d311f30509', 'Pedro Carvalho', '61983155676', 'pedro.carvalho@454estudante.com', '2008-11-14', '76549186820', 'Escola D', '8a098221-9bdc-4fcb-a4ec-0d9a57ea38f8', 'Rua Ficticia', '446', 'Bairro Centro', 'Brasilia', 'DF', '70000000', NOW(), NOW()),
('f89bf198-4e65-42cf-8bd2-b84bc9892fae', 'Beatriz Soares', '61957050571', 'beatriz.soares@399estudante.com', '2019-06-16', '60860081249', 'Escola A', 'cee60348-121c-492f-96bd-4b77c3b61879', 'Rua Ficticia', '932', 'Bairro Centro', 'Brasilia', 'DF', '70000000', NOW(), NOW()),
('b41e2e01-73ca-4952-8bda-3a632d3bbf7f', 'Pedro Vieira', '61987397546', 'pedro.vieira@821estudante.com', '2010-04-23', '81015004997', 'Escola C', 'ef61a486-9ba7-4197-a917-386d1a825bce', 'Rua Ficticia', '612', 'Bairro Centro', 'Brasilia', 'DF', '70000000', NOW(), NOW()),
('b0221501-766f-4ca5-ae22-e4772a75f13a', 'Gabriel Oliveira', '61995241828', 'gabriel.oliveira@414estudante.com', '2016-03-23', '05206551090', 'Escola B', '47af543c-2a3a-4c10-b51c-44610f2c2725', 'Rua Ficticia', '413', 'Bairro Centro', 'Brasilia', 'DF', '70000000', NOW(), NOW()),
('16375a87-5fee-4743-9669-e3f58687ca32', 'Maria Fernandes', '61956472459', 'maria.fernandes@322estudante.com', '2010-07-09', '90796707154', 'Escola D', '66928de7-2869-4353-affb-3167134d7fa2', 'Rua Ficticia', '858', 'Bairro Centro', 'Brasilia', 'DF', '70000000', NOW(), NOW()),
('88a698cd-9306-4563-be7b-4e9eee2f7fad', 'Felipe Lopes', '61983430769', 'felipe.lopes@397estudante.com', '2018-09-23', '67579469987', 'Escola D', 'a73df05d-623a-43ef-b960-b69fadcbd9b3', 'Rua Ficticia', '914', 'Bairro Centro', 'Brasilia', 'DF', '70000000', NOW(), NOW()),
('03c274a4-c26d-4a38-9aa8-387d8fab66a1', 'Ana Fernandes', '61923789263', 'ana.fernandes@534estudante.com', '2020-02-12', '60137400977', 'Escola B', '3e0a4c08-48ab-4e09-824e-3c2b0569fc88', 'Rua Ficticia', '435', 'Bairro Centro', 'Brasilia', 'DF', '70000000', NOW(), NOW()),
('5a0bec50-b8d4-42cc-b6ea-36489f1215af', 'Sophia Vieira', '61991251684', 'sophia.vieira@220estudante.com', '2016-01-05', '25745553928', 'Escola D', '2113aa9b-69c5-43ce-af03-a999fe6fe346', 'Rua Ficticia', '229', 'Bairro Centro', 'Brasilia', 'DF', '70000000', NOW(), NOW()),
('98cb8ee6-482c-4452-a0f0-95a8c7bcb4b0', 'Beatriz Ribeiro', '61964644331', 'beatriz.ribeiro@158estudante.com', '2010-01-04', '57200283070', 'Escola C', '8a098221-9bdc-4fcb-a4ec-0d9a57ea38f8', 'Rua Ficticia', '84', 'Bairro Centro', 'Brasilia', 'DF', '70000000', NOW(), NOW()),
('4fa5451d-cc56-4db8-be5b-53a0f4da1573', 'Maria Rodrigues', '61927865985', 'maria.rodrigues@33estudante.com', '2021-08-03', '66710200949', 'Escola D', '1d549698-6a5b-42a5-944e-7148f446b43e', 'Rua Ficticia', '971', 'Bairro Centro', 'Brasilia', 'DF', '70000000', NOW(), NOW()),
('c647f166-568a-497a-8564-0298c25c5c83', 'Lucas Soares', '61977560737', 'lucas.soares@815estudante.com', '2020-01-19', '67468560463', 'Escola C', '24006f49-030b-4a2e-853b-d49558b8ce73', 'Rua Ficticia', '213', 'Bairro Centro', 'Brasilia', 'DF', '70000000', NOW(), NOW()),
('bd1a02b3-3117-43f0-a382-3e481f5a2721', 'Giovanna Oliveira', '61985742192', 'giovanna.oliveira@346estudante.com', '2015-08-10', '56107860703', 'Escola D', '3e688e88-2522-4bf5-bcb5-6649a1a91b15', 'Rua Ficticia', '437', 'Bairro Centro', 'Brasilia', 'DF', '70000000', NOW(), NOW()),
('88478ec1-71a8-4b95-9438-4d987eef80c3', 'Helena Lima', '61921196349', 'helena.lima@250estudante.com', '2011-09-30', '57855199926', 'Escola D', '24006f49-030b-4a2e-853b-d49558b8ce73', 'Rua Ficticia', '321', 'Bairro Centro', 'Brasilia', 'DF', '70000000', NOW(), NOW()),
('c0613660-6d88-49ac-9ede-3987148ac7e4', 'Sophia Alves', '61948229234', 'sophia.alves@923estudante.com', '2018-07-13', '69919010162', 'Escola A', '177368f9-4e3a-492f-8fec-39f5d4729e5a', 'Rua Ficticia', '668', 'Bairro Centro', 'Brasilia', 'DF', '70000000', NOW(), NOW()),
('5f03bd63-ecd9-4392-9aa6-65d28d96584e', 'Ana Alves', '61970128231', 'ana.alves@755estudante.com', '2020-09-13', '34940545253', 'Escola C', '66928de7-2869-4353-affb-3167134d7fa2', 'Rua Ficticia', '711', 'Bairro Centro', 'Brasilia', 'DF', '70000000', NOW(), NOW()),
('bfcc73e8-fa69-4cf6-b830-122a599f36b3', 'Alice Oliveira', '61912804842', 'alice.oliveira@824estudante.com', '2014-10-04', '18802711844', 'Escola B', '73a76b47-55ef-4097-97b6-a0f7ddf97fd1', 'Rua Ficticia', '932', 'Bairro Centro', 'Brasilia', 'DF', '70000000', NOW(), NOW()),
('0b6fc78a-6e49-4eaf-8bdd-a687f4aa7c15', 'Gabriel Lopes', '61979712932', 'gabriel.lopes@149estudante.com', '2016-11-18', '08139966355', 'Escola B', '48ba999e-feb0-485f-a7f4-07c94d931892', 'Rua Ficticia', '349', 'Bairro Centro', 'Brasilia', 'DF', '70000000', NOW(), NOW()),
('2589b637-3849-4c28-ab3b-2ddc06ea9eb4', 'Giovanna Carvalho', '61967304116', 'giovanna.carvalho@901estudante.com', '2018-10-31', '39028472983', 'Escola B', 'cee60348-121c-492f-96bd-4b77c3b61879', 'Rua Ficticia', '528', 'Bairro Centro', 'Brasilia', 'DF', '70000000', NOW(), NOW()),
('c7c8ea26-012f-4ed0-a81b-06b39d1eca92', 'Alice Oliveira', '61926016663', 'alice.oliveira@720estudante.com', '2016-04-28', '26071642493', 'Escola C', '3f853e6e-e9f1-42f3-b3fc-55e1d84b54e4', 'Rua Ficticia', '51', 'Bairro Centro', 'Brasilia', 'DF', '70000000', NOW(), NOW()),
('f91f9e89-db14-4716-b9c3-1fc694abc4d4', 'Lucas Fernandes', '61973975310', 'lucas.fernandes@243estudante.com', '2016-08-05', '27481630011', 'Escola C', '545b6f21-c4ab-4a4d-b062-87f76621299a', 'Rua Ficticia', '335', 'Bairro Centro', 'Brasilia', 'DF', '70000000', NOW(), NOW()),
('1fbcad2e-5988-44df-a14a-4305ec048bfa', 'Enzo Carvalho', '61923675874', 'enzo.carvalho@154estudante.com', '2011-05-29', '11270029371', 'Escola B', '430d6df1-2e36-4edb-85a6-26ef6e91251c', 'Rua Ficticia', '433', 'Bairro Centro', 'Brasilia', 'DF', '70000000', NOW(), NOW()),
('fd91af6c-f036-4efa-bc51-933ce3184cf9', 'João Silva', '61973208551', 'joao.silva@550estudante.com', '2018-05-02', '59838621625', 'Escola C', 'cee60348-121c-492f-96bd-4b77c3b61879', 'Rua Ficticia', '330', 'Bairro Centro', 'Brasilia', 'DF', '70000000', NOW(), NOW()),
('a53c9b8c-03cf-403a-b8e3-151b1db918c0', 'Sophia Fernandes', '61965020420', 'sophia.fernandes@349estudante.com', '2015-04-25', '88850638027', 'Escola D', '24006f49-030b-4a2e-853b-d49558b8ce73', 'Rua Ficticia', '875', 'Bairro Centro', 'Brasilia', 'DF', '70000000', NOW(), NOW()),
('65845d37-a1c8-4dd6-a687-645d2dbb3eea', 'Beatriz Ribeiro', '61929246779', 'beatriz.ribeiro@648estudante.com', '2011-06-04', '85343613470', 'Escola B', '3e0a4c08-48ab-4e09-824e-3c2b0569fc88', 'Rua Ficticia', '738', 'Bairro Centro', 'Brasilia', 'DF', '70000000', NOW(), NOW()),
('8d8ea2ea-3ba4-47f7-a7d4-1c78cca1eff9', 'Giovanna Lima', '61914408027', 'giovanna.lima@307estudante.com', '2012-03-17', '70266380760', 'Escola A', '24006f49-030b-4a2e-853b-d49558b8ce73', 'Rua Ficticia', '553', 'Bairro Centro', 'Brasilia', 'DF', '70000000', NOW(), NOW()),
('40daac1a-bac9-4865-976a-40928eadf3a5', 'Enzo Martins', '61951413921', 'enzo.martins@811estudante.com', '2014-04-27', '89759545101', 'Escola C', '20fe4467-775a-4084-ae6a-bed4ae39e5f3', 'Rua Ficticia', '724', 'Bairro Centro', 'Brasilia', 'DF', '70000000', NOW(), NOW()),
('67d8456d-8356-4e3e-9951-1a18ba52e0d1', 'Mateus Lopes', '61942404237', 'mateus.lopes@261estudante.com', '2010-04-29', '63561184405', 'Escola A', 'c926b4c6-cb7a-42c8-956e-51b51839f4a1', 'Rua Ficticia', '741', 'Bairro Centro', 'Brasilia', 'DF', '70000000', NOW(), NOW()),
('1e4b6b32-d76f-485c-b3dd-e5d467937359', 'Helena Oliveira', '61932576254', 'helena.oliveira@56estudante.com', '2016-03-03', '37016652491', 'Escola D', '1d549698-6a5b-42a5-944e-7148f446b43e', 'Rua Ficticia', '691', 'Bairro Centro', 'Brasilia', 'DF', '70000000', NOW(), NOW()),
('f0d22c76-9d6a-478a-b18c-591aa9c29c9d', 'Gustavo Barbosa', '61992169510', 'gustavo.barbosa@230estudante.com', '2011-06-17', '21463349246', 'Escola C', '430d6df1-2e36-4edb-85a6-26ef6e91251c', 'Rua Ficticia', '981', 'Bairro Centro', 'Brasilia', 'DF', '70000000', NOW(), NOW()),
('a5f7edb7-13e7-42d3-b74a-c046968283fe', 'Felipe Barbosa', '61946430853', 'felipe.barbosa@451estudante.com', '2009-02-09', '98018554790', 'Escola D', 'de2c0939-a935-4efa-af7d-68f948460cbe', 'Rua Ficticia', '449', 'Bairro Centro', 'Brasilia', 'DF', '70000000', NOW(), NOW()),
('c857b114-e769-4320-af78-c97921638a72', 'Guilherme Carvalho', '61940044355', 'guilherme.carvalho@451estudante.com', '2009-05-04', '34405492328', 'Escola C', 'c0432e6b-61bf-4971-8b06-e123e704eece', 'Rua Ficticia', '614', 'Bairro Centro', 'Brasilia', 'DF', '70000000', NOW(), NOW()),
('96d46166-4f1a-470e-997e-4d23918a990e', 'Rafael Oliveira', '61911569728', 'rafael.oliveira@511estudante.com', '2008-02-15', '66599615503', 'Escola D', '3f853e6e-e9f1-42f3-b3fc-55e1d84b54e4', 'Rua Ficticia', '684', 'Bairro Centro', 'Brasilia', 'DF', '70000000', NOW(), NOW()),
('e6617ba3-c63f-46b5-8c59-d1c8499ac5cd', 'Mateus Ferreira', '61946897519', 'mateus.ferreira@524estudante.com', '2013-04-02', '54139509341', 'Escola B', '48ba999e-feb0-485f-a7f4-07c94d931892', 'Rua Ficticia', '390', 'Bairro Centro', 'Brasilia', 'DF', '70000000', NOW(), NOW()),
('d563edcd-1feb-426f-9215-b8db67b4c3f4', 'Alice Martins', '61934779044', 'alice.martins@348estudante.com', '2014-04-24', '97341053968', 'Escola A', '177368f9-4e3a-492f-8fec-39f5d4729e5a', 'Rua Ficticia', '227', 'Bairro Centro', 'Brasilia', 'DF', '70000000', NOW(), NOW()),
('efeebd32-986e-4bbd-bdab-a79c517c9524', 'Pedro Carvalho', '61936492936', 'pedro.carvalho@809estudante.com', '2016-03-25', '70183930355', 'Escola D', '430d6df1-2e36-4edb-85a6-26ef6e91251c', 'Rua Ficticia', '109', 'Bairro Centro', 'Brasilia', 'DF', '70000000', NOW(), NOW()),
('4fee398b-c6d0-4679-aed8-170cef95e554', 'Enzo Silva', '61962916386', 'enzo.silva@405estudante.com', '2020-12-07', '60461998912', 'Escola D', 'de2c0939-a935-4efa-af7d-68f948460cbe', 'Rua Ficticia', '367', 'Bairro Centro', 'Brasilia', 'DF', '70000000', NOW(), NOW()),
('a776bbed-5a60-438a-bf01-89228edd97d3', 'Giovanna Fernandes', '61977831247', 'giovanna.fernandes@775estudante.com', '2017-11-09', '81651286205', 'Escola B', 'de2c0939-a935-4efa-af7d-68f948460cbe', 'Rua Ficticia', '412', 'Bairro Centro', 'Brasilia', 'DF', '70000000', NOW(), NOW()),
('77ac0047-f3a8-4e37-be2e-d65990d403cf', 'Felipe Martins', '61948621101', 'felipe.martins@431estudante.com', '2020-08-02', '32260843301', 'Escola A', '48ba999e-feb0-485f-a7f4-07c94d931892', 'Rua Ficticia', '997', 'Bairro Centro', 'Brasilia', 'DF', '70000000', NOW(), NOW()),
('d1266351-0611-44e9-96f5-e60e79eaf012', 'Guilherme Costa', '61983018208', 'guilherme.costa@550estudante.com', '2015-12-17', '47487377784', 'Escola D', '3f853e6e-e9f1-42f3-b3fc-55e1d84b54e4', 'Rua Ficticia', '308', 'Bairro Centro', 'Brasilia', 'DF', '70000000', NOW(), NOW()),
('38f87de1-4fc1-49f8-ab7d-300ce0d52027', 'Maria Barbosa', '61980855061', 'maria.barbosa@812estudante.com', '2012-05-14', '81356251625', 'Escola A', 'cee60348-121c-492f-96bd-4b77c3b61879', 'Rua Ficticia', '99', 'Bairro Centro', 'Brasilia', 'DF', '70000000', NOW(), NOW())
ON CONFLICT (id) DO NOTHING;

INSERT INTO tb_events (id, title, description, start_date_time, end_date_time, price, payment, content, student_id, employee_id, created_at, updated_at) VALUES
('05f0c665-d69a-4a2c-897f-a4304321ac25', 'Sessão de Matemática', 'Atendimento individual focado em objetivos específicos.', '2027-09-22 22:00:00', '2027-09-22 23:30:00', 100.0, 0.0, 'ENEM', 'bfcc73e8-fa69-4cf6-b830-122a599f36b3', '2a959d85-9b10-4ee5-ae33-9b9a9082dda9', NOW(), NOW()),
('c1851480-af42-4128-8eae-d3d9b60e976e', 'Sessão de Matemática', 'Atendimento individual focado em objetivos específicos.', '2027-03-30 03:00:00', '2027-03-30 04:30:00', 200.0, 0.0, 'AULA', 'a5f7edb7-13e7-42d3-b74a-c046968283fe', '2a959d85-9b10-4ee5-ae33-9b9a9082dda9', NOW(), NOW()),
('26cbadd1-37b2-4831-a99c-93c95e3199d0', 'Sessão de Português', 'Atendimento individual focado em objetivos específicos.', '2027-10-26 08:00:00', '2027-10-26 09:00:00', 100.0, 0.0, 'AULA', '4fee398b-c6d0-4679-aed8-170cef95e554', '132311e3-26e4-4b01-93e9-ad0814a56f33', NOW(), NOW()),
('2e76941a-eef1-4d1b-b634-32c20a716a7b', 'Sessão de História', 'Atendimento individual focado em objetivos específicos.', '2027-09-19 10:00:00', '2027-09-19 11:30:00', 150.0, 0.0, 'MENTORIA', 'a776bbed-5a60-438a-bf01-89228edd97d3', '740bb9c6-c340-40dc-bb1c-da8e6a75de39', NOW(), NOW()),
('3d618449-85e4-4c34-912e-5771900ef33f', 'Sessão de História', 'Atendimento individual focado em objetivos específicos.', '2027-10-12 10:00:00', '2027-10-12 12:00:00', 200.0, 0.0, 'MENTORIA', 'bd1a02b3-3117-43f0-a382-3e481f5a2721', '90c7ab76-38e6-4566-8a8f-5f52c941329f', NOW(), NOW()),
('da0f277b-e42e-4599-b1d5-879c0cba9a8c', 'Sessão de Português', 'Atendimento individual focado em objetivos específicos.', '2027-08-20 20:30:00', '2027-08-20 22:30:00', 200.0, 0.0, 'ORIENTACAO_VOCACIONAL', '506300e7-bdd2-4ec7-b0c9-212f893b0e50', '740bb9c6-c340-40dc-bb1c-da8e6a75de39', NOW(), NOW()),
('22570525-9c9a-405b-aa73-a3392aedfa63', 'Sessão de Matemática', 'Atendimento individual focado em objetivos específicos.', '2027-02-13 15:30:00', '2027-02-13 16:30:00', 200.0, 0.0, 'TERAPIA', 'dc3e3962-1658-4708-87a9-ec17f00ee9cd', '2a959d85-9b10-4ee5-ae33-9b9a9082dda9', NOW(), NOW()),
('581915c2-ea23-42fa-9bb6-ade2a7c99061', 'Sessão de Português', 'Atendimento individual focado em objetivos específicos.', '2027-10-21 00:00:00', '2027-10-21 01:30:00', 150.0, 0.0, 'MENTORIA', '67d8456d-8356-4e3e-9951-1a18ba52e0d1', '79f9f4f6-8462-45ec-81b3-eabd513397af', NOW(), NOW()),
('714549ed-9b1f-44fb-9861-51c16d6a9c22', 'Sessão de Física', 'Atendimento individual focado em objetivos específicos.', '2027-04-30 20:00:00', '2027-04-30 21:00:00', 150.0, 0.0, 'ENEM', 'd1266351-0611-44e9-96f5-e60e79eaf012', '2a959d85-9b10-4ee5-ae33-9b9a9082dda9', NOW(), NOW()),
('da67a257-b66c-4a39-b8f2-ed14fa1a08d8', 'Sessão de Física', 'Atendimento individual focado em objetivos específicos.', '2027-08-31 17:30:00', '2027-08-31 19:00:00', 200.0, 0.0, 'ORIENTACAO_VOCACIONAL', '88478ec1-71a8-4b95-9438-4d987eef80c3', '132311e3-26e4-4b01-93e9-ad0814a56f33', NOW(), NOW()),
('a1729a36-b2a0-4865-be21-4800a90e95b3', 'Sessão de Física', 'Atendimento individual focado em objetivos específicos.', '2027-01-30 14:00:00', '2027-01-30 15:00:00', 200.0, 0.0, 'OUTRO', '67d8456d-8356-4e3e-9951-1a18ba52e0d1', '2a959d85-9b10-4ee5-ae33-9b9a9082dda9', NOW(), NOW()),
('0d4579d4-0b1e-424a-9a4f-173afa1c729f', 'Sessão de História', 'Atendimento individual focado em objetivos específicos.', '2027-01-13 15:30:00', '2027-01-13 17:30:00', 150.0, 0.0, 'OUTRO', '98cb8ee6-482c-4452-a0f0-95a8c7bcb4b0', '3dc4cf5e-5530-466a-9c5f-71ddead8eff7', NOW(), NOW()),
('dded0203-f04b-48a2-bbb8-2a93fc9ee14f', 'Sessão de História', 'Atendimento individual focado em objetivos específicos.', '2027-04-13 16:00:00', '2027-04-13 18:00:00', 100.0, 0.0, 'MENTORIA', 'a53c9b8c-03cf-403a-b8e3-151b1db918c0', '70978c2c-72d6-4c94-a314-eba8e96678d4', NOW(), NOW()),
('aaee7972-2148-43d5-b8b2-f069d5f11ca2', 'Sessão de Física', 'Atendimento individual focado em objetivos específicos.', '2027-09-13 11:30:00', '2027-09-13 13:00:00', 200.0, 0.0, 'MENTORIA', 'efeebd32-986e-4bbd-bdab-a79c517c9524', '90c7ab76-38e6-4566-8a8f-5f52c941329f', NOW(), NOW()),
('6b91c20d-fd13-41bd-a07a-f14253b3003e', 'Sessão de História', 'Atendimento individual focado em objetivos específicos.', '2027-06-13 15:30:00', '2027-06-13 17:30:00', 150.0, 0.0, 'TERAPIA', '98cb8ee6-482c-4452-a0f0-95a8c7bcb4b0', '70978c2c-72d6-4c94-a314-eba8e96678d4', NOW(), NOW()),
('25385e95-2d28-4395-89a1-59f610f9b418', 'Sessão de História', 'Atendimento individual focado em objetivos específicos.', '2027-05-30 18:30:00', '2027-05-30 20:00:00', 100.0, 0.0, 'ORIENTACAO_VOCACIONAL', 'efeebd32-986e-4bbd-bdab-a79c517c9524', '10061545-6c62-4986-a274-e74ed4f6079c', NOW(), NOW()),
('b7757b15-3646-45ec-bbfb-c27428006b2d', 'Sessão de Português', 'Atendimento individual focado em objetivos específicos.', '2027-09-05 09:30:00', '2027-09-05 10:30:00', 150.0, 0.0, 'ORIENTACAO_VOCACIONAL', '1fbcad2e-5988-44df-a14a-4305ec048bfa', 'b9f41041-6fb1-4bf7-b0de-0c0c478cfcca', NOW(), NOW()),
('85813eb3-74cd-4d81-ae27-1fd27618917b', 'Sessão de Matemática', 'Atendimento individual focado em objetivos específicos.', '2027-03-24 01:30:00', '2027-03-24 03:30:00', 150.0, 0.0, 'AULA', '98cb8ee6-482c-4452-a0f0-95a8c7bcb4b0', '3dc4cf5e-5530-466a-9c5f-71ddead8eff7', NOW(), NOW()),
('1a43d6aa-da15-4573-80d3-55c84c28d8fe', 'Sessão de Português', 'Atendimento individual focado em objetivos específicos.', '2027-06-27 06:00:00', '2027-06-27 07:30:00', 100.0, 0.0, 'ENEM', '59a0687a-6310-4fa5-b8b5-175754098b14', '132311e3-26e4-4b01-93e9-ad0814a56f33', NOW(), NOW()),
('d0563cb0-33a6-4a8e-9bc9-e3aea64c5164', 'Sessão de História', 'Atendimento individual focado em objetivos específicos.', '2027-08-26 18:30:00', '2027-08-26 20:00:00', 150.0, 0.0, 'ORIENTACAO_VOCACIONAL', 'a53c9b8c-03cf-403a-b8e3-151b1db918c0', '740bb9c6-c340-40dc-bb1c-da8e6a75de39', NOW(), NOW()),
('dbed5e77-9525-4d81-9bbe-35f275804071', 'Sessão de História', 'Atendimento individual focado em objetivos específicos.', '2027-10-22 22:30:00', '2027-10-23 00:30:00', 100.0, 0.0, 'PAS', '5f03bd63-ecd9-4392-9aa6-65d28d96584e', '90c7ab76-38e6-4566-8a8f-5f52c941329f', NOW(), NOW()),
('aec1a6bd-c892-43b5-b65d-d7fe0ed696e3', 'Sessão de Matemática', 'Atendimento individual focado em objetivos específicos.', '2027-06-28 14:00:00', '2027-06-28 15:00:00', 150.0, 0.0, 'MENTORIA', '2909214e-e493-4e04-865a-7fc89b4653b8', '132311e3-26e4-4b01-93e9-ad0814a56f33', NOW(), NOW()),
('a3262fd6-d44c-4522-8421-b01d51a6fa0e', 'Sessão de Matemática', 'Atendimento individual focado em objetivos específicos.', '2027-06-05 08:00:00', '2027-06-05 10:00:00', 200.0, 0.0, 'ORIENTACAO_VOCACIONAL', '88478ec1-71a8-4b95-9438-4d987eef80c3', '10061545-6c62-4986-a274-e74ed4f6079c', NOW(), NOW()),
('a6172fd0-bc6f-454d-b942-1346c0cf2c3e', 'Sessão de Português', 'Atendimento individual focado em objetivos específicos.', '2027-06-06 18:00:00', '2027-06-06 20:00:00', 200.0, 0.0, 'ENEM', 'c7c8ea26-012f-4ed0-a81b-06b39d1eca92', '2a959d85-9b10-4ee5-ae33-9b9a9082dda9', NOW(), NOW()),
('fe7de130-4493-4185-812a-b16db6af6ba3', 'Sessão de Física', 'Atendimento individual focado em objetivos específicos.', '2027-05-23 19:30:00', '2027-05-23 21:00:00', 100.0, 0.0, 'OUTRO', 'efeebd32-986e-4bbd-bdab-a79c517c9524', '740bb9c6-c340-40dc-bb1c-da8e6a75de39', NOW(), NOW()),
('7c9cca60-cb91-442e-a6fc-3cbd4e477dd1', 'Sessão de Matemática', 'Atendimento individual focado em objetivos específicos.', '2027-02-12 14:30:00', '2027-02-12 15:30:00', 200.0, 0.0, 'ORIENTACAO_VOCACIONAL', '16375a87-5fee-4743-9669-e3f58687ca32', '79f9f4f6-8462-45ec-81b3-eabd513397af', NOW(), NOW()),
('ba17926e-829f-46cc-8fc6-a3874bb83c5e', 'Sessão de Matemática', 'Atendimento individual focado em objetivos específicos.', '2027-09-14 03:30:00', '2027-09-14 05:30:00', 150.0, 0.0, 'OUTRO', 'd1266351-0611-44e9-96f5-e60e79eaf012', '90c7ab76-38e6-4566-8a8f-5f52c941329f', NOW(), NOW()),
('faf12eba-0c2a-4267-abe5-8b99023cb932', 'Sessão de Física', 'Atendimento individual focado em objetivos específicos.', '2027-08-14 19:30:00', '2027-08-14 20:30:00', 200.0, 0.0, 'AULA', '77ac0047-f3a8-4e37-be2e-d65990d403cf', 'fb3dfddf-d77b-42db-a1ce-90907f03f344', NOW(), NOW()),
('3ad4a50d-eb5d-44af-a52c-5f9e003c7256', 'Sessão de Matemática', 'Atendimento individual focado em objetivos específicos.', '2027-07-01 21:00:00', '2027-07-01 23:00:00', 150.0, 0.0, 'MENTORIA', '8d8ea2ea-3ba4-47f7-a7d4-1c78cca1eff9', 'fb3dfddf-d77b-42db-a1ce-90907f03f344', NOW(), NOW()),
('f7f77bab-02c3-4b6c-8221-61ec0f264cb8', 'Sessão de Português', 'Atendimento individual focado em objetivos específicos.', '2027-07-20 10:00:00', '2027-07-20 11:00:00', 100.0, 0.0, 'PAS', '16375a87-5fee-4743-9669-e3f58687ca32', '3dc4cf5e-5530-466a-9c5f-71ddead8eff7', NOW(), NOW()),
('0c37b036-7d23-41c5-a714-40a7b811315a', 'Sessão de História', 'Atendimento individual focado em objetivos específicos.', '2027-03-17 09:30:00', '2027-03-17 10:30:00', 100.0, 0.0, 'ENEM', '1e4b6b32-d76f-485c-b3dd-e5d467937359', 'b9f41041-6fb1-4bf7-b0de-0c0c478cfcca', NOW(), NOW()),
('207f0e8c-9661-4e9b-b48e-4cd21a9b117e', 'Sessão de Português', 'Atendimento individual focado em objetivos específicos.', '2027-09-07 18:30:00', '2027-09-07 19:30:00', 150.0, 0.0, 'OUTRO', '4fee398b-c6d0-4679-aed8-170cef95e554', '10061545-6c62-4986-a274-e74ed4f6079c', NOW(), NOW()),
('ce88de82-cf83-4ce2-8a80-471a54c0b07e', 'Sessão de História', 'Atendimento individual focado em objetivos específicos.', '2027-04-19 05:00:00', '2027-04-19 06:30:00', 150.0, 0.0, 'AULA', 'f89bf198-4e65-42cf-8bd2-b84bc9892fae', '2a959d85-9b10-4ee5-ae33-9b9a9082dda9', NOW(), NOW()),
('fa0d0892-0f9b-467b-b34e-0546cf8e0870', 'Sessão de Português', 'Atendimento individual focado em objetivos específicos.', '2027-05-24 00:00:00', '2027-05-24 02:00:00', 100.0, 0.0, 'AULA', '77ac0047-f3a8-4e37-be2e-d65990d403cf', 'fb3dfddf-d77b-42db-a1ce-90907f03f344', NOW(), NOW()),
('ed785c45-dacf-4011-ae09-c7ff40152603', 'Sessão de Matemática', 'Atendimento individual focado em objetivos específicos.', '2027-04-26 21:30:00', '2027-04-26 22:30:00', 200.0, 0.0, 'AULA', 'c857b114-e769-4320-af78-c97921638a72', '132311e3-26e4-4b01-93e9-ad0814a56f33', NOW(), NOW()),
('956f3167-ee11-48b7-8440-4aa8db7fd069', 'Sessão de Física', 'Atendimento individual focado em objetivos específicos.', '2027-04-19 17:30:00', '2027-04-19 19:30:00', 100.0, 0.0, 'MENTORIA', '4fee398b-c6d0-4679-aed8-170cef95e554', 'fb3dfddf-d77b-42db-a1ce-90907f03f344', NOW(), NOW()),
('ab23e7eb-5db1-46a4-be66-bf9b3c424caf', 'Sessão de Física', 'Atendimento individual focado em objetivos específicos.', '2027-08-16 21:00:00', '2027-08-16 22:00:00', 200.0, 0.0, 'AULA', 'd1266351-0611-44e9-96f5-e60e79eaf012', '740bb9c6-c340-40dc-bb1c-da8e6a75de39', NOW(), NOW()),
('78a0e935-5985-403f-ad62-98761edf135a', 'Sessão de Física', 'Atendimento individual focado em objetivos específicos.', '2027-06-10 13:00:00', '2027-06-10 14:30:00', 150.0, 0.0, 'AULA', '16375a87-5fee-4743-9669-e3f58687ca32', '2a959d85-9b10-4ee5-ae33-9b9a9082dda9', NOW(), NOW()),
('0eb7a449-324f-4175-abf1-777d2ff739f5', 'Sessão de História', 'Atendimento individual focado em objetivos específicos.', '2027-10-16 04:00:00', '2027-10-16 05:30:00', 100.0, 0.0, 'OUTRO', '57b33dd3-cae3-4237-895f-0779d6d0b06e', '740bb9c6-c340-40dc-bb1c-da8e6a75de39', NOW(), NOW()),
('57660833-23bc-4a83-885a-9a5499c628aa', 'Sessão de Física', 'Atendimento individual focado em objetivos específicos.', '2027-01-02 12:00:00', '2027-01-02 13:30:00', 150.0, 0.0, 'TERAPIA', 'e6617ba3-c63f-46b5-8c59-d1c8499ac5cd', 'b9f41041-6fb1-4bf7-b0de-0c0c478cfcca', NOW(), NOW()),
('0867303b-1fd9-459c-800d-4549d0e5fd85', 'Sessão de Português', 'Atendimento individual focado em objetivos específicos.', '2027-08-24 00:30:00', '2027-08-24 02:00:00', 100.0, 0.0, 'ENEM', 'bfcc73e8-fa69-4cf6-b830-122a599f36b3', '132311e3-26e4-4b01-93e9-ad0814a56f33', NOW(), NOW()),
('2e1d8a7f-6b53-4b15-a272-d0d0cc6ec34d', 'Sessão de História', 'Atendimento individual focado em objetivos específicos.', '2027-01-11 11:30:00', '2027-01-11 12:30:00', 150.0, 0.0, 'OUTRO', '38f87de1-4fc1-49f8-ab7d-300ce0d52027', '90c7ab76-38e6-4566-8a8f-5f52c941329f', NOW(), NOW()),
('e3b71da7-201d-4206-8c91-559e1fb932b8', 'Sessão de Matemática', 'Atendimento individual focado em objetivos específicos.', '2027-02-04 08:30:00', '2027-02-04 10:30:00', 100.0, 0.0, 'MENTORIA', '8d8ea2ea-3ba4-47f7-a7d4-1c78cca1eff9', '2a959d85-9b10-4ee5-ae33-9b9a9082dda9', NOW(), NOW()),
('6fb00b39-de04-4779-af97-d70369ead1a2', 'Sessão de Português', 'Atendimento individual focado em objetivos específicos.', '2027-12-19 06:30:00', '2027-12-19 08:30:00', 100.0, 0.0, 'MENTORIA', '1e4b6b32-d76f-485c-b3dd-e5d467937359', 'fb3dfddf-d77b-42db-a1ce-90907f03f344', NOW(), NOW()),
('9cc3ba06-1760-4af2-a3d8-e7b1da43c556', 'Sessão de Português', 'Atendimento individual focado em objetivos específicos.', '2027-10-08 23:30:00', '2027-10-09 01:00:00', 100.0, 0.0, 'TERAPIA', '506300e7-bdd2-4ec7-b0c9-212f893b0e50', '79f9f4f6-8462-45ec-81b3-eabd513397af', NOW(), NOW()),
('8a421075-30e1-4d7d-809f-3e057fd252cb', 'Sessão de Português', 'Atendimento individual focado em objetivos específicos.', '2027-08-18 17:00:00', '2027-08-18 18:00:00', 100.0, 0.0, 'TERAPIA', 'd1266351-0611-44e9-96f5-e60e79eaf012', '90c7ab76-38e6-4566-8a8f-5f52c941329f', NOW(), NOW()),
('6b716cee-1a6e-4432-826b-8a27b79d38ff', 'Sessão de Matemática', 'Atendimento individual focado em objetivos específicos.', '2027-11-23 06:30:00', '2027-11-23 08:30:00', 200.0, 0.0, 'ENEM', 'dc3e3962-1658-4708-87a9-ec17f00ee9cd', '10061545-6c62-4986-a274-e74ed4f6079c', NOW(), NOW()),
('5eb628ce-72c3-478b-85b7-172e60a5c4f0', 'Sessão de Matemática', 'Atendimento individual focado em objetivos específicos.', '2027-04-21 02:30:00', '2027-04-21 04:30:00', 100.0, 0.0, 'OUTRO', '40daac1a-bac9-4865-976a-40928eadf3a5', '740bb9c6-c340-40dc-bb1c-da8e6a75de39', NOW(), NOW()),
('26e4c533-9190-4fb0-8df5-d1a1c01a4309', 'Sessão de História', 'Atendimento individual focado em objetivos específicos.', '2027-06-29 05:30:00', '2027-06-29 07:00:00', 200.0, 0.0, 'ORIENTACAO_VOCACIONAL', '59a0687a-6310-4fa5-b8b5-175754098b14', '79f9f4f6-8462-45ec-81b3-eabd513397af', NOW(), NOW()),
('f927e47d-f4ba-4fcd-8242-872288384c51', 'Sessão de Português', 'Atendimento individual focado em objetivos específicos.', '2027-04-30 15:00:00', '2027-04-30 16:30:00', 100.0, 0.0, 'ENEM', 'bd1a02b3-3117-43f0-a382-3e481f5a2721', '3dc4cf5e-5530-466a-9c5f-71ddead8eff7', NOW(), NOW()),
('1b594bc4-a080-4add-9075-18de0222061f', 'Sessão de Matemática', 'Atendimento individual focado em objetivos específicos.', '2027-12-24 04:00:00', '2027-12-24 06:00:00', 150.0, 0.0, 'TERAPIA', '65845d37-a1c8-4dd6-a687-645d2dbb3eea', '79f9f4f6-8462-45ec-81b3-eabd513397af', NOW(), NOW()),
('39d4414c-99ed-437d-bd32-c9c025d0c1b8', 'Sessão de Física', 'Atendimento individual focado em objetivos específicos.', '2027-07-07 16:30:00', '2027-07-07 18:30:00', 200.0, 0.0, 'OUTRO', '0b6fc78a-6e49-4eaf-8bdd-a687f4aa7c15', 'fb3dfddf-d77b-42db-a1ce-90907f03f344', NOW(), NOW()),
('28baf91d-044f-423d-a6c8-a1084dcf62a1', 'Sessão de Português', 'Atendimento individual focado em objetivos específicos.', '2027-12-13 04:00:00', '2027-12-13 05:30:00', 100.0, 0.0, 'MENTORIA', '96d46166-4f1a-470e-997e-4d23918a990e', '3dc4cf5e-5530-466a-9c5f-71ddead8eff7', NOW(), NOW()),
('70507830-39fe-4880-9b24-e2d8caa46f3c', 'Sessão de Português', 'Atendimento individual focado em objetivos específicos.', '2027-06-05 23:30:00', '2027-06-06 01:30:00', 100.0, 0.0, 'TERAPIA', '38f87de1-4fc1-49f8-ab7d-300ce0d52027', '10061545-6c62-4986-a274-e74ed4f6079c', NOW(), NOW()),
('9f2e4be6-3abb-4ef3-9982-5ecbe23e35d0', 'Sessão de Português', 'Atendimento individual focado em objetivos específicos.', '2027-12-02 10:30:00', '2027-12-02 12:30:00', 150.0, 0.0, 'PAS', '4fa5451d-cc56-4db8-be5b-53a0f4da1573', '10061545-6c62-4986-a274-e74ed4f6079c', NOW(), NOW()),
('39591000-e97e-4ded-ab30-91499ae95301', 'Sessão de Física', 'Atendimento individual focado em objetivos específicos.', '2027-07-07 22:00:00', '2027-07-08 00:00:00', 150.0, 0.0, 'ENEM', 'fd91af6c-f036-4efa-bc51-933ce3184cf9', '70978c2c-72d6-4c94-a314-eba8e96678d4', NOW(), NOW()),
('f04b6042-3fdc-40c0-b4ef-e40485131fd7', 'Sessão de História', 'Atendimento individual focado em objetivos específicos.', '2027-05-12 08:00:00', '2027-05-12 09:30:00', 100.0, 0.0, 'ENEM', '77ac0047-f3a8-4e37-be2e-d65990d403cf', '2a959d85-9b10-4ee5-ae33-9b9a9082dda9', NOW(), NOW()),
('65719a62-a10e-4e72-bf0b-7ab22f122c94', 'Sessão de História', 'Atendimento individual focado em objetivos específicos.', '2027-06-07 02:30:00', '2027-06-07 03:30:00', 100.0, 0.0, 'TERAPIA', 'f0d22c76-9d6a-478a-b18c-591aa9c29c9d', '2a959d85-9b10-4ee5-ae33-9b9a9082dda9', NOW(), NOW()),
('a2e4ed33-5fbe-4b8d-96c8-741de9004754', 'Sessão de Matemática', 'Atendimento individual focado em objetivos específicos.', '2027-01-16 20:00:00', '2027-01-16 21:30:00', 200.0, 0.0, 'ORIENTACAO_VOCACIONAL', '75360ca6-b7dc-483d-93cb-fedc0e4c7fa1', '740bb9c6-c340-40dc-bb1c-da8e6a75de39', NOW(), NOW()),
('1216a41a-30b3-466f-9de7-60ccf806dcc3', 'Sessão de História', 'Atendimento individual focado em objetivos específicos.', '2027-12-18 05:30:00', '2027-12-18 06:30:00', 100.0, 0.0, 'AULA', 'bd1a02b3-3117-43f0-a382-3e481f5a2721', '90c7ab76-38e6-4566-8a8f-5f52c941329f', NOW(), NOW()),
('f358759b-4507-4419-bfd4-2ffc1610186c', 'Sessão de Português', 'Atendimento individual focado em objetivos específicos.', '2027-11-06 05:00:00', '2027-11-06 06:30:00', 200.0, 0.0, 'AULA', 'a776bbed-5a60-438a-bf01-89228edd97d3', '79f9f4f6-8462-45ec-81b3-eabd513397af', NOW(), NOW()),
('2fd03bed-bb8b-44c0-b4d5-633b4fbf0c78', 'Sessão de Português', 'Atendimento individual focado em objetivos específicos.', '2027-01-31 22:00:00', '2027-02-01 00:00:00', 100.0, 0.0, 'AULA', '57b33dd3-cae3-4237-895f-0779d6d0b06e', '132311e3-26e4-4b01-93e9-ad0814a56f33', NOW(), NOW()),
('7bf21fa5-78ed-462c-ba5d-07a0abc44464', 'Sessão de Matemática', 'Atendimento individual focado em objetivos específicos.', '2027-07-25 12:00:00', '2027-07-25 13:00:00', 200.0, 0.0, 'PAS', '2589b637-3849-4c28-ab3b-2ddc06ea9eb4', 'fb3dfddf-d77b-42db-a1ce-90907f03f344', NOW(), NOW()),
('9d1a8e06-abae-4b79-b0c7-a5e23384f3d9', 'Sessão de História', 'Atendimento individual focado em objetivos específicos.', '2027-06-03 08:00:00', '2027-06-03 09:30:00', 150.0, 0.0, 'ENEM', '202e12a6-5d28-4d34-8dfc-76f67ac0a62d', '90c7ab76-38e6-4566-8a8f-5f52c941329f', NOW(), NOW()),
('920018eb-d2c1-405e-9a20-21bbf1559392', 'Sessão de Matemática', 'Atendimento individual focado em objetivos específicos.', '2027-09-09 18:00:00', '2027-09-09 19:00:00', 100.0, 0.0, 'AULA', '57b33dd3-cae3-4237-895f-0779d6d0b06e', '90c7ab76-38e6-4566-8a8f-5f52c941329f', NOW(), NOW()),
('94fd4494-9ed2-4a53-ad2e-10806e84922e', 'Sessão de História', 'Atendimento individual focado em objetivos específicos.', '2027-08-15 23:30:00', '2027-08-16 01:30:00', 200.0, 0.0, 'MENTORIA', 'c647f166-568a-497a-8564-0298c25c5c83', 'b9f41041-6fb1-4bf7-b0de-0c0c478cfcca', NOW(), NOW()),
('736e5213-482b-49f1-888e-c3391473d953', 'Sessão de Matemática', 'Atendimento individual focado em objetivos específicos.', '2027-03-11 17:30:00', '2027-03-11 18:30:00', 200.0, 0.0, 'PAS', 'bd1a02b3-3117-43f0-a382-3e481f5a2721', '2a959d85-9b10-4ee5-ae33-9b9a9082dda9', NOW(), NOW()),
('f650c3ed-3a4d-4302-a721-b31b8f8208a0', 'Sessão de Física', 'Atendimento individual focado em objetivos específicos.', '2027-03-08 04:30:00', '2027-03-08 06:00:00', 150.0, 0.0, 'TERAPIA', 'bfcc73e8-fa69-4cf6-b830-122a599f36b3', '70978c2c-72d6-4c94-a314-eba8e96678d4', NOW(), NOW()),
('4b281ac7-159a-4047-8709-15ed42102c64', 'Sessão de História', 'Atendimento individual focado em objetivos específicos.', '2027-01-20 10:30:00', '2027-01-20 11:30:00', 200.0, 0.0, 'OUTRO', 'bd1a02b3-3117-43f0-a382-3e481f5a2721', '3dc4cf5e-5530-466a-9c5f-71ddead8eff7', NOW(), NOW()),
('255fea7f-5b30-4b43-97b3-15dcd9f125b0', 'Sessão de Física', 'Atendimento individual focado em objetivos específicos.', '2027-12-17 17:30:00', '2027-12-17 18:30:00', 100.0, 0.0, 'ORIENTACAO_VOCACIONAL', '57b33dd3-cae3-4237-895f-0779d6d0b06e', '3dc4cf5e-5530-466a-9c5f-71ddead8eff7', NOW(), NOW()),
('0ca8335a-558a-4e77-b5dc-f8515cd3ef87', 'Sessão de Física', 'Atendimento individual focado em objetivos específicos.', '2027-10-04 00:00:00', '2027-10-04 01:30:00', 150.0, 0.0, 'AULA', 'd563edcd-1feb-426f-9215-b8db67b4c3f4', '10061545-6c62-4986-a274-e74ed4f6079c', NOW(), NOW()),
('9a2d1737-0ca0-4ae4-b268-ddb1ffcbb97e', 'Sessão de História', 'Atendimento individual focado em objetivos específicos.', '2027-07-15 13:00:00', '2027-07-15 15:00:00', 200.0, 0.0, 'PAS', 'ce0c3810-a5e9-48a4-b194-23d311f30509', '740bb9c6-c340-40dc-bb1c-da8e6a75de39', NOW(), NOW()),
('35efb923-875a-49f4-9e98-f7a20c2f7ef5', 'Sessão de História', 'Atendimento individual focado em objetivos específicos.', '2027-04-10 15:30:00', '2027-04-10 17:30:00', 150.0, 0.0, 'TERAPIA', '98cb8ee6-482c-4452-a0f0-95a8c7bcb4b0', '70978c2c-72d6-4c94-a314-eba8e96678d4', NOW(), NOW()),
('afb5594d-a1fb-4d41-a943-4834fd5e50f6', 'Sessão de Física', 'Atendimento individual focado em objetivos específicos.', '2027-08-17 10:30:00', '2027-08-17 11:30:00', 100.0, 0.0, 'ENEM', '57b33dd3-cae3-4237-895f-0779d6d0b06e', '90c7ab76-38e6-4566-8a8f-5f52c941329f', NOW(), NOW()),
('97d3c133-ac6f-43c5-a55b-232aeb10e66e', 'Sessão de História', 'Atendimento individual focado em objetivos específicos.', '2027-05-11 17:30:00', '2027-05-11 18:30:00', 200.0, 0.0, 'TERAPIA', '96d46166-4f1a-470e-997e-4d23918a990e', '10061545-6c62-4986-a274-e74ed4f6079c', NOW(), NOW()),
('b1acd990-5a90-4e65-bcf5-a9f3ccdc2cd4', 'Sessão de Português', 'Atendimento individual focado em objetivos específicos.', '2027-06-30 05:30:00', '2027-06-30 06:30:00', 200.0, 0.0, 'ORIENTACAO_VOCACIONAL', '59a0687a-6310-4fa5-b8b5-175754098b14', '10061545-6c62-4986-a274-e74ed4f6079c', NOW(), NOW()),
('57ab416d-ebc5-4dfb-8951-7d01fe3495b2', 'Sessão de Física', 'Atendimento individual focado em objetivos específicos.', '2027-10-29 19:00:00', '2027-10-29 21:00:00', 100.0, 0.0, 'AULA', '96d46166-4f1a-470e-997e-4d23918a990e', '3dc4cf5e-5530-466a-9c5f-71ddead8eff7', NOW(), NOW()),
('41d2508f-afca-459f-b87b-9351c01a6e4c', 'Sessão de Português', 'Atendimento individual focado em objetivos específicos.', '2027-09-15 16:00:00', '2027-09-15 18:00:00', 200.0, 0.0, 'TERAPIA', '4fa5451d-cc56-4db8-be5b-53a0f4da1573', '10061545-6c62-4986-a274-e74ed4f6079c', NOW(), NOW()),
('963cfcbc-3004-4173-ae2f-9222a001ce09', 'Sessão de História', 'Atendimento individual focado em objetivos específicos.', '2027-04-15 08:00:00', '2027-04-15 09:30:00', 100.0, 0.0, 'ORIENTACAO_VOCACIONAL', '16375a87-5fee-4743-9669-e3f58687ca32', '90c7ab76-38e6-4566-8a8f-5f52c941329f', NOW(), NOW()),
('c87004fb-f875-49df-8d5f-550c336fbea3', 'Sessão de Matemática', 'Atendimento individual focado em objetivos específicos.', '2027-10-04 15:30:00', '2027-10-04 17:30:00', 150.0, 0.0, 'ENEM', 'f91f9e89-db14-4716-b9c3-1fc694abc4d4', '3dc4cf5e-5530-466a-9c5f-71ddead8eff7', NOW(), NOW()),
('af8e7772-a5e0-4057-9e16-ac60d73823fc', 'Sessão de História', 'Atendimento individual focado em objetivos específicos.', '2027-04-11 22:30:00', '2027-04-11 23:30:00', 100.0, 0.0, 'AULA', '4fee398b-c6d0-4679-aed8-170cef95e554', '10061545-6c62-4986-a274-e74ed4f6079c', NOW(), NOW()),
('3544de64-91e8-40be-8322-47d67fba378f', 'Sessão de Matemática', 'Atendimento individual focado em objetivos específicos.', '2027-02-09 12:30:00', '2027-02-09 13:30:00', 200.0, 0.0, 'MENTORIA', '96d46166-4f1a-470e-997e-4d23918a990e', 'b9f41041-6fb1-4bf7-b0de-0c0c478cfcca', NOW(), NOW()),
('fd250667-77fa-4226-8d66-f27788cbf40e', 'Sessão de Física', 'Atendimento individual focado em objetivos específicos.', '2027-11-25 12:30:00', '2027-11-25 14:00:00', 100.0, 0.0, 'ORIENTACAO_VOCACIONAL', '5a0bec50-b8d4-42cc-b6ea-36489f1215af', 'fb3dfddf-d77b-42db-a1ce-90907f03f344', NOW(), NOW()),
('8929eda0-c8f5-43e7-8d1a-c81a8154e754', 'Sessão de Matemática', 'Atendimento individual focado em objetivos específicos.', '2027-12-23 22:30:00', '2027-12-24 00:30:00', 200.0, 0.0, 'OUTRO', '03c274a4-c26d-4a38-9aa8-387d8fab66a1', '3dc4cf5e-5530-466a-9c5f-71ddead8eff7', NOW(), NOW()),
('18207e76-2eca-4284-9f88-75c4267a8b56', 'Sessão de História', 'Atendimento individual focado em objetivos específicos.', '2027-02-13 21:30:00', '2027-02-13 22:30:00', 200.0, 0.0, 'TERAPIA', '0b6fc78a-6e49-4eaf-8bdd-a687f4aa7c15', '10061545-6c62-4986-a274-e74ed4f6079c', NOW(), NOW()),
('00ce47f3-d9fa-46cc-af46-8e7c7ea7cbc3', 'Sessão de Matemática', 'Atendimento individual focado em objetivos específicos.', '2027-02-16 08:00:00', '2027-02-16 09:00:00', 200.0, 0.0, 'ORIENTACAO_VOCACIONAL', 'bfcc73e8-fa69-4cf6-b830-122a599f36b3', '79f9f4f6-8462-45ec-81b3-eabd513397af', NOW(), NOW()),
('0a20ac3d-58dd-473d-8bec-adda294922f2', 'Sessão de Matemática', 'Atendimento individual focado em objetivos específicos.', '2027-07-06 19:00:00', '2027-07-06 20:00:00', 100.0, 0.0, 'MENTORIA', '202e12a6-5d28-4d34-8dfc-76f67ac0a62d', 'fb3dfddf-d77b-42db-a1ce-90907f03f344', NOW(), NOW()),
('1c5cf281-67aa-4646-865d-003f17070b33', 'Sessão de Matemática', 'Atendimento individual focado em objetivos específicos.', '2027-07-05 20:00:00', '2027-07-05 21:00:00', 150.0, 0.0, 'ORIENTACAO_VOCACIONAL', '2589b637-3849-4c28-ab3b-2ddc06ea9eb4', '3dc4cf5e-5530-466a-9c5f-71ddead8eff7', NOW(), NOW()),
('19b87a25-444d-4f58-b0c3-0d6538641d45', 'Sessão de História', 'Atendimento individual focado em objetivos específicos.', '2027-03-22 08:30:00', '2027-03-22 10:30:00', 150.0, 0.0, 'MENTORIA', 'ce0c3810-a5e9-48a4-b194-23d311f30509', 'fb3dfddf-d77b-42db-a1ce-90907f03f344', NOW(), NOW()),
('6b2bfc43-b86c-48b2-aab6-ea83c2780390', 'Sessão de Matemática', 'Atendimento individual focado em objetivos específicos.', '2027-09-17 16:30:00', '2027-09-17 17:30:00', 150.0, 0.0, 'ENEM', 'f0d22c76-9d6a-478a-b18c-591aa9c29c9d', '2a959d85-9b10-4ee5-ae33-9b9a9082dda9', NOW(), NOW()),
('ebee2a00-1d34-4eac-aa0e-00ebb16e4e79', 'Sessão de Física', 'Atendimento individual focado em objetivos específicos.', '2027-09-27 16:00:00', '2027-09-27 18:00:00', 100.0, 0.0, 'MENTORIA', '96d46166-4f1a-470e-997e-4d23918a990e', '2a959d85-9b10-4ee5-ae33-9b9a9082dda9', NOW(), NOW()),
('7b1fa848-20fa-4065-86de-c7d46f3e5185', 'Sessão de Física', 'Atendimento individual focado em objetivos específicos.', '2027-06-24 07:30:00', '2027-06-24 09:30:00', 100.0, 0.0, 'AULA', '1a27fe18-ee40-449f-82c4-898c9a865921', 'fb3dfddf-d77b-42db-a1ce-90907f03f344', NOW(), NOW()),
('bd1c23ef-3bdd-49da-9964-e156e97bbbbe', 'Sessão de Física', 'Atendimento individual focado em objetivos específicos.', '2027-01-18 08:00:00', '2027-01-18 10:00:00', 150.0, 0.0, 'ORIENTACAO_VOCACIONAL', '57b33dd3-cae3-4237-895f-0779d6d0b06e', '740bb9c6-c340-40dc-bb1c-da8e6a75de39', NOW(), NOW()),
('690973d8-87d8-403e-a855-64d8c50b1f8b', 'Sessão de Português', 'Atendimento individual focado em objetivos específicos.', '2027-03-26 03:30:00', '2027-03-26 04:30:00', 200.0, 0.0, 'MENTORIA', 'efeebd32-986e-4bbd-bdab-a79c517c9524', '90c7ab76-38e6-4566-8a8f-5f52c941329f', NOW(), NOW()),
('62797b27-20b9-4951-9dfb-93d4665f0732', 'Sessão de História', 'Atendimento individual focado em objetivos específicos.', '2027-11-08 09:30:00', '2027-11-08 11:30:00', 150.0, 0.0, 'ENEM', '65845d37-a1c8-4dd6-a687-645d2dbb3eea', 'b9f41041-6fb1-4bf7-b0de-0c0c478cfcca', NOW(), NOW()),
('61a6d84a-a241-499e-9a1a-c6f1006c7907', 'Sessão de História', 'Atendimento individual focado em objetivos específicos.', '2027-09-14 19:00:00', '2027-09-14 21:00:00', 150.0, 0.0, 'MENTORIA', '88478ec1-71a8-4b95-9438-4d987eef80c3', '3dc4cf5e-5530-466a-9c5f-71ddead8eff7', NOW(), NOW()),
('c639ba23-f030-45f1-b010-a0848ce5c5d3', 'Sessão de História', 'Atendimento individual focado em objetivos específicos.', '2027-02-21 17:00:00', '2027-02-21 18:30:00', 150.0, 0.0, 'PAS', '1fbcad2e-5988-44df-a14a-4305ec048bfa', '90c7ab76-38e6-4566-8a8f-5f52c941329f', NOW(), NOW()),
('54bd09fe-9565-426c-aab6-8325f4ebf140', 'Sessão de Matemática', 'Atendimento individual focado em objetivos específicos.', '2027-12-10 07:00:00', '2027-12-10 08:00:00', 150.0, 0.0, 'OUTRO', '5f03bd63-ecd9-4392-9aa6-65d28d96584e', '79f9f4f6-8462-45ec-81b3-eabd513397af', NOW(), NOW()),
('5ca0c09c-9c51-4ad1-93f3-5b9341e05e0a', 'Sessão de Física', 'Atendimento individual focado em objetivos específicos.', '2027-05-05 06:30:00', '2027-05-05 08:30:00', 200.0, 0.0, 'TERAPIA', '1a27fe18-ee40-449f-82c4-898c9a865921', 'fb3dfddf-d77b-42db-a1ce-90907f03f344', NOW(), NOW()),
('56f07d3c-e0a2-4386-9058-4f1150d14c4f', 'Sessão de Português', 'Atendimento individual focado em objetivos específicos.', '2027-03-15 13:00:00', '2027-03-15 15:00:00', 100.0, 0.0, 'TERAPIA', '1fbcad2e-5988-44df-a14a-4305ec048bfa', '90c7ab76-38e6-4566-8a8f-5f52c941329f', NOW(), NOW()),
('2cdcb21d-d171-426d-bbd8-f63954420715', 'Sessão de Matemática', 'Atendimento individual focado em objetivos específicos.', '2027-10-01 23:30:00', '2027-10-02 00:30:00', 200.0, 0.0, 'AULA', 'b41e2e01-73ca-4952-8bda-3a632d3bbf7f', 'b9f41041-6fb1-4bf7-b0de-0c0c478cfcca', NOW(), NOW()),
('2630cfd0-fd29-43f4-838d-0762122dd9c6', 'Sessão de História', 'Atendimento individual focado em objetivos específicos.', '2027-03-16 11:00:00', '2027-03-16 13:00:00', 150.0, 0.0, 'TERAPIA', '57b33dd3-cae3-4237-895f-0779d6d0b06e', '90c7ab76-38e6-4566-8a8f-5f52c941329f', NOW(), NOW()),
('09c75047-9c93-4567-a51a-569044ebb36d', 'Sessão de Matemática', 'Atendimento individual focado em objetivos específicos.', '2027-02-28 22:00:00', '2027-02-28 23:00:00', 150.0, 0.0, 'TERAPIA', '96d46166-4f1a-470e-997e-4d23918a990e', 'b9f41041-6fb1-4bf7-b0de-0c0c478cfcca', NOW(), NOW()),
('9e7c248b-321a-40e5-84cb-20e31d7712f5', 'Sessão de Física', 'Atendimento individual focado em objetivos específicos.', '2027-04-11 22:00:00', '2027-04-11 23:30:00', 200.0, 0.0, 'MENTORIA', '4fee398b-c6d0-4679-aed8-170cef95e554', '740bb9c6-c340-40dc-bb1c-da8e6a75de39', NOW(), NOW()),
('eac9a7d7-a8d7-4089-b254-8e75d63b2c2d', 'Sessão de Física', 'Atendimento individual focado em objetivos específicos.', '2027-01-30 09:00:00', '2027-01-30 10:00:00', 150.0, 0.0, 'AULA', 'f89bf198-4e65-42cf-8bd2-b84bc9892fae', '3dc4cf5e-5530-466a-9c5f-71ddead8eff7', NOW(), NOW()),
('2df51420-6861-498d-9d3c-c0c278db7920', 'Sessão de Física', 'Atendimento individual focado em objetivos específicos.', '2027-06-01 16:00:00', '2027-06-01 17:30:00', 150.0, 0.0, 'OUTRO', 'ce0c3810-a5e9-48a4-b194-23d311f30509', '2a959d85-9b10-4ee5-ae33-9b9a9082dda9', NOW(), NOW()),
('84567022-1d16-4672-9dfd-413a7cc6a464', 'Sessão de Português', 'Atendimento individual focado em objetivos específicos.', '2027-04-02 04:00:00', '2027-04-02 05:00:00', 200.0, 0.0, 'ENEM', 'd1266351-0611-44e9-96f5-e60e79eaf012', 'b9f41041-6fb1-4bf7-b0de-0c0c478cfcca', NOW(), NOW()),
('15624f21-a2d7-4230-a767-142169ce9c98', 'Sessão de Português', 'Atendimento individual focado em objetivos específicos.', '2027-01-16 01:00:00', '2027-01-16 02:00:00', 100.0, 0.0, 'OUTRO', '4fee398b-c6d0-4679-aed8-170cef95e554', '740bb9c6-c340-40dc-bb1c-da8e6a75de39', NOW(), NOW()),
('eb8a0e3c-ab16-48c5-8078-7b1d4408fa78', 'Sessão de Física', 'Atendimento individual focado em objetivos específicos.', '2027-08-10 14:30:00', '2027-08-10 16:30:00', 100.0, 0.0, 'TERAPIA', 'c857b114-e769-4320-af78-c97921638a72', '70978c2c-72d6-4c94-a314-eba8e96678d4', NOW(), NOW()),
('f6a43179-344d-4906-9100-9a0d004f1b51', 'Sessão de Matemática', 'Atendimento individual focado em objetivos específicos.', '2027-03-30 13:00:00', '2027-03-30 15:00:00', 200.0, 0.0, 'OUTRO', 'a044c350-4c58-4386-aca5-525ec395bcb1', 'b9f41041-6fb1-4bf7-b0de-0c0c478cfcca', NOW(), NOW()),
('d3292491-dc76-4125-a395-f28f04a5347d', 'Sessão de Física', 'Atendimento individual focado em objetivos específicos.', '2027-10-26 13:30:00', '2027-10-26 15:30:00', 150.0, 0.0, 'MENTORIA', 'c647f166-568a-497a-8564-0298c25c5c83', 'fb3dfddf-d77b-42db-a1ce-90907f03f344', NOW(), NOW()),
('f08b952d-8bba-4391-aa05-e2db4b566c29', 'Sessão de História', 'Atendimento individual focado em objetivos específicos.', '2027-07-13 15:30:00', '2027-07-13 17:00:00', 100.0, 0.0, 'PAS', 'a044c350-4c58-4386-aca5-525ec395bcb1', 'fb3dfddf-d77b-42db-a1ce-90907f03f344', NOW(), NOW()),
('6aba7c18-033d-40c2-85d8-715c6804795a', 'Sessão de Matemática', 'Atendimento individual focado em objetivos específicos.', '2027-12-05 08:30:00', '2027-12-05 09:30:00', 200.0, 0.0, 'AULA', 'f0d22c76-9d6a-478a-b18c-591aa9c29c9d', '132311e3-26e4-4b01-93e9-ad0814a56f33', NOW(), NOW()),
('0a5ffb77-762c-450b-9305-b79490c16764', 'Sessão de Física', 'Atendimento individual focado em objetivos específicos.', '2027-11-21 19:00:00', '2027-11-21 20:30:00', 200.0, 0.0, 'MENTORIA', 'c7c8ea26-012f-4ed0-a81b-06b39d1eca92', '740bb9c6-c340-40dc-bb1c-da8e6a75de39', NOW(), NOW()),
('d88fa532-b590-4a57-830b-94d8a87d50b0', 'Sessão de Física', 'Atendimento individual focado em objetivos específicos.', '2027-07-14 04:00:00', '2027-07-14 06:00:00', 200.0, 0.0, 'AULA', '4fee398b-c6d0-4679-aed8-170cef95e554', '79f9f4f6-8462-45ec-81b3-eabd513397af', NOW(), NOW()),
('bf1bf745-1b44-4c47-a58c-604003eba1ad', 'Sessão de Matemática', 'Atendimento individual focado em objetivos específicos.', '2027-08-03 21:00:00', '2027-08-03 22:00:00', 100.0, 0.0, 'AULA', '67d8456d-8356-4e3e-9951-1a18ba52e0d1', '10061545-6c62-4986-a274-e74ed4f6079c', NOW(), NOW()),
('49e035c3-dcc6-4784-b65b-b833ac0fa46a', 'Sessão de História', 'Atendimento individual focado em objetivos específicos.', '2027-05-09 20:30:00', '2027-05-09 22:00:00', 100.0, 0.0, 'ENEM', 'e6617ba3-c63f-46b5-8c59-d1c8499ac5cd', '740bb9c6-c340-40dc-bb1c-da8e6a75de39', NOW(), NOW()),
('18c794a4-cdae-484f-b4ca-b2ba6e0494fc', 'Sessão de Português', 'Atendimento individual focado em objetivos específicos.', '2027-10-27 06:00:00', '2027-10-27 07:30:00', 150.0, 0.0, 'AULA', '4fee398b-c6d0-4679-aed8-170cef95e554', 'b9f41041-6fb1-4bf7-b0de-0c0c478cfcca', NOW(), NOW()),
('8ba29160-4974-400f-a6b5-abf89b1abf33', 'Sessão de Português', 'Atendimento individual focado em objetivos específicos.', '2027-05-23 16:00:00', '2027-05-23 17:00:00', 150.0, 0.0, 'ORIENTACAO_VOCACIONAL', '88478ec1-71a8-4b95-9438-4d987eef80c3', '90c7ab76-38e6-4566-8a8f-5f52c941329f', NOW(), NOW()),
('2803baa0-9caf-48b8-8fe3-1fb334cbb14c', 'Sessão de Matemática', 'Atendimento individual focado em objetivos específicos.', '2027-12-23 21:30:00', '2027-12-23 22:30:00', 100.0, 0.0, 'OUTRO', '1a27fe18-ee40-449f-82c4-898c9a865921', '3dc4cf5e-5530-466a-9c5f-71ddead8eff7', NOW(), NOW()),
('baa12859-2353-443c-8c6e-1fd00ee6fc29', 'Sessão de Português', 'Atendimento individual focado em objetivos específicos.', '2027-07-08 12:00:00', '2027-07-08 14:00:00', 200.0, 0.0, 'AULA', '65845d37-a1c8-4dd6-a687-645d2dbb3eea', '132311e3-26e4-4b01-93e9-ad0814a56f33', NOW(), NOW()),
('9680f130-98cd-4de9-af95-fceb0e73caf6', 'Sessão de História', 'Atendimento individual focado em objetivos específicos.', '2027-12-13 02:00:00', '2027-12-13 04:00:00', 100.0, 0.0, 'ORIENTACAO_VOCACIONAL', 'a044c350-4c58-4386-aca5-525ec395bcb1', 'b9f41041-6fb1-4bf7-b0de-0c0c478cfcca', NOW(), NOW()),
('fcc19bd9-3a15-45c7-9cad-5592bf5addc9', 'Sessão de Matemática', 'Atendimento individual focado em objetivos específicos.', '2027-12-12 21:30:00', '2027-12-12 23:00:00', 100.0, 0.0, 'ENEM', 'b0221501-766f-4ca5-ae22-e4772a75f13a', '3dc4cf5e-5530-466a-9c5f-71ddead8eff7', NOW(), NOW()),
('5121988f-2f5a-4a73-b501-4333534ba4b8', 'Sessão de História', 'Atendimento individual focado em objetivos específicos.', '2027-11-03 14:00:00', '2027-11-03 15:30:00', 200.0, 0.0, 'OUTRO', '65845d37-a1c8-4dd6-a687-645d2dbb3eea', '10061545-6c62-4986-a274-e74ed4f6079c', NOW(), NOW()),
('bc9742c5-63ca-445a-bcd0-40074e4de5ad', 'Sessão de Física', 'Atendimento individual focado em objetivos específicos.', '2027-03-03 14:00:00', '2027-03-03 16:00:00', 200.0, 0.0, 'AULA', '2589b637-3849-4c28-ab3b-2ddc06ea9eb4', '79f9f4f6-8462-45ec-81b3-eabd513397af', NOW(), NOW()),
('56b119e0-a2ac-4350-8049-7eb83e221ae5', 'Sessão de História', 'Atendimento individual focado em objetivos específicos.', '2027-01-11 16:30:00', '2027-01-11 18:00:00', 200.0, 0.0, 'OUTRO', 'b0221501-766f-4ca5-ae22-e4772a75f13a', '10061545-6c62-4986-a274-e74ed4f6079c', NOW(), NOW()),
('60dd9e85-60a1-4bbd-93f6-a74930c7d804', 'Sessão de História', 'Atendimento individual focado em objetivos específicos.', '2027-01-21 10:00:00', '2027-01-21 11:30:00', 200.0, 0.0, 'ENEM', '1a27fe18-ee40-449f-82c4-898c9a865921', 'fb3dfddf-d77b-42db-a1ce-90907f03f344', NOW(), NOW()),
('04f01986-e924-4407-bb13-4de5068ac359', 'Sessão de Português', 'Atendimento individual focado em objetivos específicos.', '2027-11-25 05:00:00', '2027-11-25 07:00:00', 150.0, 0.0, 'MENTORIA', 'f89bf198-4e65-42cf-8bd2-b84bc9892fae', 'b9f41041-6fb1-4bf7-b0de-0c0c478cfcca', NOW(), NOW()),
('8f94da1e-4543-467b-a1b6-67f274643f31', 'Sessão de Português', 'Atendimento individual focado em objetivos específicos.', '2027-04-10 17:00:00', '2027-04-10 18:00:00', 200.0, 0.0, 'PAS', '1e4b6b32-d76f-485c-b3dd-e5d467937359', '2a959d85-9b10-4ee5-ae33-9b9a9082dda9', NOW(), NOW()),
('9f97e9e3-5964-48f7-b16d-66be71af3391', 'Sessão de História', 'Atendimento individual focado em objetivos específicos.', '2027-04-18 18:30:00', '2027-04-18 20:00:00', 200.0, 0.0, 'PAS', '2909214e-e493-4e04-865a-7fc89b4653b8', '79f9f4f6-8462-45ec-81b3-eabd513397af', NOW(), NOW()),
('0b5055e9-74fe-493e-bbdd-0c9d1702d510', 'Sessão de Física', 'Atendimento individual focado em objetivos específicos.', '2027-03-05 23:30:00', '2027-03-06 00:30:00', 200.0, 0.0, 'MENTORIA', 'a776bbed-5a60-438a-bf01-89228edd97d3', '90c7ab76-38e6-4566-8a8f-5f52c941329f', NOW(), NOW()),
('e0024888-25fe-4d88-bb64-9a09a4351cc2', 'Sessão de Português', 'Atendimento individual focado em objetivos específicos.', '2027-10-29 06:00:00', '2027-10-29 08:00:00', 200.0, 0.0, 'AULA', 'efeebd32-986e-4bbd-bdab-a79c517c9524', '70978c2c-72d6-4c94-a314-eba8e96678d4', NOW(), NOW()),
('3702bef8-e3c8-494a-a8a2-33d2326d006a', 'Sessão de Física', 'Atendimento individual focado em objetivos específicos.', '2027-06-11 06:30:00', '2027-06-11 08:30:00', 200.0, 0.0, 'TERAPIA', 'a044c350-4c58-4386-aca5-525ec395bcb1', '10061545-6c62-4986-a274-e74ed4f6079c', NOW(), NOW()),
('5e1f6e6a-ea91-4734-af52-b7045a8fff8e', 'Sessão de História', 'Atendimento individual focado em objetivos específicos.', '2027-04-26 16:00:00', '2027-04-26 17:30:00', 150.0, 0.0, 'AULA', 'dc3e3962-1658-4708-87a9-ec17f00ee9cd', '90c7ab76-38e6-4566-8a8f-5f52c941329f', NOW(), NOW()),
('14986026-2b38-4e0f-bab2-4faabed3e7ec', 'Sessão de Física', 'Atendimento individual focado em objetivos específicos.', '2027-09-21 23:00:00', '2027-09-22 00:30:00', 200.0, 0.0, 'TERAPIA', '38f87de1-4fc1-49f8-ab7d-300ce0d52027', '79f9f4f6-8462-45ec-81b3-eabd513397af', NOW(), NOW()),
('2d69f7c4-44a9-4e7c-8648-ae66eec70333', 'Sessão de Física', 'Atendimento individual focado em objetivos específicos.', '2027-10-11 01:30:00', '2027-10-11 03:30:00', 200.0, 0.0, 'ORIENTACAO_VOCACIONAL', '506300e7-bdd2-4ec7-b0c9-212f893b0e50', '70978c2c-72d6-4c94-a314-eba8e96678d4', NOW(), NOW()),
('f9cdd41b-f0b5-4ad9-ad94-7eba1654f3cf', 'Sessão de Português', 'Atendimento individual focado em objetivos específicos.', '2027-12-25 13:00:00', '2027-12-25 14:00:00', 100.0, 0.0, 'ORIENTACAO_VOCACIONAL', '38f87de1-4fc1-49f8-ab7d-300ce0d52027', '2a959d85-9b10-4ee5-ae33-9b9a9082dda9', NOW(), NOW()),
('d7d65e53-768b-4dee-b6be-178eacad0423', 'Sessão de Português', 'Atendimento individual focado em objetivos específicos.', '2027-06-22 03:00:00', '2027-06-22 04:30:00', 150.0, 0.0, 'OUTRO', '5f03bd63-ecd9-4392-9aa6-65d28d96584e', '740bb9c6-c340-40dc-bb1c-da8e6a75de39', NOW(), NOW()),
('7f07f86f-775a-4ac8-bafc-b29dab2e84f8', 'Sessão de Português', 'Atendimento individual focado em objetivos específicos.', '2027-01-01 13:00:00', '2027-01-01 14:00:00', 100.0, 0.0, 'PAS', 'd563edcd-1feb-426f-9215-b8db67b4c3f4', '70978c2c-72d6-4c94-a314-eba8e96678d4', NOW(), NOW()),
('1b9b4619-dd1e-4fa0-a2fb-51162df82077', 'Sessão de Física', 'Atendimento individual focado em objetivos específicos.', '2027-09-13 00:30:00', '2027-09-13 01:30:00', 100.0, 0.0, 'AULA', '202e12a6-5d28-4d34-8dfc-76f67ac0a62d', 'b9f41041-6fb1-4bf7-b0de-0c0c478cfcca', NOW(), NOW()),
('b2749823-7486-4f28-9082-e72bb05cf646', 'Sessão de Física', 'Atendimento individual focado em objetivos específicos.', '2027-03-28 07:00:00', '2027-03-28 09:00:00', 150.0, 0.0, 'AULA', '57b33dd3-cae3-4237-895f-0779d6d0b06e', '132311e3-26e4-4b01-93e9-ad0814a56f33', NOW(), NOW()),
('b50c7d43-6d1d-4b3e-86ec-9897a2c35f29', 'Sessão de História', 'Atendimento individual focado em objetivos específicos.', '2027-12-17 23:00:00', '2027-12-18 00:00:00', 200.0, 0.0, 'TERAPIA', '67d8456d-8356-4e3e-9951-1a18ba52e0d1', '70978c2c-72d6-4c94-a314-eba8e96678d4', NOW(), NOW()),
('fb8ec4df-0be5-4124-8b16-ce89cbb8046f', 'Sessão de Português', 'Atendimento individual focado em objetivos específicos.', '2027-04-17 06:30:00', '2027-04-17 07:30:00', 150.0, 0.0, 'ENEM', 'efeebd32-986e-4bbd-bdab-a79c517c9524', '132311e3-26e4-4b01-93e9-ad0814a56f33', NOW(), NOW()),
('d012b728-67f7-4e18-8c9d-9a259b14b6e2', 'Sessão de História', 'Atendimento individual focado em objetivos específicos.', '2027-11-08 10:00:00', '2027-11-08 12:00:00', 100.0, 0.0, 'PAS', '57b33dd3-cae3-4237-895f-0779d6d0b06e', 'fb3dfddf-d77b-42db-a1ce-90907f03f344', NOW(), NOW()),
('4ae40967-2327-4fec-8448-393cbcdbf2d1', 'Sessão de Português', 'Atendimento individual focado em objetivos específicos.', '2027-04-03 16:00:00', '2027-04-03 17:00:00', 200.0, 0.0, 'MENTORIA', '67d8456d-8356-4e3e-9951-1a18ba52e0d1', '79f9f4f6-8462-45ec-81b3-eabd513397af', NOW(), NOW()),
('66d158cc-7b2b-4170-81f6-38894dc85990', 'Sessão de Português', 'Atendimento individual focado em objetivos específicos.', '2027-06-01 15:30:00', '2027-06-01 17:00:00', 150.0, 0.0, 'PAS', '40daac1a-bac9-4865-976a-40928eadf3a5', 'b9f41041-6fb1-4bf7-b0de-0c0c478cfcca', NOW(), NOW()),
('268483eb-af22-4d8a-98cd-62cd8cf1e189', 'Sessão de Física', 'Atendimento individual focado em objetivos específicos.', '2027-04-01 16:00:00', '2027-04-01 17:00:00', 150.0, 0.0, 'TERAPIA', 'e6617ba3-c63f-46b5-8c59-d1c8499ac5cd', '79f9f4f6-8462-45ec-81b3-eabd513397af', NOW(), NOW()),
('e5a17f4e-3fa5-4b15-baf0-a54cac1333d7', 'Sessão de Física', 'Atendimento individual focado em objetivos específicos.', '2027-05-08 12:30:00', '2027-05-08 14:30:00', 150.0, 0.0, 'OUTRO', '5f03bd63-ecd9-4392-9aa6-65d28d96584e', '70978c2c-72d6-4c94-a314-eba8e96678d4', NOW(), NOW()),
('7d9dcc98-c1d2-42ec-80df-e36ecf657ad8', 'Sessão de História', 'Atendimento individual focado em objetivos específicos.', '2027-05-27 05:00:00', '2027-05-27 07:00:00', 200.0, 0.0, 'AULA', '59a0687a-6310-4fa5-b8b5-175754098b14', '132311e3-26e4-4b01-93e9-ad0814a56f33', NOW(), NOW()),
('c73d21d4-bc87-4d50-b737-4285530140a3', 'Sessão de Matemática', 'Atendimento individual focado em objetivos específicos.', '2027-08-04 03:00:00', '2027-08-04 05:00:00', 100.0, 0.0, 'TERAPIA', '75360ca6-b7dc-483d-93cb-fedc0e4c7fa1', '132311e3-26e4-4b01-93e9-ad0814a56f33', NOW(), NOW()),
('fc26b4c2-1db7-49dc-98cd-293e4c23cbe5', 'Sessão de Matemática', 'Atendimento individual focado em objetivos específicos.', '2027-09-12 06:30:00', '2027-09-12 07:30:00', 100.0, 0.0, 'MENTORIA', 'f0d22c76-9d6a-478a-b18c-591aa9c29c9d', 'b9f41041-6fb1-4bf7-b0de-0c0c478cfcca', NOW(), NOW()),
('d7825528-761b-479d-b308-671dd3f95248', 'Sessão de Matemática', 'Atendimento individual focado em objetivos específicos.', '2027-07-26 09:00:00', '2027-07-26 10:00:00', 100.0, 0.0, 'AULA', 'a53c9b8c-03cf-403a-b8e3-151b1db918c0', '3dc4cf5e-5530-466a-9c5f-71ddead8eff7', NOW(), NOW()),
('0bd65076-7d7c-4f7a-a720-383bb5377b59', 'Sessão de Matemática', 'Atendimento individual focado em objetivos específicos.', '2027-03-31 14:00:00', '2027-03-31 16:00:00', 100.0, 0.0, 'TERAPIA', '75360ca6-b7dc-483d-93cb-fedc0e4c7fa1', '2a959d85-9b10-4ee5-ae33-9b9a9082dda9', NOW(), NOW()),
('2657a37f-e2b2-46b3-bff8-e7ed1a61a980', 'Sessão de Português', 'Atendimento individual focado em objetivos específicos.', '2027-06-09 09:00:00', '2027-06-09 11:00:00', 200.0, 0.0, 'ORIENTACAO_VOCACIONAL', 'a044c350-4c58-4386-aca5-525ec395bcb1', '70978c2c-72d6-4c94-a314-eba8e96678d4', NOW(), NOW()),
('b0993216-f60f-4e71-a24a-86c78e77a0cb', 'Sessão de História', 'Atendimento individual focado em objetivos específicos.', '2027-06-11 12:00:00', '2027-06-11 13:00:00', 200.0, 0.0, 'MENTORIA', '4fee398b-c6d0-4679-aed8-170cef95e554', '132311e3-26e4-4b01-93e9-ad0814a56f33', NOW(), NOW()),
('e847bf4b-5078-4d4e-8a2e-f45783d0445e', 'Sessão de Português', 'Atendimento individual focado em objetivos específicos.', '2027-03-17 12:00:00', '2027-03-17 14:00:00', 150.0, 0.0, 'TERAPIA', '38f87de1-4fc1-49f8-ab7d-300ce0d52027', '3dc4cf5e-5530-466a-9c5f-71ddead8eff7', NOW(), NOW()),
('18a8919c-e346-4f62-8296-a137864bd4bd', 'Sessão de Física', 'Atendimento individual focado em objetivos específicos.', '2027-06-06 06:00:00', '2027-06-06 07:00:00', 100.0, 0.0, 'TERAPIA', '1fbcad2e-5988-44df-a14a-4305ec048bfa', '2a959d85-9b10-4ee5-ae33-9b9a9082dda9', NOW(), NOW()),
('885de92b-9e82-4f90-840d-fd3c4283e7ac', 'Sessão de Português', 'Atendimento individual focado em objetivos específicos.', '2027-12-20 11:00:00', '2027-12-20 13:00:00', 100.0, 0.0, 'ENEM', '5a0bec50-b8d4-42cc-b6ea-36489f1215af', 'fb3dfddf-d77b-42db-a1ce-90907f03f344', NOW(), NOW()),
('eb2a2f5b-baa3-4aba-bb8c-297f4e34ea4f', 'Sessão de Física', 'Atendimento individual focado em objetivos específicos.', '2027-02-15 10:30:00', '2027-02-15 11:30:00', 100.0, 0.0, 'ENEM', 'c647f166-568a-497a-8564-0298c25c5c83', 'fb3dfddf-d77b-42db-a1ce-90907f03f344', NOW(), NOW()),
('f289d8aa-c7a1-4fc9-a7a3-1c99f0d1eaac', 'Sessão de Português', 'Atendimento individual focado em objetivos específicos.', '2027-12-31 13:30:00', '2027-12-31 14:30:00', 100.0, 0.0, 'TERAPIA', 'fd91af6c-f036-4efa-bc51-933ce3184cf9', '90c7ab76-38e6-4566-8a8f-5f52c941329f', NOW(), NOW()),
('9a1b6e8c-4155-4521-8e5b-46db9d5b0c1d', 'Sessão de História', 'Atendimento individual focado em objetivos específicos.', '2027-09-14 00:00:00', '2027-09-14 02:00:00', 200.0, 0.0, 'AULA', 'a044c350-4c58-4386-aca5-525ec395bcb1', '79f9f4f6-8462-45ec-81b3-eabd513397af', NOW(), NOW()),
('0670b813-b4ef-494c-8cbc-d99503e65c7f', 'Sessão de Física', 'Atendimento individual focado em objetivos específicos.', '2027-05-04 10:00:00', '2027-05-04 12:00:00', 100.0, 0.0, 'TERAPIA', 'd563edcd-1feb-426f-9215-b8db67b4c3f4', '740bb9c6-c340-40dc-bb1c-da8e6a75de39', NOW(), NOW()),
('67b0ff7c-1da6-44f2-8cf9-4cc6f3b86012', 'Sessão de Física', 'Atendimento individual focado em objetivos específicos.', '2027-06-23 13:30:00', '2027-06-23 15:00:00', 100.0, 0.0, 'ENEM', 'a5f7edb7-13e7-42d3-b74a-c046968283fe', '10061545-6c62-4986-a274-e74ed4f6079c', NOW(), NOW()),
('657b6232-c9a1-4e0d-8a7d-b52848b87521', 'Sessão de Física', 'Atendimento individual focado em objetivos específicos.', '2027-04-22 22:00:00', '2027-04-22 23:00:00', 150.0, 0.0, 'MENTORIA', '77ac0047-f3a8-4e37-be2e-d65990d403cf', '10061545-6c62-4986-a274-e74ed4f6079c', NOW(), NOW()),
('f3027a7c-d1b2-4f07-b028-3bdf02845f03', 'Sessão de Português', 'Atendimento individual focado em objetivos específicos.', '2027-07-07 17:00:00', '2027-07-07 18:30:00', 150.0, 0.0, 'ENEM', 'a776bbed-5a60-438a-bf01-89228edd97d3', 'b9f41041-6fb1-4bf7-b0de-0c0c478cfcca', NOW(), NOW()),
('f81c2f33-84c9-4b0f-af47-ec63953d05b3', 'Sessão de Português', 'Atendimento individual focado em objetivos específicos.', '2027-01-05 22:30:00', '2027-01-05 23:30:00', 150.0, 0.0, 'TERAPIA', '67d8456d-8356-4e3e-9951-1a18ba52e0d1', '740bb9c6-c340-40dc-bb1c-da8e6a75de39', NOW(), NOW()),
('29510d61-f2b7-4274-8091-016b8998ef6e', 'Sessão de Português', 'Atendimento individual focado em objetivos específicos.', '2027-02-27 16:00:00', '2027-02-27 17:30:00', 100.0, 0.0, 'AULA', '1a27fe18-ee40-449f-82c4-898c9a865921', 'b9f41041-6fb1-4bf7-b0de-0c0c478cfcca', NOW(), NOW()),
('73c44c23-db57-451e-a67f-013e6e5bcb09', 'Sessão de Matemática', 'Atendimento individual focado em objetivos específicos.', '2027-11-17 18:30:00', '2027-11-17 20:00:00', 100.0, 0.0, 'OUTRO', '0b6fc78a-6e49-4eaf-8bdd-a687f4aa7c15', '70978c2c-72d6-4c94-a314-eba8e96678d4', NOW(), NOW()),
('3002a26f-489d-43c0-9fa8-1b814cf9ae7c', 'Sessão de História', 'Atendimento individual focado em objetivos específicos.', '2027-07-07 06:00:00', '2027-07-07 08:00:00', 100.0, 0.0, 'AULA', '2909214e-e493-4e04-865a-7fc89b4653b8', '10061545-6c62-4986-a274-e74ed4f6079c', NOW(), NOW()),
('fb4f6abe-7cfc-4e2b-9a5b-d8d7c67185a7', 'Sessão de Português', 'Atendimento individual focado em objetivos específicos.', '2027-10-28 13:00:00', '2027-10-28 14:30:00', 150.0, 0.0, 'OUTRO', 'e6617ba3-c63f-46b5-8c59-d1c8499ac5cd', 'fb3dfddf-d77b-42db-a1ce-90907f03f344', NOW(), NOW()),
('88f89497-e1e3-48ed-b824-c42b5a837e1e', 'Sessão de Português', 'Atendimento individual focado em objetivos específicos.', '2027-07-15 08:00:00', '2027-07-15 09:30:00', 100.0, 0.0, 'AULA', '98cb8ee6-482c-4452-a0f0-95a8c7bcb4b0', 'fb3dfddf-d77b-42db-a1ce-90907f03f344', NOW(), NOW()),
('8f8b0939-12a8-4578-bcf3-280069a81cdf', 'Sessão de Física', 'Atendimento individual focado em objetivos específicos.', '2027-03-23 12:00:00', '2027-03-23 13:00:00', 200.0, 0.0, 'TERAPIA', '03c274a4-c26d-4a38-9aa8-387d8fab66a1', '79f9f4f6-8462-45ec-81b3-eabd513397af', NOW(), NOW()),
('08b9cd2f-cfc5-4c61-a7ca-03b98dc47857', 'Sessão de História', 'Atendimento individual focado em objetivos específicos.', '2027-10-01 01:00:00', '2027-10-01 03:00:00', 150.0, 0.0, 'ENEM', 'bfcc73e8-fa69-4cf6-b830-122a599f36b3', '132311e3-26e4-4b01-93e9-ad0814a56f33', NOW(), NOW()),
('8852ee7d-f348-4366-b9b1-fe1c3aceaa87', 'Sessão de História', 'Atendimento individual focado em objetivos específicos.', '2027-01-20 07:30:00', '2027-01-20 09:30:00', 100.0, 0.0, 'TERAPIA', '2589b637-3849-4c28-ab3b-2ddc06ea9eb4', 'b9f41041-6fb1-4bf7-b0de-0c0c478cfcca', NOW(), NOW()),
('357eba4a-2ac8-4a4f-b3f0-1d89644a4f66', 'Sessão de Física', 'Atendimento individual focado em objetivos específicos.', '2027-10-19 21:30:00', '2027-10-19 23:30:00', 200.0, 0.0, 'MENTORIA', '88a698cd-9306-4563-be7b-4e9eee2f7fad', '10061545-6c62-4986-a274-e74ed4f6079c', NOW(), NOW()),
('6e38657e-7773-450e-bd6a-139abe7f093a', 'Sessão de Português', 'Atendimento individual focado em objetivos específicos.', '2027-12-05 18:30:00', '2027-12-05 19:30:00', 150.0, 0.0, 'OUTRO', 'd563edcd-1feb-426f-9215-b8db67b4c3f4', '740bb9c6-c340-40dc-bb1c-da8e6a75de39', NOW(), NOW()),
('877b22f3-abcc-4532-8411-dafe1f575fff', 'Sessão de Física', 'Atendimento individual focado em objetivos específicos.', '2027-09-23 11:00:00', '2027-09-23 12:00:00', 150.0, 0.0, 'OUTRO', 'e6617ba3-c63f-46b5-8c59-d1c8499ac5cd', 'b9f41041-6fb1-4bf7-b0de-0c0c478cfcca', NOW(), NOW()),
('354138ea-34f9-4b52-9733-a686bf6ff8a4', 'Sessão de Matemática', 'Atendimento individual focado em objetivos específicos.', '2027-11-23 19:00:00', '2027-11-23 20:30:00', 150.0, 0.0, 'AULA', 'a044c350-4c58-4386-aca5-525ec395bcb1', '70978c2c-72d6-4c94-a314-eba8e96678d4', NOW(), NOW()),
('84d267c6-5b32-447d-b208-9ba1911359b0', 'Sessão de Português', 'Atendimento individual focado em objetivos específicos.', '2027-11-18 07:30:00', '2027-11-18 09:30:00', 100.0, 0.0, 'MENTORIA', 'fd91af6c-f036-4efa-bc51-933ce3184cf9', '740bb9c6-c340-40dc-bb1c-da8e6a75de39', NOW(), NOW()),
('7b456a9b-ba5f-4baa-8888-bb4fd0010ab9', 'Sessão de Física', 'Atendimento individual focado em objetivos específicos.', '2027-05-25 00:00:00', '2027-05-25 01:00:00', 150.0, 0.0, 'ENEM', 'fd91af6c-f036-4efa-bc51-933ce3184cf9', '740bb9c6-c340-40dc-bb1c-da8e6a75de39', NOW(), NOW()),
('2eb583c0-bf91-4891-98d7-55124bead8f5', 'Sessão de História', 'Atendimento individual focado em objetivos específicos.', '2027-08-02 04:30:00', '2027-08-02 05:30:00', 200.0, 0.0, 'AULA', 'f89bf198-4e65-42cf-8bd2-b84bc9892fae', 'b9f41041-6fb1-4bf7-b0de-0c0c478cfcca', NOW(), NOW()),
('4c827e72-8dab-4cd0-926d-1d3f94b18591', 'Sessão de História', 'Atendimento individual focado em objetivos específicos.', '2027-08-12 15:00:00', '2027-08-12 16:30:00', 200.0, 0.0, 'PAS', 'b0221501-766f-4ca5-ae22-e4772a75f13a', '79f9f4f6-8462-45ec-81b3-eabd513397af', NOW(), NOW()),
('36bf36d9-bd61-4d60-8eab-34b9f60ada97', 'Sessão de Física', 'Atendimento individual focado em objetivos específicos.', '2027-10-27 19:00:00', '2027-10-27 21:00:00', 200.0, 0.0, 'TERAPIA', '4fa5451d-cc56-4db8-be5b-53a0f4da1573', '3dc4cf5e-5530-466a-9c5f-71ddead8eff7', NOW(), NOW()),
('77a79609-87e9-4f0b-a550-aadb59560b2f', 'Sessão de Matemática', 'Atendimento individual focado em objetivos específicos.', '2027-03-27 21:30:00', '2027-03-27 23:30:00', 150.0, 0.0, 'AULA', 'fd91af6c-f036-4efa-bc51-933ce3184cf9', '3dc4cf5e-5530-466a-9c5f-71ddead8eff7', NOW(), NOW()),
('fc9eb82a-b23c-4537-8288-d2baa8d583cf', 'Sessão de Matemática', 'Atendimento individual focado em objetivos específicos.', '2027-01-04 14:00:00', '2027-01-04 16:00:00', 150.0, 0.0, 'AULA', 'b41e2e01-73ca-4952-8bda-3a632d3bbf7f', 'b9f41041-6fb1-4bf7-b0de-0c0c478cfcca', NOW(), NOW()),
('4522c193-0324-47d2-b5f1-1016be6d6f5c', 'Sessão de Física', 'Atendimento individual focado em objetivos específicos.', '2027-05-30 18:00:00', '2027-05-30 19:00:00', 150.0, 0.0, 'MENTORIA', '2589b637-3849-4c28-ab3b-2ddc06ea9eb4', '70978c2c-72d6-4c94-a314-eba8e96678d4', NOW(), NOW()),
('8a695fec-71d4-4030-8e38-121793831551', 'Sessão de História', 'Atendimento individual focado em objetivos específicos.', '2027-12-21 20:00:00', '2027-12-21 22:00:00', 150.0, 0.0, 'TERAPIA', 'c7c8ea26-012f-4ed0-a81b-06b39d1eca92', 'b9f41041-6fb1-4bf7-b0de-0c0c478cfcca', NOW(), NOW()),
('214958b8-91f4-4548-a77e-4896d68dae4c', 'Sessão de Português', 'Atendimento individual focado em objetivos específicos.', '2027-01-06 08:30:00', '2027-01-06 10:00:00', 200.0, 0.0, 'MENTORIA', 'ce0c3810-a5e9-48a4-b194-23d311f30509', '70978c2c-72d6-4c94-a314-eba8e96678d4', NOW(), NOW()),
('b808acb9-b5e6-47d3-8971-136e648cc348', 'Sessão de Matemática', 'Atendimento individual focado em objetivos específicos.', '2027-04-16 23:30:00', '2027-04-17 00:30:00', 200.0, 0.0, 'ORIENTACAO_VOCACIONAL', '96d46166-4f1a-470e-997e-4d23918a990e', 'b9f41041-6fb1-4bf7-b0de-0c0c478cfcca', NOW(), NOW()),
('e38a455e-9b30-431d-95cf-da85dfffd1bd', 'Sessão de Português', 'Atendimento individual focado em objetivos específicos.', '2027-07-05 02:00:00', '2027-07-05 04:00:00', 200.0, 0.0, 'TERAPIA', 'c0613660-6d88-49ac-9ede-3987148ac7e4', '10061545-6c62-4986-a274-e74ed4f6079c', NOW(), NOW()),
('94174c3e-775a-40f6-9319-1bcb73293d9d', 'Sessão de Matemática', 'Atendimento individual focado em objetivos específicos.', '2027-09-08 03:30:00', '2027-09-08 05:00:00', 150.0, 0.0, 'AULA', '8d8ea2ea-3ba4-47f7-a7d4-1c78cca1eff9', '10061545-6c62-4986-a274-e74ed4f6079c', NOW(), NOW()),
('cbccd4ac-e42d-4dce-8ebd-e1d942d23167', 'Sessão de História', 'Atendimento individual focado em objetivos específicos.', '2027-02-14 02:30:00', '2027-02-14 03:30:00', 100.0, 0.0, 'MENTORIA', '1e4b6b32-d76f-485c-b3dd-e5d467937359', '10061545-6c62-4986-a274-e74ed4f6079c', NOW(), NOW()),
('500443ce-6212-44f4-8003-8299be6cbdf2', 'Sessão de Matemática', 'Atendimento individual focado em objetivos específicos.', '2027-04-24 15:30:00', '2027-04-24 17:00:00', 100.0, 0.0, 'ORIENTACAO_VOCACIONAL', '1a27fe18-ee40-449f-82c4-898c9a865921', '740bb9c6-c340-40dc-bb1c-da8e6a75de39', NOW(), NOW()),
('56616343-9054-4698-ae09-8c50db147ca6', 'Sessão de Português', 'Atendimento individual focado em objetivos específicos.', '2027-03-18 05:00:00', '2027-03-18 07:00:00', 150.0, 0.0, 'AULA', '506300e7-bdd2-4ec7-b0c9-212f893b0e50', '2a959d85-9b10-4ee5-ae33-9b9a9082dda9', NOW(), NOW()),
('f5e7064e-ab59-42d7-b3a4-1a43b80068b8', 'Sessão de Matemática', 'Atendimento individual focado em objetivos específicos.', '2027-04-10 16:30:00', '2027-04-10 17:30:00', 100.0, 0.0, 'MENTORIA', 'a5f7edb7-13e7-42d3-b74a-c046968283fe', '10061545-6c62-4986-a274-e74ed4f6079c', NOW(), NOW()),
('f09f5bef-a672-4af3-b7c9-3e47e79f8ec6', 'Sessão de História', 'Atendimento individual focado em objetivos específicos.', '2027-12-25 11:00:00', '2027-12-25 13:00:00', 150.0, 0.0, 'AULA', 'd1266351-0611-44e9-96f5-e60e79eaf012', '79f9f4f6-8462-45ec-81b3-eabd513397af', NOW(), NOW()),
('cd6759c2-cd7b-4675-9e1a-4eef933baaa5', 'Sessão de Física', 'Atendimento individual focado em objetivos específicos.', '2027-02-20 16:00:00', '2027-02-20 18:00:00', 100.0, 0.0, 'MENTORIA', '38f87de1-4fc1-49f8-ab7d-300ce0d52027', '79f9f4f6-8462-45ec-81b3-eabd513397af', NOW(), NOW()),
('2f626b68-4150-4fbc-8bea-0a06084a2c31', 'Sessão de História', 'Atendimento individual focado em objetivos específicos.', '2027-08-05 00:30:00', '2027-08-05 02:30:00', 200.0, 0.0, 'ORIENTACAO_VOCACIONAL', '110bee26-df11-4f8a-afa0-48deb8f93fdd', 'b9f41041-6fb1-4bf7-b0de-0c0c478cfcca', NOW(), NOW()),
('fed04898-f979-4f8c-8c47-f21d78d6a0ce', 'Sessão de Matemática', 'Atendimento individual focado em objetivos específicos.', '2027-11-12 10:30:00', '2027-11-12 12:00:00', 150.0, 0.0, 'AULA', '75360ca6-b7dc-483d-93cb-fedc0e4c7fa1', '79f9f4f6-8462-45ec-81b3-eabd513397af', NOW(), NOW()),
('a180c3d9-7bb3-43c2-a7f1-a247eb405a7b', 'Sessão de Matemática', 'Atendimento individual focado em objetivos específicos.', '2027-06-13 06:30:00', '2027-06-13 07:30:00', 100.0, 0.0, 'ENEM', '0b6fc78a-6e49-4eaf-8bdd-a687f4aa7c15', '740bb9c6-c340-40dc-bb1c-da8e6a75de39', NOW(), NOW())
ON CONFLICT (id) DO NOTHING;
