-- New realistic seed data with fixed payment logic

INSERT INTO tb_parent (id, name, email, contact, cpf, created_at, updated_at) VALUES
('1af16e21-c9c6-4209-adea-d98c22821f68', 'Maria Santos', 'maria.santos@232email.com', '61988923025', '79473616228', NOW(), NOW()),
('7e7e2e68-7e1f-4d3b-8118-c895b2e6d71b', 'Helena Souza', 'helena.souza@345email.com', '61939855022', '54842832053', NOW(), NOW()),
('e4f03008-9e99-4369-b458-0343987f8e3f', 'Giovanna Costa', 'giovanna.costa@317email.com', '61981673078', '11523642009', NOW(), NOW()),
('cb70ef76-ae4a-4bdc-a365-07775f4cee6d', 'Alice Martins', 'alice.martins@876email.com', '61961747059', '50041706307', NOW(), NOW()),
('b53dca6f-e4c8-481f-a7d7-a925f1e45c86', 'Julia Ferreira', 'julia.ferreira@253email.com', '61979162580', '95083115336', NOW(), NOW()),
('962b93bc-9c78-4a91-aa37-794f1546be44', 'Felipe Fernandes', 'felipe.fernandes@350email.com', '61969071826', '09946456273', NOW(), NOW()),
('e90ed228-5104-45c3-91fb-0ce0f07ac0a9', 'Gustavo Ribeiro', 'gustavo.ribeiro@186email.com', '61934432290', '07133576309', NOW(), NOW()),
('910019ee-3f97-4cab-9960-86952fc20bea', 'Julia Lima', 'julia.lima@17email.com', '61991981330', '22441293494', NOW(), NOW()),
('4baded25-c7f8-4986-99d8-a30f0de54f8d', 'Sophia Ribeiro', 'sophia.ribeiro@409email.com', '61997780772', '53937828109', NOW(), NOW()),
('6bf5ea9e-b188-4026-aac2-a666b6e44f15', 'Lucas Gomes', 'lucas.gomes@77email.com', '61922302517', '14274376885', NOW(), NOW()),
('573f70ea-2e2f-422f-916f-3e8357cd7963', 'Beatriz Oliveira', 'beatriz.oliveira@610email.com', '61939984583', '52108968466', NOW(), NOW()),
('79851219-3f1d-4c81-a7d4-56b4de20cbeb', 'Enzo Pereira', 'enzo.pereira@931email.com', '61977166371', '52228942405', NOW(), NOW()),
('57af82d3-85e3-4ccf-93e6-b6285cbcaec4', 'Enzo Gomes', 'enzo.gomes@156email.com', '61948701296', '22414189606', NOW(), NOW()),
('aac60eaf-18ee-46b0-8c45-dfb58d0751c5', 'Julia Barbosa', 'julia.barbosa@471email.com', '61965011464', '59967614161', NOW(), NOW()),
('ca59d842-3215-4eb3-ad66-9bd27eac9666', 'Giovanna Ribeiro', 'giovanna.ribeiro@314email.com', '61931077134', '97563275886', NOW(), NOW()),
('5f281ce0-4925-4844-9602-2668385c2d1f', 'Pedro Rodrigues', 'pedro.rodrigues@140email.com', '61914092164', '98960622001', NOW(), NOW()),
('002693e4-3ce9-4656-93f2-c433a5e7cd2d', 'Guilherme Almeida', 'guilherme.almeida@596email.com', '61913409350', '02222731607', NOW(), NOW()),
('51b60b74-d7b1-48de-aec4-37de8e953109', 'Guilherme Ribeiro', 'guilherme.ribeiro@236email.com', '61960237012', '35937380827', NOW(), NOW()),
('689621ba-a632-4183-a99b-bfdef53e7383', 'Sophia Rodrigues', 'sophia.rodrigues@225email.com', '61925092036', '03840700868', NOW(), NOW()),
('75eadef1-cd34-4582-868f-45979f19699d', 'Guilherme Almeida', 'guilherme.almeida@83email.com', '61913018934', '65811994273', NOW(), NOW()),
('b93d5d11-8567-410f-a39f-ce641ea957b6', 'Sophia Almeida', 'sophia.almeida@842email.com', '61930530465', '69719000651', NOW(), NOW()),
('83f6c54d-bbb2-4564-9281-4e34d744be49', 'Rafael Santos', 'rafael.santos@253email.com', '61965373860', '06742132469', NOW(), NOW()),
('83f2ab44-97d4-4058-9822-864420421c09', 'Rafael Alves', 'rafael.alves@113email.com', '61932845970', '15023263371', NOW(), NOW()),
('cb01cc7b-c8ea-40e3-a11f-4ce0165e8b12', 'Julia Martins', 'julia.martins@653email.com', '61970910001', '09632291255', NOW(), NOW()),
('99c04c3d-f609-4f0c-8063-5da9b2ef374c', 'Gustavo Martins', 'gustavo.martins@735email.com', '61964289127', '38555015561', NOW(), NOW())
ON CONFLICT (id) DO NOTHING;

INSERT INTO tb_employees (id, name, birthdate, pix, contact, cpf, email, duty, created_at, updated_at) VALUES
('b71fa3e6-31f0-4ef5-a650-1bccae83302e', 'Beatriz Santos', '2008-12-18', '33675240185', '61955228868', '89720151137', 'beatriz.santos@731aprimorar.dev', 'ADM', NOW(), NOW()),
('6c3c3276-2c08-446f-ad33-112754ce36fc', 'Maria Santos', '2009-05-09', '85604938750', '61939705914', '81876661372', 'maria.santos@599aprimorar.dev', 'THERAPIST', NOW(), NOW()),
('16b1c731-d231-4617-8f09-4949641a1756', 'Maria Lopes', '2009-03-02', '74532024269', '61978089314', '24375790520', 'maria.lopes@451aprimorar.dev', 'THERAPIST', NOW(), NOW()),
('3e813e14-18c6-4143-b84c-765ab2ef47c6', 'Felipe Vieira', '2009-10-16', '20684516543', '61994358889', '33376797226', 'felipe.vieira@680aprimorar.dev', 'MENTOR', NOW(), NOW()),
('0d4068f2-a185-4c0c-abfe-8f8571783b93', 'Ana Pereira', '2011-01-06', '68847780918', '61950131085', '36314041660', 'ana.pereira@650aprimorar.dev', 'MENTOR', NOW(), NOW()),
('32eb3daf-d3d9-41a0-a851-af6ede9c0997', 'Sophia Ribeiro', '2008-03-09', '81913061159', '61910298706', '64563009326', 'sophia.ribeiro@565aprimorar.dev', 'TEACHER', NOW(), NOW()),
('cec64950-00b3-4e74-9ba0-a92da9c268ff', 'Julia Costa', '2009-06-04', '20299044572', '61940132335', '64691780904', 'julia.costa@905aprimorar.dev', 'TEACHER', NOW(), NOW()),
('ce296eca-d629-40af-b459-398ebb050d30', 'Enzo Souza', '2010-05-10', '39047257855', '61954027655', '30083274006', 'enzo.souza@249aprimorar.dev', 'TEACHER', NOW(), NOW()),
('48166663-3ae5-4796-9170-2d2769313620', 'Julia Soares', '2008-05-01', '43945724449', '61952917510', '92146354801', 'julia.soares@428aprimorar.dev', 'TEACHER', NOW(), NOW()),
('711dfe8e-eace-45bd-be3d-d7b60add38bb', 'Lucas Soares', '2008-01-14', '72421515033', '61995948842', '53863514947', 'lucas.soares@286aprimorar.dev', 'TEACHER', NOW(), NOW())
ON CONFLICT (id) DO NOTHING;

INSERT INTO tb_students (id, name, contact, email, birthdate, cpf, school, parent_id, street, district, city, state, zip, created_at, updated_at) VALUES
('eb529f0f-eb1d-4973-ac4c-c21cdc884bd1', 'Rafael Fernandes', '61926546513', 'rafael.fernandes@147estudante.com', '2011-04-05', '47751630191', 'Escola D', '910019ee-3f97-4cab-9960-86952fc20bea', 'Rua Ficticia', 'Bairro Centro', 'Brasilia', 'DF', '70000000', NOW(), NOW()),
('464cb12c-2370-4914-b98a-064c08031921', 'Pedro Souza', '61992664113', 'pedro.souza@673estudante.com', '2017-11-30', '44604100012', 'Escola A', 'e4f03008-9e99-4369-b458-0343987f8e3f', 'Rua Ficticia', 'Bairro Centro', 'Brasilia', 'DF', '70000000', NOW(), NOW()),
('ac5a1121-0a89-4c24-a14c-2bf5464fd049', 'Felipe Vieira', '61936947403', 'felipe.vieira@34estudante.com', '2010-12-15', '47876785824', 'Escola B', '962b93bc-9c78-4a91-aa37-794f1546be44', 'Rua Ficticia', 'Bairro Centro', 'Brasilia', 'DF', '70000000', NOW(), NOW()),
('8a8769b7-3ffb-4953-9171-55ce0cd4f4a2', 'Gustavo Ferreira', '61976736775', 'gustavo.ferreira@257estudante.com', '2008-07-20', '29205425249', 'Escola A', '7e7e2e68-7e1f-4d3b-8118-c895b2e6d71b', 'Rua Ficticia', 'Bairro Centro', 'Brasilia', 'DF', '70000000', NOW(), NOW()),
('c236e5b6-6201-4d5d-abf3-81144f9e3950', 'Sophia Pereira', '61917667968', 'sophia.pereira@175estudante.com', '2016-03-29', '57563404082', 'Escola D', 'e90ed228-5104-45c3-91fb-0ce0f07ac0a9', 'Rua Ficticia', 'Bairro Centro', 'Brasilia', 'DF', '70000000', NOW(), NOW()),
('bace1037-3a98-4bc7-9ab6-de9d06b662c0', 'Rafael Fernandes', '61981562118', 'rafael.fernandes@40estudante.com', '2012-12-10', '08223121077', 'Escola B', 'e4f03008-9e99-4369-b458-0343987f8e3f', 'Rua Ficticia', 'Bairro Centro', 'Brasilia', 'DF', '70000000', NOW(), NOW()),
('1dff5756-ce1e-4eb8-a242-222d3bbe81b9', 'Mateus Costa', '61980006373', 'mateus.costa@707estudante.com', '2018-04-22', '02397606895', 'Escola B', 'e4f03008-9e99-4369-b458-0343987f8e3f', 'Rua Ficticia', 'Bairro Centro', 'Brasilia', 'DF', '70000000', NOW(), NOW()),
('c300383f-c7fa-4aa1-9ead-cd9911f2bf11', 'João Martins', '61956647883', 'joao.martins@503estudante.com', '2021-10-14', '56818325700', 'Escola D', '83f6c54d-bbb2-4564-9281-4e34d744be49', 'Rua Ficticia', 'Bairro Centro', 'Brasilia', 'DF', '70000000', NOW(), NOW()),
('f255d37f-e801-46f3-ba9b-a2f7fa57acc0', 'Laura Pereira', '61924050097', 'laura.pereira@843estudante.com', '2021-06-17', '75784998234', 'Escola B', 'e90ed228-5104-45c3-91fb-0ce0f07ac0a9', 'Rua Ficticia', 'Bairro Centro', 'Brasilia', 'DF', '70000000', NOW(), NOW()),
('f40026c0-1de0-4b64-a332-d528deed5f24', 'Felipe Gomes', '61985936143', 'felipe.gomes@114estudante.com', '2018-11-17', '66128431526', 'Escola A', 'b53dca6f-e4c8-481f-a7d7-a925f1e45c86', 'Rua Ficticia', 'Bairro Centro', 'Brasilia', 'DF', '70000000', NOW(), NOW()),
('928edb2e-8a2c-4704-86f0-bfa655e2ae34', 'Gabriel Martins', '61964198905', 'gabriel.martins@936estudante.com', '2020-05-18', '33656012105', 'Escola C', 'b93d5d11-8567-410f-a39f-ce641ea957b6', 'Rua Ficticia', 'Bairro Centro', 'Brasilia', 'DF', '70000000', NOW(), NOW()),
('b03f2e86-ad0d-42ce-a3fd-ee8f9d69cc73', 'Rafael Almeida', '61943638805', 'rafael.almeida@434estudante.com', '2021-07-27', '65201490808', 'Escola C', '689621ba-a632-4183-a99b-bfdef53e7383', 'Rua Ficticia', 'Bairro Centro', 'Brasilia', 'DF', '70000000', NOW(), NOW()),
('e5744476-c1c5-4cd0-a3b3-d24d6ff1c94c', 'Alice Oliveira', '61937092912', 'alice.oliveira@444estudante.com', '2016-12-18', '18733984760', 'Escola D', '83f2ab44-97d4-4058-9822-864420421c09', 'Rua Ficticia', 'Bairro Centro', 'Brasilia', 'DF', '70000000', NOW(), NOW()),
('5e840982-2c89-4451-8562-255f4ffa2a9a', 'Enzo Soares', '61936747187', 'enzo.soares@863estudante.com', '2012-01-14', '22262172668', 'Escola A', '51b60b74-d7b1-48de-aec4-37de8e953109', 'Rua Ficticia', 'Bairro Centro', 'Brasilia', 'DF', '70000000', NOW(), NOW()),
('5bc5afed-088c-4a45-9e5d-97d18217ee6d', 'Guilherme Rodrigues', '61912542686', 'guilherme.rodrigues@419estudante.com', '2019-06-18', '83789419575', 'Escola C', '83f2ab44-97d4-4058-9822-864420421c09', 'Rua Ficticia', 'Bairro Centro', 'Brasilia', 'DF', '70000000', NOW(), NOW()),
('18b23ce2-cce7-4ca8-bbe6-b94a6d2ea44e', 'Pedro Barbosa', '61966149986', 'pedro.barbosa@482estudante.com', '2019-10-03', '31589312147', 'Escola A', '6bf5ea9e-b188-4026-aac2-a666b6e44f15', 'Rua Ficticia', 'Bairro Centro', 'Brasilia', 'DF', '70000000', NOW(), NOW()),
('1853e9a1-4f3d-43a1-8582-e9c586211911', 'Helena Lopes', '61999842699', 'helena.lopes@541estudante.com', '2019-03-14', '82945678330', 'Escola A', '4baded25-c7f8-4986-99d8-a30f0de54f8d', 'Rua Ficticia', 'Bairro Centro', 'Brasilia', 'DF', '70000000', NOW(), NOW()),
('809421c4-7fad-4924-80af-3f34a967b205', 'Maria Silva', '61916375944', 'maria.silva@508estudante.com', '2020-01-09', '38391174298', 'Escola C', '1af16e21-c9c6-4209-adea-d98c22821f68', 'Rua Ficticia', 'Bairro Centro', 'Brasilia', 'DF', '70000000', NOW(), NOW()),
('c8750dbd-4c24-4a20-9719-31f1673d7995', 'Felipe Barbosa', '61962428200', 'felipe.barbosa@38estudante.com', '2019-12-31', '99071499006', 'Escola A', '99c04c3d-f609-4f0c-8063-5da9b2ef374c', 'Rua Ficticia', 'Bairro Centro', 'Brasilia', 'DF', '70000000', NOW(), NOW()),
('3e00f56d-75c6-4433-9c97-d0fdab9b7561', 'Laura Fernandes', '61992321758', 'laura.fernandes@727estudante.com', '2016-09-27', '68274427807', 'Escola B', '7e7e2e68-7e1f-4d3b-8118-c895b2e6d71b', 'Rua Ficticia', 'Bairro Centro', 'Brasilia', 'DF', '70000000', NOW(), NOW()),
('e7c62f2f-8065-4123-8f82-f5974b1ac4cb', 'Enzo Lima', '61998524556', 'enzo.lima@958estudante.com', '2018-11-22', '52135791407', 'Escola D', 'e4f03008-9e99-4369-b458-0343987f8e3f', 'Rua Ficticia', 'Bairro Centro', 'Brasilia', 'DF', '70000000', NOW(), NOW()),
('856c202b-2d3b-47ef-b63c-66a25a5ff057', 'Rafael Carvalho', '61943290715', 'rafael.carvalho@565estudante.com', '2013-12-14', '03201989363', 'Escola A', '5f281ce0-4925-4844-9602-2668385c2d1f', 'Rua Ficticia', 'Bairro Centro', 'Brasilia', 'DF', '70000000', NOW(), NOW()),
('cb53ef3e-d81e-4eb8-b74c-debee7e477ad', 'Maria Pereira', '61979234631', 'maria.pereira@846estudante.com', '2020-06-06', '78663032234', 'Escola C', '75eadef1-cd34-4582-868f-45979f19699d', 'Rua Ficticia', 'Bairro Centro', 'Brasilia', 'DF', '70000000', NOW(), NOW()),
('273f7989-a44e-4d1b-84f1-6ec710ef72ba', 'Helena Fernandes', '61990155784', 'helena.fernandes@590estudante.com', '2018-10-05', '75002057241', 'Escola C', '6bf5ea9e-b188-4026-aac2-a666b6e44f15', 'Rua Ficticia', 'Bairro Centro', 'Brasilia', 'DF', '70000000', NOW(), NOW()),
('e5bba533-25dd-476e-aa90-600c6e058cfa', 'Gabriel Costa', '61947419663', 'gabriel.costa@295estudante.com', '2008-10-31', '56776389780', 'Escola A', '002693e4-3ce9-4656-93f2-c433a5e7cd2d', 'Rua Ficticia', 'Bairro Centro', 'Brasilia', 'DF', '70000000', NOW(), NOW()),
('00483395-3e78-433c-83f1-1f163b902684', 'João Barbosa', '61939221128', 'joao.barbosa@896estudante.com', '2009-02-18', '19874892765', 'Escola D', '75eadef1-cd34-4582-868f-45979f19699d', 'Rua Ficticia', 'Bairro Centro', 'Brasilia', 'DF', '70000000', NOW(), NOW()),
('0ceac856-3447-41ca-b782-cbf4aff9ebf5', 'Sophia Almeida', '61958565777', 'sophia.almeida@768estudante.com', '2021-06-21', '48817862100', 'Escola C', '962b93bc-9c78-4a91-aa37-794f1546be44', 'Rua Ficticia', 'Bairro Centro', 'Brasilia', 'DF', '70000000', NOW(), NOW()),
('f5a795cc-ad30-408f-8210-cb2705d74ffd', 'Alice Carvalho', '61933302968', 'alice.carvalho@576estudante.com', '2017-05-03', '58516273016', 'Escola A', 'e90ed228-5104-45c3-91fb-0ce0f07ac0a9', 'Rua Ficticia', 'Bairro Centro', 'Brasilia', 'DF', '70000000', NOW(), NOW()),
('0370ef8e-7e3e-4620-8f00-ba608e2224f2', 'Guilherme Vieira', '61938323926', 'guilherme.vieira@789estudante.com', '2010-11-18', '22107429430', 'Escola D', 'ca59d842-3215-4eb3-ad66-9bd27eac9666', 'Rua Ficticia', 'Bairro Centro', 'Brasilia', 'DF', '70000000', NOW(), NOW()),
('b6f8a82b-9587-49a8-ba8b-ae5749a2b9b0', 'Guilherme Vieira', '61979424541', 'guilherme.vieira@198estudante.com', '2017-07-04', '65310194339', 'Escola C', '573f70ea-2e2f-422f-916f-3e8357cd7963', 'Rua Ficticia', 'Bairro Centro', 'Brasilia', 'DF', '70000000', NOW(), NOW()),
('530dc689-0340-44be-adfe-009303540b54', 'Gabriel Soares', '61977362363', 'gabriel.soares@634estudante.com', '2013-08-29', '09160846470', 'Escola C', '57af82d3-85e3-4ccf-93e6-b6285cbcaec4', 'Rua Ficticia', 'Bairro Centro', 'Brasilia', 'DF', '70000000', NOW(), NOW()),
('98bc6d63-00e2-423b-b46b-43bcbbb72784', 'Gabriel Soares', '61959044290', 'gabriel.soares@833estudante.com', '2015-11-02', '50912840951', 'Escola C', '962b93bc-9c78-4a91-aa37-794f1546be44', 'Rua Ficticia', 'Bairro Centro', 'Brasilia', 'DF', '70000000', NOW(), NOW()),
('02408a22-973f-4e19-95ea-3377528c1dde', 'Sophia Oliveira', '61950629778', 'sophia.oliveira@418estudante.com', '2011-11-13', '78322042493', 'Escola B', '962b93bc-9c78-4a91-aa37-794f1546be44', 'Rua Ficticia', 'Bairro Centro', 'Brasilia', 'DF', '70000000', NOW(), NOW()),
('f9e27946-17cb-4055-b7eb-8709f6c6a4a7', 'Alice Santos', '61914064508', 'alice.santos@534estudante.com', '2014-06-28', '31548002046', 'Escola D', 'ca59d842-3215-4eb3-ad66-9bd27eac9666', 'Rua Ficticia', 'Bairro Centro', 'Brasilia', 'DF', '70000000', NOW(), NOW()),
('8c88b715-81b7-4de3-b82c-9e9b9aae9739', 'Alice Fernandes', '61928244376', 'alice.fernandes@30estudante.com', '2009-02-21', '77744674081', 'Escola C', 'cb70ef76-ae4a-4bdc-a365-07775f4cee6d', 'Rua Ficticia', 'Bairro Centro', 'Brasilia', 'DF', '70000000', NOW(), NOW()),
('28bf62b2-5317-4cfd-b54e-f9b7cc9c6118', 'Guilherme Almeida', '61995835331', 'guilherme.almeida@966estudante.com', '2008-01-09', '61545150907', 'Escola A', '51b60b74-d7b1-48de-aec4-37de8e953109', 'Rua Ficticia', 'Bairro Centro', 'Brasilia', 'DF', '70000000', NOW(), NOW()),
('b4e09d53-dc4a-496b-88f0-a098430cbed2', 'Maria Vieira', '61934787861', 'maria.vieira@335estudante.com', '2012-04-06', '57972645795', 'Escola B', '75eadef1-cd34-4582-868f-45979f19699d', 'Rua Ficticia', 'Bairro Centro', 'Brasilia', 'DF', '70000000', NOW(), NOW()),
('98afcd10-dbe5-4f13-8b68-6d27e84d0295', 'Laura Martins', '61991245643', 'laura.martins@733estudante.com', '2019-02-05', '46250007423', 'Escola B', 'b93d5d11-8567-410f-a39f-ce641ea957b6', 'Rua Ficticia', 'Bairro Centro', 'Brasilia', 'DF', '70000000', NOW(), NOW()),
('bd695336-518e-4a68-b4cf-550bb081c48e', 'Felipe Fernandes', '61913716770', 'felipe.fernandes@178estudante.com', '2016-01-04', '94419031751', 'Escola D', '689621ba-a632-4183-a99b-bfdef53e7383', 'Rua Ficticia', 'Bairro Centro', 'Brasilia', 'DF', '70000000', NOW(), NOW()),
('fdb2c9b5-88ad-4e30-906f-41061d8a733c', 'Sophia Lima', '61927475936', 'sophia.lima@440estudante.com', '2011-08-25', '20667419578', 'Escola B', '79851219-3f1d-4c81-a7d4-56b4de20cbeb', 'Rua Ficticia', 'Bairro Centro', 'Brasilia', 'DF', '70000000', NOW(), NOW()),
('d9aa7891-b3e4-4313-a345-933d8ead6ac1', 'João Costa', '61937413632', 'joao.costa@601estudante.com', '2009-11-26', '82363478266', 'Escola C', 'e90ed228-5104-45c3-91fb-0ce0f07ac0a9', 'Rua Ficticia', 'Bairro Centro', 'Brasilia', 'DF', '70000000', NOW(), NOW()),
('93fe65b0-56fe-447a-9c30-2d0138e7a5c1', 'Giovanna Costa', '61987793068', 'giovanna.costa@569estudante.com', '2014-12-25', '54070961534', 'Escola D', '962b93bc-9c78-4a91-aa37-794f1546be44', 'Rua Ficticia', 'Bairro Centro', 'Brasilia', 'DF', '70000000', NOW(), NOW()),
('1a3ea8c0-e55b-45a2-99c8-133af69ffe74', 'Lucas Oliveira', '61915250551', 'lucas.oliveira@589estudante.com', '2020-06-12', '36465819996', 'Escola B', 'cb01cc7b-c8ea-40e3-a11f-4ce0165e8b12', 'Rua Ficticia', 'Bairro Centro', 'Brasilia', 'DF', '70000000', NOW(), NOW()),
('46a5d34b-9955-406a-adb6-493777058a88', 'Ana Carvalho', '61979846405', 'ana.carvalho@682estudante.com', '2018-11-10', '83467067905', 'Escola C', '689621ba-a632-4183-a99b-bfdef53e7383', 'Rua Ficticia', 'Bairro Centro', 'Brasilia', 'DF', '70000000', NOW(), NOW()),
('3d42226c-a30d-4199-842f-7cfba9fc4461', 'Julia Almeida', '61951051969', 'julia.almeida@81estudante.com', '2017-09-24', '66832745923', 'Escola A', '57af82d3-85e3-4ccf-93e6-b6285cbcaec4', 'Rua Ficticia', 'Bairro Centro', 'Brasilia', 'DF', '70000000', NOW(), NOW()),
('f085faee-df94-458f-a879-84508f0a2c38', 'Alice Costa', '61925384479', 'alice.costa@274estudante.com', '2017-11-29', '92273570090', 'Escola B', '83f6c54d-bbb2-4564-9281-4e34d744be49', 'Rua Ficticia', 'Bairro Centro', 'Brasilia', 'DF', '70000000', NOW(), NOW()),
('5e2313fe-79dd-4372-8daa-a88051db175f', 'Ana Souza', '61953109608', 'ana.souza@944estudante.com', '2018-06-26', '03645189521', 'Escola A', 'e90ed228-5104-45c3-91fb-0ce0f07ac0a9', 'Rua Ficticia', 'Bairro Centro', 'Brasilia', 'DF', '70000000', NOW(), NOW()),
('adce39e5-fcb1-4b12-b69e-c63fe53d5c50', 'Maria Pereira', '61918117522', 'maria.pereira@877estudante.com', '2013-02-09', '14755661749', 'Escola C', 'aac60eaf-18ee-46b0-8c45-dfb58d0751c5', 'Rua Ficticia', 'Bairro Centro', 'Brasilia', 'DF', '70000000', NOW(), NOW()),
('139f6c69-9dc5-4cf4-b711-28cf9f15bcdb', 'Laura Soares', '61984227945', 'laura.soares@955estudante.com', '2010-07-10', '42606085507', 'Escola B', 'cb70ef76-ae4a-4bdc-a365-07775f4cee6d', 'Rua Ficticia', 'Bairro Centro', 'Brasilia', 'DF', '70000000', NOW(), NOW()),
('498c108d-56e6-4a7e-aba4-8e16e51a60d2', 'Giovanna Lima', '61980862822', 'giovanna.lima@664estudante.com', '2021-04-15', '53593034174', 'Escola C', '5f281ce0-4925-4844-9602-2668385c2d1f', 'Rua Ficticia', 'Bairro Centro', 'Brasilia', 'DF', '70000000', NOW(), NOW())
ON CONFLICT (id) DO NOTHING;

INSERT INTO tb_events (id, title, description, start_date_time, end_date_time, price, payment, content, student_id, employee_id, created_at, updated_at) VALUES
('4aa7f016-a383-46be-b291-f3bfaddb5531', 'Sessão de Física', 'Atendimento individual focado em objetivos específicos e reforço escolar.', '2027-10-25 15:00:00', '2027-10-25 16:30:00', 150.0, 89.59, 'ORIENTACAO_VOCACIONAL', 'bace1037-3a98-4bc7-9ab6-de9d06b662c0', 'ce296eca-d629-40af-b459-398ebb050d30', NOW(), NOW()),
('bccbefaf-0fa1-40cf-aa8b-17a9de6c0cf0', 'Sessão de Física', 'Atendimento individual focado em objetivos específicos e reforço escolar.', '2027-01-19 20:30:00', '2027-01-19 22:00:00', 150.0, 79.56, 'ORIENTACAO_VOCACIONAL', '1853e9a1-4f3d-43a1-8582-e9c586211911', 'ce296eca-d629-40af-b459-398ebb050d30', NOW(), NOW()),
('52030ab1-568b-4986-899a-ceb6e059ce62', 'Sessão de Biologia', 'Atendimento individual focado em objetivos específicos e reforço escolar.', '2027-05-11 21:30:00', '2027-05-11 23:30:00', 100.0, 57.89, 'ORIENTACAO_VOCACIONAL', '3e00f56d-75c6-4433-9c97-d0fdab9b7561', 'cec64950-00b3-4e74-9ba0-a92da9c268ff', NOW(), NOW()),
('29789d61-a63a-41fd-adf2-74a5eaff5214', 'Sessão de História', 'Atendimento individual focado em objetivos específicos e reforço escolar.', '2027-11-23 03:30:00', '2027-11-23 05:00:00', 120.0, 62.41, 'TERAPIA', 'b4e09d53-dc4a-496b-88f0-a098430cbed2', 'cec64950-00b3-4e74-9ba0-a92da9c268ff', NOW(), NOW()),
('8c37f056-0798-465d-8739-18424a2847bc', 'Sessão de Matemática', 'Atendimento individual focado em objetivos específicos e reforço escolar.', '2027-08-25 14:30:00', '2027-08-25 16:00:00', 120.0, 64.3, 'ORIENTACAO_VOCACIONAL', 'c236e5b6-6201-4d5d-abf3-81144f9e3950', '16b1c731-d231-4617-8f09-4949641a1756', NOW(), NOW()),
('a5b676e8-1de7-449a-b4b0-37f8794abc96', 'Sessão de Redação', 'Atendimento individual focado em objetivos específicos e reforço escolar.', '2027-08-06 06:30:00', '2027-08-06 08:00:00', 180.0, 98.16, 'ORIENTACAO_VOCACIONAL', '8c88b715-81b7-4de3-b82c-9e9b9aae9739', '0d4068f2-a185-4c0c-abfe-8f8571783b93', NOW(), NOW()),
('957effcd-3fb3-48d4-ab75-efa44f7f3873', 'Sessão de Química', 'Atendimento individual focado em objetivos específicos e reforço escolar.', '2027-02-05 19:30:00', '2027-02-05 20:30:00', 100.0, 55.77, 'TERAPIA', 'd9aa7891-b3e4-4313-a345-933d8ead6ac1', '6c3c3276-2c08-446f-ad33-112754ce36fc', NOW(), NOW()),
('0517d296-fe67-4e2c-96e7-22a8fa37bb9d', 'Sessão de Português', 'Atendimento individual focado em objetivos específicos e reforço escolar.', '2027-09-18 09:00:00', '2027-09-18 10:30:00', 100.0, 55.0, 'ORIENTACAO_VOCACIONAL', '18b23ce2-cce7-4ca8-bbe6-b94a6d2ea44e', 'b71fa3e6-31f0-4ef5-a650-1bccae83302e', NOW(), NOW()),
('7dfa09e9-3518-43f9-9f04-6ca924403923', 'Sessão de História', 'Atendimento individual focado em objetivos específicos e reforço escolar.', '2027-05-27 16:00:00', '2027-05-27 17:00:00', 250.0, 135.0, 'PAS', 'f9e27946-17cb-4055-b7eb-8709f6c6a4a7', '6c3c3276-2c08-446f-ad33-112754ce36fc', NOW(), NOW()),
('769469e8-9644-467b-944e-8425d8299739', 'Sessão de Física', 'Atendimento individual focado em objetivos específicos e reforço escolar.', '2027-07-13 09:00:00', '2027-07-13 10:00:00', 150.0, 77.59, 'PAS', '464cb12c-2370-4914-b98a-064c08031921', '48166663-3ae5-4796-9170-2d2769313620', NOW(), NOW()),
('8533780e-f353-4622-8b60-4d70c882823b', 'Sessão de Física', 'Atendimento individual focado em objetivos específicos e reforço escolar.', '2027-01-03 11:00:00', '2027-01-03 12:00:00', 250.0, 129.96, 'OUTRO', 'f085faee-df94-458f-a879-84508f0a2c38', 'cec64950-00b3-4e74-9ba0-a92da9c268ff', NOW(), NOW()),
('9ced80f0-4484-4384-9324-3d9c14842954', 'Sessão de Matemática', 'Atendimento individual focado em objetivos específicos e reforço escolar.', '2027-01-27 23:30:00', '2027-01-28 01:30:00', 150.0, 87.08, 'MENTORIA', 'fdb2c9b5-88ad-4e30-906f-41061d8a733c', '711dfe8e-eace-45bd-be3d-d7b60add38bb', NOW(), NOW()),
('d5db9488-c032-44d2-8b45-55a162be47ad', 'Sessão de Química', 'Atendimento individual focado em objetivos específicos e reforço escolar.', '2027-01-05 19:30:00', '2027-01-05 21:30:00', 100.0, 59.38, 'MENTORIA', 'f5a795cc-ad30-408f-8210-cb2705d74ffd', 'b71fa3e6-31f0-4ef5-a650-1bccae83302e', NOW(), NOW()),
('056fb338-5bf2-453f-924c-203385c3c910', 'Sessão de Matemática', 'Atendimento individual focado em objetivos específicos e reforço escolar.', '2027-01-11 09:00:00', '2027-01-11 10:30:00', 150.0, 78.71, 'TERAPIA', '856c202b-2d3b-47ef-b63c-66a25a5ff057', 'ce296eca-d629-40af-b459-398ebb050d30', NOW(), NOW()),
('12ae3f0e-6a7c-499b-9910-aa46bff45d8e', 'Sessão de Matemática', 'Atendimento individual focado em objetivos específicos e reforço escolar.', '2027-12-21 19:30:00', '2027-12-21 20:30:00', 200.0, 114.07, 'TERAPIA', '00483395-3e78-433c-83f1-1f163b902684', 'b71fa3e6-31f0-4ef5-a650-1bccae83302e', NOW(), NOW()),
('66fa77fb-ac23-42d6-ada0-01eb0194ecfb', 'Sessão de Química', 'Atendimento individual focado em objetivos específicos e reforço escolar.', '2027-11-08 15:30:00', '2027-11-08 17:30:00', 250.0, 128.37, 'OUTRO', '856c202b-2d3b-47ef-b63c-66a25a5ff057', '32eb3daf-d3d9-41a0-a851-af6ede9c0997', NOW(), NOW()),
('8b0489a8-2888-4928-a3b6-8ea31b0b0a7d', 'Sessão de Português', 'Atendimento individual focado em objetivos específicos e reforço escolar.', '2027-09-25 01:00:00', '2027-09-25 02:30:00', 150.0, 84.87, 'PAS', '00483395-3e78-433c-83f1-1f163b902684', '48166663-3ae5-4796-9170-2d2769313620', NOW(), NOW()),
('04b90677-2354-44c7-8515-f8515a0edd89', 'Sessão de Matemática', 'Atendimento individual focado em objetivos específicos e reforço escolar.', '2027-07-18 21:30:00', '2027-07-18 23:00:00', 250.0, 143.9, 'TERAPIA', '5bc5afed-088c-4a45-9e5d-97d18217ee6d', '32eb3daf-d3d9-41a0-a851-af6ede9c0997', NOW(), NOW()),
('7ec36526-5748-4770-a534-ef2b2b3878db', 'Sessão de História', 'Atendimento individual focado em objetivos específicos e reforço escolar.', '2027-06-14 15:00:00', '2027-06-14 16:30:00', 100.0, 56.93, 'OUTRO', '46a5d34b-9955-406a-adb6-493777058a88', '0d4068f2-a185-4c0c-abfe-8f8571783b93', NOW(), NOW()),
('9d2246f7-4752-4342-ad28-d628b3a6647f', 'Sessão de Matemática', 'Atendimento individual focado em objetivos específicos e reforço escolar.', '2027-06-30 11:30:00', '2027-06-30 13:30:00', 120.0, 66.03, 'MENTORIA', '464cb12c-2370-4914-b98a-064c08031921', '32eb3daf-d3d9-41a0-a851-af6ede9c0997', NOW(), NOW()),
('33962cc3-26c0-42e5-88cb-3fe7a8c382f3', 'Sessão de Matemática', 'Atendimento individual focado em objetivos específicos e reforço escolar.', '2027-06-07 14:00:00', '2027-06-07 15:30:00', 250.0, 145.55, 'MENTORIA', 'e7c62f2f-8065-4123-8f82-f5974b1ac4cb', '711dfe8e-eace-45bd-be3d-d7b60add38bb', NOW(), NOW()),
('049dd1cf-5dcc-4610-84e0-9ba22483bf33', 'Sessão de História', 'Atendimento individual focado em objetivos específicos e reforço escolar.', '2027-10-16 13:00:00', '2027-10-16 14:00:00', 100.0, 57.87, 'AULA', 'cb53ef3e-d81e-4eb8-b74c-debee7e477ad', '6c3c3276-2c08-446f-ad33-112754ce36fc', NOW(), NOW()),
('d666fcf0-313c-4152-9130-1b0cbfb504a5', 'Sessão de História', 'Atendimento individual focado em objetivos específicos e reforço escolar.', '2027-07-19 02:00:00', '2027-07-19 04:00:00', 200.0, 101.9, 'ENEM', '00483395-3e78-433c-83f1-1f163b902684', '16b1c731-d231-4617-8f09-4949641a1756', NOW(), NOW()),
('5a2288f0-9da7-41dc-9207-b7bfcbf43115', 'Sessão de Português', 'Atendimento individual focado em objetivos específicos e reforço escolar.', '2027-10-13 03:30:00', '2027-10-13 04:30:00', 180.0, 91.74, 'ENEM', '3d42226c-a30d-4199-842f-7cfba9fc4461', '32eb3daf-d3d9-41a0-a851-af6ede9c0997', NOW(), NOW()),
('b0e876ed-a65f-4032-af52-47165d4ba3d2', 'Sessão de Português', 'Atendimento individual focado em objetivos específicos e reforço escolar.', '2027-07-02 10:30:00', '2027-07-02 12:30:00', 120.0, 67.54, 'AULA', '93fe65b0-56fe-447a-9c30-2d0138e7a5c1', '32eb3daf-d3d9-41a0-a851-af6ede9c0997', NOW(), NOW()),
('3a078f12-6181-4488-8827-2d786fafcec0', 'Sessão de Biologia', 'Atendimento individual focado em objetivos específicos e reforço escolar.', '2027-02-21 01:00:00', '2027-02-21 02:30:00', 180.0, 100.86, 'TERAPIA', 'cb53ef3e-d81e-4eb8-b74c-debee7e477ad', 'b71fa3e6-31f0-4ef5-a650-1bccae83302e', NOW(), NOW()),
('5b187727-f564-4fca-a50e-dc0055e94eba', 'Sessão de Redação', 'Atendimento individual focado em objetivos específicos e reforço escolar.', '2027-08-25 03:00:00', '2027-08-25 05:00:00', 180.0, 98.49, 'MENTORIA', '18b23ce2-cce7-4ca8-bbe6-b94a6d2ea44e', 'cec64950-00b3-4e74-9ba0-a92da9c268ff', NOW(), NOW()),
('3b2f9d6f-c39a-4220-a30b-d5197b2d9f28', 'Sessão de História', 'Atendimento individual focado em objetivos específicos e reforço escolar.', '2027-07-01 19:00:00', '2027-07-01 21:00:00', 200.0, 100.36, 'AULA', '93fe65b0-56fe-447a-9c30-2d0138e7a5c1', '16b1c731-d231-4617-8f09-4949641a1756', NOW(), NOW()),
('7f528615-7197-481f-bfa3-d2fbd7f65cd2', 'Sessão de Física', 'Atendimento individual focado em objetivos específicos e reforço escolar.', '2027-12-12 20:00:00', '2027-12-12 21:30:00', 180.0, 104.56, 'ENEM', '93fe65b0-56fe-447a-9c30-2d0138e7a5c1', '48166663-3ae5-4796-9170-2d2769313620', NOW(), NOW()),
('5c6bedb0-fd33-4b4f-ac7d-609325ec056b', 'Sessão de Física', 'Atendimento individual focado em objetivos específicos e reforço escolar.', '2027-01-03 09:30:00', '2027-01-03 10:30:00', 150.0, 83.4, 'OUTRO', '3e00f56d-75c6-4433-9c97-d0fdab9b7561', '6c3c3276-2c08-446f-ad33-112754ce36fc', NOW(), NOW()),
('ec8203fc-59fe-4d54-8462-84ecd8e3cabf', 'Sessão de Matemática', 'Atendimento individual focado em objetivos específicos e reforço escolar.', '2027-11-22 16:30:00', '2027-11-22 18:00:00', 150.0, 86.44, 'ORIENTACAO_VOCACIONAL', 'bd695336-518e-4a68-b4cf-550bb081c48e', 'ce296eca-d629-40af-b459-398ebb050d30', NOW(), NOW()),
('552fabb9-ff0d-47cc-8d94-3073938015af', 'Sessão de Redação', 'Atendimento individual focado em objetivos específicos e reforço escolar.', '2027-01-14 17:00:00', '2027-01-14 18:30:00', 150.0, 85.06, 'ORIENTACAO_VOCACIONAL', 'f5a795cc-ad30-408f-8210-cb2705d74ffd', '48166663-3ae5-4796-9170-2d2769313620', NOW(), NOW()),
('dc8efa78-6839-42c9-961d-086a49faae02', 'Sessão de Física', 'Atendimento individual focado em objetivos específicos e reforço escolar.', '2027-07-27 09:30:00', '2027-07-27 10:30:00', 180.0, 99.77, 'ORIENTACAO_VOCACIONAL', '1853e9a1-4f3d-43a1-8582-e9c586211911', '32eb3daf-d3d9-41a0-a851-af6ede9c0997', NOW(), NOW()),
('94d1de8d-c12b-4be0-af81-bd48e3479fc1', 'Sessão de Biologia', 'Atendimento individual focado em objetivos específicos e reforço escolar.', '2027-08-02 01:00:00', '2027-08-02 03:00:00', 100.0, 50.32, 'AULA', 'f40026c0-1de0-4b64-a332-d528deed5f24', 'b71fa3e6-31f0-4ef5-a650-1bccae83302e', NOW(), NOW()),
('9873b9e1-a82d-4b80-b6a1-b2f353dda3bd', 'Sessão de História', 'Atendimento individual focado em objetivos específicos e reforço escolar.', '2027-04-29 21:00:00', '2027-04-29 22:00:00', 100.0, 57.93, 'AULA', 'eb529f0f-eb1d-4973-ac4c-c21cdc884bd1', '32eb3daf-d3d9-41a0-a851-af6ede9c0997', NOW(), NOW()),
('f143e1a7-8a19-4c9c-8c8f-266da3a1f298', 'Sessão de Química', 'Atendimento individual focado em objetivos específicos e reforço escolar.', '2027-12-19 06:00:00', '2027-12-19 08:00:00', 180.0, 105.51, 'MENTORIA', 'f40026c0-1de0-4b64-a332-d528deed5f24', '48166663-3ae5-4796-9170-2d2769313620', NOW(), NOW()),
('ca89751f-b82c-4f5e-8641-5cafc0ade67b', 'Sessão de Matemática', 'Atendimento individual focado em objetivos específicos e reforço escolar.', '2027-02-19 14:00:00', '2027-02-19 15:30:00', 120.0, 70.64, 'OUTRO', 'f085faee-df94-458f-a879-84508f0a2c38', '32eb3daf-d3d9-41a0-a851-af6ede9c0997', NOW(), NOW()),
('646a54b3-8bf7-4d47-b5b1-f7aa6bf3b44a', 'Sessão de Biologia', 'Atendimento individual focado em objetivos específicos e reforço escolar.', '2027-03-09 14:00:00', '2027-03-09 15:00:00', 200.0, 110.78, 'PAS', '809421c4-7fad-4924-80af-3f34a967b205', 'cec64950-00b3-4e74-9ba0-a92da9c268ff', NOW(), NOW()),
('19d5c91a-5a19-491d-9b93-8a8cabf33824', 'Sessão de Matemática', 'Atendimento individual focado em objetivos específicos e reforço escolar.', '2027-11-18 13:00:00', '2027-11-18 14:30:00', 100.0, 56.37, 'ENEM', 'e5744476-c1c5-4cd0-a3b3-d24d6ff1c94c', 'ce296eca-d629-40af-b459-398ebb050d30', NOW(), NOW()),
('5f019721-e997-4d50-ba79-dcf662caa296', 'Sessão de Física', 'Atendimento individual focado em objetivos específicos e reforço escolar.', '2027-09-18 19:00:00', '2027-09-18 21:00:00', 120.0, 67.37, 'PAS', 'eb529f0f-eb1d-4973-ac4c-c21cdc884bd1', '16b1c731-d231-4617-8f09-4949641a1756', NOW(), NOW()),
('79adcc7e-c93b-4ad4-97f3-7afdbbc8398b', 'Sessão de Português', 'Atendimento individual focado em objetivos específicos e reforço escolar.', '2027-04-21 00:30:00', '2027-04-21 02:00:00', 100.0, 52.19, 'TERAPIA', '28bf62b2-5317-4cfd-b54e-f9b7cc9c6118', '3e813e14-18c6-4143-b84c-765ab2ef47c6', NOW(), NOW()),
('137a7f4a-9d8d-43b2-9ebe-5551f8a43bc8', 'Sessão de Química', 'Atendimento individual focado em objetivos específicos e reforço escolar.', '2027-12-02 13:30:00', '2027-12-02 15:00:00', 150.0, 86.25, 'AULA', 'b4e09d53-dc4a-496b-88f0-a098430cbed2', 'cec64950-00b3-4e74-9ba0-a92da9c268ff', NOW(), NOW()),
('81b6341b-988c-493d-bbcb-972b10a8be5d', 'Sessão de Biologia', 'Atendimento individual focado em objetivos específicos e reforço escolar.', '2027-08-23 06:30:00', '2027-08-23 08:00:00', 120.0, 60.61, 'MENTORIA', '273f7989-a44e-4d1b-84f1-6ec710ef72ba', '0d4068f2-a185-4c0c-abfe-8f8571783b93', NOW(), NOW()),
('cb191e2d-3b86-4148-a1b3-55d81d1ebc46', 'Sessão de Matemática', 'Atendimento individual focado em objetivos específicos e reforço escolar.', '2027-07-10 01:30:00', '2027-07-10 03:30:00', 120.0, 69.63, 'MENTORIA', '5e840982-2c89-4451-8562-255f4ffa2a9a', '32eb3daf-d3d9-41a0-a851-af6ede9c0997', NOW(), NOW()),
('91e4aa8f-61ff-4853-9544-3c23147bd025', 'Sessão de Redação', 'Atendimento individual focado em objetivos específicos e reforço escolar.', '2027-11-14 09:00:00', '2027-11-14 10:30:00', 100.0, 53.39, 'OUTRO', 'b6f8a82b-9587-49a8-ba8b-ae5749a2b9b0', 'b71fa3e6-31f0-4ef5-a650-1bccae83302e', NOW(), NOW()),
('89b6341f-3668-489c-b8d8-99fae4d1b3d8', 'Sessão de Português', 'Atendimento individual focado em objetivos específicos e reforço escolar.', '2027-01-13 20:30:00', '2027-01-13 21:30:00', 150.0, 82.97, 'PAS', '00483395-3e78-433c-83f1-1f163b902684', '32eb3daf-d3d9-41a0-a851-af6ede9c0997', NOW(), NOW()),
('a008b652-fe26-4244-8300-4102b5817b13', 'Sessão de Redação', 'Atendimento individual focado em objetivos específicos e reforço escolar.', '2027-09-07 03:30:00', '2027-09-07 04:30:00', 180.0, 105.03, 'ORIENTACAO_VOCACIONAL', 'e5744476-c1c5-4cd0-a3b3-d24d6ff1c94c', '16b1c731-d231-4617-8f09-4949641a1756', NOW(), NOW()),
('d66182a3-b345-446b-a334-44c7e1f17a34', 'Sessão de Física', 'Atendimento individual focado em objetivos específicos e reforço escolar.', '2027-05-30 07:00:00', '2027-05-30 08:30:00', 150.0, 76.14, 'AULA', 'f40026c0-1de0-4b64-a332-d528deed5f24', 'ce296eca-d629-40af-b459-398ebb050d30', NOW(), NOW()),
('00e40fef-4cec-409c-959c-a143a59cfd56', 'Sessão de Biologia', 'Atendimento individual focado em objetivos específicos e reforço escolar.', '2027-04-16 20:30:00', '2027-04-16 21:30:00', 150.0, 77.66, 'PAS', 'f5a795cc-ad30-408f-8210-cb2705d74ffd', '48166663-3ae5-4796-9170-2d2769313620', NOW(), NOW()),
('bd55ebdc-d0f8-4254-8ecc-ff41e430d974', 'Sessão de História', 'Atendimento individual focado em objetivos específicos e reforço escolar.', '2027-09-19 23:00:00', '2027-09-20 01:00:00', 120.0, 61.78, 'ORIENTACAO_VOCACIONAL', 'f9e27946-17cb-4055-b7eb-8709f6c6a4a7', '16b1c731-d231-4617-8f09-4949641a1756', NOW(), NOW()),
('b26af8eb-4ec7-47a2-b920-5cab434829f4', 'Sessão de Matemática', 'Atendimento individual focado em objetivos específicos e reforço escolar.', '2027-07-16 05:30:00', '2027-07-16 07:00:00', 100.0, 59.02, 'ENEM', 'd9aa7891-b3e4-4313-a345-933d8ead6ac1', '6c3c3276-2c08-446f-ad33-112754ce36fc', NOW(), NOW()),
('2ad9eaa6-e19f-4fd2-8ab2-6253c24f7a50', 'Sessão de Português', 'Atendimento individual focado em objetivos específicos e reforço escolar.', '2027-09-24 10:30:00', '2027-09-24 12:30:00', 150.0, 75.67, 'TERAPIA', '928edb2e-8a2c-4704-86f0-bfa655e2ae34', '48166663-3ae5-4796-9170-2d2769313620', NOW(), NOW()),
('950f31fe-8073-4793-ad59-f4af9d6564cc', 'Sessão de Matemática', 'Atendimento individual focado em objetivos específicos e reforço escolar.', '2027-03-08 07:00:00', '2027-03-08 08:30:00', 200.0, 110.83, 'PAS', '02408a22-973f-4e19-95ea-3377528c1dde', '711dfe8e-eace-45bd-be3d-d7b60add38bb', NOW(), NOW()),
('6139e8d7-a18b-47c2-a07e-eb5e6541317f', 'Sessão de Português', 'Atendimento individual focado em objetivos específicos e reforço escolar.', '2027-09-28 21:30:00', '2027-09-28 23:30:00', 150.0, 87.76, 'OUTRO', '809421c4-7fad-4924-80af-3f34a967b205', '48166663-3ae5-4796-9170-2d2769313620', NOW(), NOW()),
('d3604ab1-2d02-45e2-ae4d-36610fa6df11', 'Sessão de Biologia', 'Atendimento individual focado em objetivos específicos e reforço escolar.', '2027-05-03 06:00:00', '2027-05-03 07:00:00', 100.0, 50.34, 'AULA', '498c108d-56e6-4a7e-aba4-8e16e51a60d2', 'cec64950-00b3-4e74-9ba0-a92da9c268ff', NOW(), NOW()),
('5ae663b4-fc0f-4fb2-9b32-055115331f19', 'Sessão de Química', 'Atendimento individual focado em objetivos específicos e reforço escolar.', '2027-04-23 19:30:00', '2027-04-23 21:30:00', 100.0, 56.15, 'AULA', '02408a22-973f-4e19-95ea-3377528c1dde', 'cec64950-00b3-4e74-9ba0-a92da9c268ff', NOW(), NOW()),
('33e76fe8-5e2d-4d30-a5e5-841b7c4fe8d5', 'Sessão de Biologia', 'Atendimento individual focado em objetivos específicos e reforço escolar.', '2027-12-29 05:30:00', '2027-12-29 07:00:00', 180.0, 94.7, 'TERAPIA', '928edb2e-8a2c-4704-86f0-bfa655e2ae34', 'b71fa3e6-31f0-4ef5-a650-1bccae83302e', NOW(), NOW()),
('520584ae-9564-451b-8c89-45f313270547', 'Sessão de História', 'Atendimento individual focado em objetivos específicos e reforço escolar.', '2027-01-12 08:00:00', '2027-01-12 09:00:00', 200.0, 101.11, 'PAS', 'fdb2c9b5-88ad-4e30-906f-41061d8a733c', '711dfe8e-eace-45bd-be3d-d7b60add38bb', NOW(), NOW()),
('371bd3e7-8f7a-4c6b-9773-145f85727d4b', 'Sessão de Matemática', 'Atendimento individual focado em objetivos específicos e reforço escolar.', '2027-08-01 22:00:00', '2027-08-02 00:00:00', 150.0, 83.32, 'ENEM', '5bc5afed-088c-4a45-9e5d-97d18217ee6d', '48166663-3ae5-4796-9170-2d2769313620', NOW(), NOW()),
('f8b3ad7d-bae2-481e-b615-02ff47647051', 'Sessão de Português', 'Atendimento individual focado em objetivos específicos e reforço escolar.', '2027-09-06 19:30:00', '2027-09-06 21:30:00', 200.0, 117.47, 'ORIENTACAO_VOCACIONAL', '02408a22-973f-4e19-95ea-3377528c1dde', 'b71fa3e6-31f0-4ef5-a650-1bccae83302e', NOW(), NOW()),
('e91ea170-4be5-49c5-a08f-400d5eb462a7', 'Sessão de História', 'Atendimento individual focado em objetivos específicos e reforço escolar.', '2027-11-13 17:30:00', '2027-11-13 18:30:00', 100.0, 58.52, 'ENEM', '0370ef8e-7e3e-4620-8f00-ba608e2224f2', '6c3c3276-2c08-446f-ad33-112754ce36fc', NOW(), NOW()),
('03239184-2f09-4742-a5cd-e442cca88449', 'Sessão de Química', 'Atendimento individual focado em objetivos específicos e reforço escolar.', '2027-12-12 05:00:00', '2027-12-12 06:30:00', 180.0, 103.0, 'OUTRO', '273f7989-a44e-4d1b-84f1-6ec710ef72ba', '711dfe8e-eace-45bd-be3d-d7b60add38bb', NOW(), NOW()),
('a76faf3e-85c9-452c-a9e7-ce99bb0fb8a0', 'Sessão de Biologia', 'Atendimento individual focado em objetivos específicos e reforço escolar.', '2027-05-13 14:00:00', '2027-05-13 15:00:00', 250.0, 125.55, 'PAS', '530dc689-0340-44be-adfe-009303540b54', 'cec64950-00b3-4e74-9ba0-a92da9c268ff', NOW(), NOW()),
('9ce5ac59-9406-4cb7-a840-844391842719', 'Sessão de Química', 'Atendimento individual focado em objetivos específicos e reforço escolar.', '2027-02-14 23:00:00', '2027-02-15 00:00:00', 100.0, 50.24, 'OUTRO', '3e00f56d-75c6-4433-9c97-d0fdab9b7561', '3e813e14-18c6-4143-b84c-765ab2ef47c6', NOW(), NOW()),
('2f0defe1-ca93-4ce9-b523-05b03f421a7a', 'Sessão de História', 'Atendimento individual focado em objetivos específicos e reforço escolar.', '2027-06-05 00:30:00', '2027-06-05 02:00:00', 150.0, 88.39, 'TERAPIA', 'fdb2c9b5-88ad-4e30-906f-41061d8a733c', 'ce296eca-d629-40af-b459-398ebb050d30', NOW(), NOW()),
('8f875d7c-6b68-464e-b446-15d6778b081c', 'Sessão de História', 'Atendimento individual focado em objetivos específicos e reforço escolar.', '2027-07-27 21:00:00', '2027-07-27 22:00:00', 250.0, 141.16, 'ORIENTACAO_VOCACIONAL', 'c8750dbd-4c24-4a20-9719-31f1673d7995', 'cec64950-00b3-4e74-9ba0-a92da9c268ff', NOW(), NOW()),
('db2b8a44-9504-4aba-8e1d-7d5bb259714d', 'Sessão de Física', 'Atendimento individual focado em objetivos específicos e reforço escolar.', '2027-06-08 05:00:00', '2027-06-08 06:30:00', 250.0, 148.72, 'ENEM', 'e5744476-c1c5-4cd0-a3b3-d24d6ff1c94c', 'cec64950-00b3-4e74-9ba0-a92da9c268ff', NOW(), NOW()),
('3fd553b7-29ee-4cdc-8674-23cfb9235822', 'Sessão de Redação', 'Atendimento individual focado em objetivos específicos e reforço escolar.', '2027-05-03 07:30:00', '2027-05-03 09:00:00', 150.0, 77.5, 'MENTORIA', '46a5d34b-9955-406a-adb6-493777058a88', '16b1c731-d231-4617-8f09-4949641a1756', NOW(), NOW()),
('5a92f393-a09b-47b0-af0a-6291e86be1d7', 'Sessão de Matemática', 'Atendimento individual focado em objetivos específicos e reforço escolar.', '2027-02-17 07:30:00', '2027-02-17 08:30:00', 250.0, 129.28, 'ENEM', 'eb529f0f-eb1d-4973-ac4c-c21cdc884bd1', '48166663-3ae5-4796-9170-2d2769313620', NOW(), NOW()),
('724493c0-0c65-4cc9-8073-c8dae3c29f3c', 'Sessão de Redação', 'Atendimento individual focado em objetivos específicos e reforço escolar.', '2027-05-07 08:00:00', '2027-05-07 09:30:00', 120.0, 62.95, 'ENEM', '928edb2e-8a2c-4704-86f0-bfa655e2ae34', '48166663-3ae5-4796-9170-2d2769313620', NOW(), NOW()),
('2a220bca-2525-4f84-a3cd-dc613447e16d', 'Sessão de Biologia', 'Atendimento individual focado em objetivos específicos e reforço escolar.', '2027-04-28 17:30:00', '2027-04-28 18:30:00', 150.0, 83.59, 'TERAPIA', '856c202b-2d3b-47ef-b63c-66a25a5ff057', '32eb3daf-d3d9-41a0-a851-af6ede9c0997', NOW(), NOW()),
('30eecdea-ba46-4089-b660-f5ab006a2848', 'Sessão de Biologia', 'Atendimento individual focado em objetivos específicos e reforço escolar.', '2027-03-13 16:30:00', '2027-03-13 18:30:00', 180.0, 93.78, 'ORIENTACAO_VOCACIONAL', '00483395-3e78-433c-83f1-1f163b902684', '32eb3daf-d3d9-41a0-a851-af6ede9c0997', NOW(), NOW()),
('a70a0b62-d232-4119-a207-a75a4e71f1ca', 'Sessão de História', 'Atendimento individual focado em objetivos específicos e reforço escolar.', '2027-07-21 23:00:00', '2027-07-22 01:00:00', 100.0, 51.35, 'ENEM', 'e5bba533-25dd-476e-aa90-600c6e058cfa', '6c3c3276-2c08-446f-ad33-112754ce36fc', NOW(), NOW()),
('8520b63c-05ae-46e0-834a-edf3eb6299d4', 'Sessão de Física', 'Atendimento individual focado em objetivos específicos e reforço escolar.', '2027-04-26 13:00:00', '2027-04-26 15:00:00', 200.0, 104.07, 'OUTRO', 'c300383f-c7fa-4aa1-9ead-cd9911f2bf11', '48166663-3ae5-4796-9170-2d2769313620', NOW(), NOW()),
('e6e483e5-87d7-43c3-87ef-e8026256324d', 'Sessão de Redação', 'Atendimento individual focado em objetivos específicos e reforço escolar.', '2027-07-18 19:30:00', '2027-07-18 21:30:00', 150.0, 83.27, 'ORIENTACAO_VOCACIONAL', 'f255d37f-e801-46f3-ba9b-a2f7fa57acc0', 'b71fa3e6-31f0-4ef5-a650-1bccae83302e', NOW(), NOW()),
('9dd20e46-d428-4b55-ab4f-1c161128b465', 'Sessão de Química', 'Atendimento individual focado em objetivos específicos e reforço escolar.', '2027-07-16 19:00:00', '2027-07-16 21:00:00', 150.0, 80.52, 'OUTRO', 'e5bba533-25dd-476e-aa90-600c6e058cfa', 'cec64950-00b3-4e74-9ba0-a92da9c268ff', NOW(), NOW()),
('52e4fd49-f8ae-4ec9-a6c2-8298ea47e285', 'Sessão de Matemática', 'Atendimento individual focado em objetivos específicos e reforço escolar.', '2027-02-04 23:30:00', '2027-02-05 01:30:00', 250.0, 137.21, 'ORIENTACAO_VOCACIONAL', '00483395-3e78-433c-83f1-1f163b902684', '711dfe8e-eace-45bd-be3d-d7b60add38bb', NOW(), NOW()),
('e36dfe91-82ed-4e8d-bde7-3abb5ed177a1', 'Sessão de Português', 'Atendimento individual focado em objetivos específicos e reforço escolar.', '2027-03-10 07:30:00', '2027-03-10 08:30:00', 120.0, 64.71, 'AULA', 'e5bba533-25dd-476e-aa90-600c6e058cfa', 'cec64950-00b3-4e74-9ba0-a92da9c268ff', NOW(), NOW()),
('ac4f56fc-72ee-434a-9d66-b0edf135a179', 'Sessão de Física', 'Atendimento individual focado em objetivos específicos e reforço escolar.', '2027-06-04 15:30:00', '2027-06-04 17:00:00', 180.0, 103.13, 'ORIENTACAO_VOCACIONAL', '0370ef8e-7e3e-4620-8f00-ba608e2224f2', '711dfe8e-eace-45bd-be3d-d7b60add38bb', NOW(), NOW()),
('60397254-4074-42db-bafa-a240045d5460', 'Sessão de Matemática', 'Atendimento individual focado em objetivos específicos e reforço escolar.', '2027-08-15 08:00:00', '2027-08-15 09:00:00', 150.0, 80.18, 'OUTRO', '0ceac856-3447-41ca-b782-cbf4aff9ebf5', 'ce296eca-d629-40af-b459-398ebb050d30', NOW(), NOW()),
('37fb8fe7-22ea-4a4b-907b-ce9206927fb0', 'Sessão de Redação', 'Atendimento individual focado em objetivos específicos e reforço escolar.', '2027-12-09 21:00:00', '2027-12-09 22:30:00', 200.0, 116.33, 'ENEM', '8c88b715-81b7-4de3-b82c-9e9b9aae9739', 'ce296eca-d629-40af-b459-398ebb050d30', NOW(), NOW()),
('2d3f7cb8-f064-4909-863d-0fe2b3778369', 'Sessão de História', 'Atendimento individual focado em objetivos específicos e reforço escolar.', '2027-02-25 04:00:00', '2027-02-25 05:00:00', 120.0, 61.0, 'ORIENTACAO_VOCACIONAL', '0370ef8e-7e3e-4620-8f00-ba608e2224f2', '0d4068f2-a185-4c0c-abfe-8f8571783b93', NOW(), NOW()),
('bad6d2a8-fd16-4aaf-8fea-99032b668a60', 'Sessão de História', 'Atendimento individual focado em objetivos específicos e reforço escolar.', '2027-12-05 22:00:00', '2027-12-05 23:00:00', 180.0, 93.66, 'OUTRO', 'bd695336-518e-4a68-b4cf-550bb081c48e', '6c3c3276-2c08-446f-ad33-112754ce36fc', NOW(), NOW()),
('f8d6d6c3-dc04-4a34-9bbd-74ad6c87326c', 'Sessão de Biologia', 'Atendimento individual focado em objetivos específicos e reforço escolar.', '2027-07-14 00:30:00', '2027-07-14 01:30:00', 120.0, 69.66, 'MENTORIA', '28bf62b2-5317-4cfd-b54e-f9b7cc9c6118', '3e813e14-18c6-4143-b84c-765ab2ef47c6', NOW(), NOW()),
('b4fd717f-6bf5-40c1-a5a6-aef59ff1c9d4', 'Sessão de Português', 'Atendimento individual focado em objetivos específicos e reforço escolar.', '2027-12-14 02:30:00', '2027-12-14 03:30:00', 250.0, 136.37, 'MENTORIA', '02408a22-973f-4e19-95ea-3377528c1dde', '6c3c3276-2c08-446f-ad33-112754ce36fc', NOW(), NOW()),
('c99ac11e-a18c-44a4-b875-2fe2ff0682ec', 'Sessão de Biologia', 'Atendimento individual focado em objetivos específicos e reforço escolar.', '2027-05-22 14:30:00', '2027-05-22 16:30:00', 180.0, 93.11, 'ORIENTACAO_VOCACIONAL', 'c300383f-c7fa-4aa1-9ead-cd9911f2bf11', '711dfe8e-eace-45bd-be3d-d7b60add38bb', NOW(), NOW()),
('3f1ebf10-15aa-4e74-bcbb-290ec0b0fd46', 'Sessão de Biologia', 'Atendimento individual focado em objetivos específicos e reforço escolar.', '2027-10-14 01:00:00', '2027-10-14 02:00:00', 100.0, 53.1, 'AULA', '00483395-3e78-433c-83f1-1f163b902684', 'ce296eca-d629-40af-b459-398ebb050d30', NOW(), NOW()),
('d2b8775a-5661-471d-a88e-04775d24ad14', 'Sessão de História', 'Atendimento individual focado em objetivos específicos e reforço escolar.', '2027-03-06 23:30:00', '2027-03-07 01:30:00', 250.0, 129.16, 'TERAPIA', '809421c4-7fad-4924-80af-3f34a967b205', 'b71fa3e6-31f0-4ef5-a650-1bccae83302e', NOW(), NOW()),
('9821f1b4-d25c-47ee-9fbc-7480ffadf5ac', 'Sessão de Matemática', 'Atendimento individual focado em objetivos específicos e reforço escolar.', '2027-07-18 21:00:00', '2027-07-18 22:30:00', 200.0, 112.0, 'OUTRO', 'f40026c0-1de0-4b64-a332-d528deed5f24', '48166663-3ae5-4796-9170-2d2769313620', NOW(), NOW()),
('2b54314e-7419-4f36-9dc2-535fe263a9bd', 'Sessão de Português', 'Atendimento individual focado em objetivos específicos e reforço escolar.', '2027-08-20 07:00:00', '2027-08-20 08:00:00', 180.0, 101.21, 'ENEM', 'c300383f-c7fa-4aa1-9ead-cd9911f2bf11', '3e813e14-18c6-4143-b84c-765ab2ef47c6', NOW(), NOW()),
('e29c396a-99b3-4d46-a60d-2c82a4d2fdee', 'Sessão de Matemática', 'Atendimento individual focado em objetivos específicos e reforço escolar.', '2027-08-04 03:00:00', '2027-08-04 04:00:00', 180.0, 90.37, 'OUTRO', 'b03f2e86-ad0d-42ce-a3fd-ee8f9d69cc73', '16b1c731-d231-4617-8f09-4949641a1756', NOW(), NOW()),
('4ddebc8a-0ffa-4e8a-ad07-2e51c519804d', 'Sessão de Redação', 'Atendimento individual focado em objetivos específicos e reforço escolar.', '2027-01-11 03:30:00', '2027-01-11 04:30:00', 150.0, 79.39, 'ENEM', 'adce39e5-fcb1-4b12-b69e-c63fe53d5c50', 'ce296eca-d629-40af-b459-398ebb050d30', NOW(), NOW()),
('a45446f6-5f6f-469a-b1ca-e9310c8ed81e', 'Sessão de Química', 'Atendimento individual focado em objetivos específicos e reforço escolar.', '2027-06-17 20:30:00', '2027-06-17 22:00:00', 250.0, 127.65, 'ENEM', '46a5d34b-9955-406a-adb6-493777058a88', '48166663-3ae5-4796-9170-2d2769313620', NOW(), NOW()),
('e0fbed15-ff43-4d31-abfb-0a2d670d3abb', 'Sessão de Química', 'Atendimento individual focado em objetivos específicos e reforço escolar.', '2027-09-30 04:00:00', '2027-09-30 06:00:00', 200.0, 109.83, 'OUTRO', 'd9aa7891-b3e4-4313-a345-933d8ead6ac1', '32eb3daf-d3d9-41a0-a851-af6ede9c0997', NOW(), NOW()),
('a5a5a54e-71b7-47ef-8315-eb4ce7a47c6e', 'Sessão de Redação', 'Atendimento individual focado em objetivos específicos e reforço escolar.', '2027-08-20 23:30:00', '2027-08-21 00:30:00', 120.0, 67.93, 'ENEM', '5e2313fe-79dd-4372-8daa-a88051db175f', 'ce296eca-d629-40af-b459-398ebb050d30', NOW(), NOW()),
('118b8188-5dfe-4aeb-a882-48e0d9076701', 'Sessão de Biologia', 'Atendimento individual focado em objetivos específicos e reforço escolar.', '2027-01-31 19:00:00', '2027-01-31 20:00:00', 180.0, 95.29, 'OUTRO', '0ceac856-3447-41ca-b782-cbf4aff9ebf5', '711dfe8e-eace-45bd-be3d-d7b60add38bb', NOW(), NOW()),
('48438366-e13f-4697-812f-305763c45854', 'Sessão de História', 'Atendimento individual focado em objetivos específicos e reforço escolar.', '2027-09-25 09:00:00', '2027-09-25 10:30:00', 120.0, 61.63, 'MENTORIA', 'cb53ef3e-d81e-4eb8-b74c-debee7e477ad', '0d4068f2-a185-4c0c-abfe-8f8571783b93', NOW(), NOW()),
('eae35bed-7e17-4ba4-adaf-d1e4a6c02b71', 'Sessão de Física', 'Atendimento individual focado em objetivos específicos e reforço escolar.', '2027-02-02 03:30:00', '2027-02-02 05:00:00', 150.0, 76.38, 'TERAPIA', '98afcd10-dbe5-4f13-8b68-6d27e84d0295', '6c3c3276-2c08-446f-ad33-112754ce36fc', NOW(), NOW()),
('8ed526df-87c0-4084-99bb-521290ce75f6', 'Sessão de Química', 'Atendimento individual focado em objetivos específicos e reforço escolar.', '2027-11-11 01:30:00', '2027-11-11 03:30:00', 150.0, 77.6, 'ENEM', '28bf62b2-5317-4cfd-b54e-f9b7cc9c6118', '32eb3daf-d3d9-41a0-a851-af6ede9c0997', NOW(), NOW()),
('189dd079-1261-41ce-b4f5-2c91157c6988', 'Sessão de Português', 'Atendimento individual focado em objetivos específicos e reforço escolar.', '2027-01-28 17:30:00', '2027-01-28 19:00:00', 250.0, 128.49, 'MENTORIA', 'f255d37f-e801-46f3-ba9b-a2f7fa57acc0', 'b71fa3e6-31f0-4ef5-a650-1bccae83302e', NOW(), NOW()),
('8021ff4e-040b-4211-b628-8e0de866983f', 'Sessão de Física', 'Atendimento individual focado em objetivos específicos e reforço escolar.', '2027-06-27 23:30:00', '2027-06-28 01:30:00', 150.0, 77.58, 'ORIENTACAO_VOCACIONAL', '5e840982-2c89-4451-8562-255f4ffa2a9a', '16b1c731-d231-4617-8f09-4949641a1756', NOW(), NOW()),
('5d2a3515-7c76-46c8-8faf-7a452a1373bf', 'Sessão de Matemática', 'Atendimento individual focado em objetivos específicos e reforço escolar.', '2027-03-09 21:30:00', '2027-03-09 23:00:00', 180.0, 107.85, 'MENTORIA', 'f085faee-df94-458f-a879-84508f0a2c38', 'cec64950-00b3-4e74-9ba0-a92da9c268ff', NOW(), NOW()),
('dfdbcbed-3839-428d-96b9-67ae6ec435f1', 'Sessão de História', 'Atendimento individual focado em objetivos específicos e reforço escolar.', '2027-06-30 03:30:00', '2027-06-30 04:30:00', 180.0, 106.75, 'MENTORIA', 'e5744476-c1c5-4cd0-a3b3-d24d6ff1c94c', 'b71fa3e6-31f0-4ef5-a650-1bccae83302e', NOW(), NOW()),
('2f477e1c-24aa-4b5d-bab5-06c0a5e2d0b7', 'Sessão de Física', 'Atendimento individual focado em objetivos específicos e reforço escolar.', '2027-08-10 06:30:00', '2027-08-10 08:00:00', 200.0, 105.53, 'PAS', '5e2313fe-79dd-4372-8daa-a88051db175f', '711dfe8e-eace-45bd-be3d-d7b60add38bb', NOW(), NOW()),
('fee9469c-d5fa-4243-a6ce-68b27a1be59e', 'Sessão de Português', 'Atendimento individual focado em objetivos específicos e reforço escolar.', '2027-05-02 03:00:00', '2027-05-02 04:00:00', 250.0, 131.42, 'ORIENTACAO_VOCACIONAL', '928edb2e-8a2c-4704-86f0-bfa655e2ae34', 'cec64950-00b3-4e74-9ba0-a92da9c268ff', NOW(), NOW()),
('f1856433-e735-4c01-b0ed-b05ccb9b3668', 'Sessão de História', 'Atendimento individual focado em objetivos específicos e reforço escolar.', '2027-03-02 02:30:00', '2027-03-02 04:30:00', 250.0, 147.73, 'ENEM', '1a3ea8c0-e55b-45a2-99c8-133af69ffe74', '16b1c731-d231-4617-8f09-4949641a1756', NOW(), NOW()),
('46d8ce22-9869-46e5-9e6a-b45ca494a0bf', 'Sessão de Física', 'Atendimento individual focado em objetivos específicos e reforço escolar.', '2027-09-01 05:00:00', '2027-09-01 06:00:00', 180.0, 99.79, 'MENTORIA', 'e5bba533-25dd-476e-aa90-600c6e058cfa', '6c3c3276-2c08-446f-ad33-112754ce36fc', NOW(), NOW()),
('d84d2bbc-075a-4ef8-adc6-96a55b89f03b', 'Sessão de Biologia', 'Atendimento individual focado em objetivos específicos e reforço escolar.', '2027-05-31 10:30:00', '2027-05-31 12:00:00', 150.0, 77.39, 'AULA', '8a8769b7-3ffb-4953-9171-55ce0cd4f4a2', '32eb3daf-d3d9-41a0-a851-af6ede9c0997', NOW(), NOW()),
('ce612cf7-f169-4904-b294-5c15f642eb08', 'Sessão de História', 'Atendimento individual focado em objetivos específicos e reforço escolar.', '2027-10-10 23:30:00', '2027-10-11 01:00:00', 200.0, 106.54, 'PAS', 'c236e5b6-6201-4d5d-abf3-81144f9e3950', 'b71fa3e6-31f0-4ef5-a650-1bccae83302e', NOW(), NOW()),
('286a9698-a8df-409a-b740-3df50c9c1cff', 'Sessão de Biologia', 'Atendimento individual focado em objetivos específicos e reforço escolar.', '2027-01-16 08:00:00', '2027-01-16 10:00:00', 200.0, 106.13, 'OUTRO', '98afcd10-dbe5-4f13-8b68-6d27e84d0295', '32eb3daf-d3d9-41a0-a851-af6ede9c0997', NOW(), NOW()),
('281c6c7b-f32a-4494-a7a5-c4bd7678119e', 'Sessão de História', 'Atendimento individual focado em objetivos específicos e reforço escolar.', '2027-07-22 22:00:00', '2027-07-23 00:00:00', 200.0, 103.25, 'OUTRO', 'f40026c0-1de0-4b64-a332-d528deed5f24', '32eb3daf-d3d9-41a0-a851-af6ede9c0997', NOW(), NOW()),
('97cfdb76-7e19-449e-9621-81613d2d64f6', 'Sessão de História', 'Atendimento individual focado em objetivos específicos e reforço escolar.', '2027-12-03 02:30:00', '2027-12-03 04:30:00', 200.0, 104.6, 'AULA', '8c88b715-81b7-4de3-b82c-9e9b9aae9739', 'b71fa3e6-31f0-4ef5-a650-1bccae83302e', NOW(), NOW()),
('6402bf6f-78bb-4c64-9588-bf8579ae8d3c', 'Sessão de Redação', 'Atendimento individual focado em objetivos específicos e reforço escolar.', '2027-05-27 07:00:00', '2027-05-27 08:00:00', 120.0, 68.2, 'ENEM', '0ceac856-3447-41ca-b782-cbf4aff9ebf5', 'cec64950-00b3-4e74-9ba0-a92da9c268ff', NOW(), NOW()),
('ac183802-1378-4486-bae4-1a28aba8fca8', 'Sessão de Redação', 'Atendimento individual focado em objetivos específicos e reforço escolar.', '2027-11-27 07:30:00', '2027-11-27 08:30:00', 200.0, 105.79, 'PAS', 'f085faee-df94-458f-a879-84508f0a2c38', '711dfe8e-eace-45bd-be3d-d7b60add38bb', NOW(), NOW()),
('38aacadc-3cd3-4ca2-bd8f-9eb91a658d9b', 'Sessão de Física', 'Atendimento individual focado em objetivos específicos e reforço escolar.', '2027-11-22 22:00:00', '2027-11-22 23:00:00', 150.0, 80.32, 'ENEM', '8a8769b7-3ffb-4953-9171-55ce0cd4f4a2', '32eb3daf-d3d9-41a0-a851-af6ede9c0997', NOW(), NOW()),
('4dffd61f-3f82-4ca7-a9e8-6a6b2c1e515f', 'Sessão de Português', 'Atendimento individual focado em objetivos específicos e reforço escolar.', '2027-08-02 19:00:00', '2027-08-02 21:00:00', 100.0, 51.77, 'TERAPIA', '0370ef8e-7e3e-4620-8f00-ba608e2224f2', 'ce296eca-d629-40af-b459-398ebb050d30', NOW(), NOW()),
('544e1fbb-e8f6-4cd3-ac7e-0ee7e7f1cd3f', 'Sessão de Redação', 'Atendimento individual focado em objetivos específicos e reforço escolar.', '2027-08-15 07:30:00', '2027-08-15 08:30:00', 100.0, 50.31, 'TERAPIA', '00483395-3e78-433c-83f1-1f163b902684', 'b71fa3e6-31f0-4ef5-a650-1bccae83302e', NOW(), NOW()),
('60437a47-2a11-445d-adb2-7aa748564177', 'Sessão de Física', 'Atendimento individual focado em objetivos específicos e reforço escolar.', '2027-04-18 17:30:00', '2027-04-18 18:30:00', 120.0, 62.06, 'MENTORIA', '530dc689-0340-44be-adfe-009303540b54', '3e813e14-18c6-4143-b84c-765ab2ef47c6', NOW(), NOW()),
('9ca921c3-7702-48c3-b2f1-dfa21fb2cb1e', 'Sessão de Física', 'Atendimento individual focado em objetivos específicos e reforço escolar.', '2027-12-16 18:30:00', '2027-12-16 20:00:00', 100.0, 52.64, 'TERAPIA', '530dc689-0340-44be-adfe-009303540b54', '711dfe8e-eace-45bd-be3d-d7b60add38bb', NOW(), NOW()),
('de2bcfd2-f1d3-413f-9935-6ded2e5d3caf', 'Sessão de Redação', 'Atendimento individual focado em objetivos específicos e reforço escolar.', '2027-10-21 02:00:00', '2027-10-21 04:00:00', 200.0, 109.52, 'PAS', 'e5744476-c1c5-4cd0-a3b3-d24d6ff1c94c', 'b71fa3e6-31f0-4ef5-a650-1bccae83302e', NOW(), NOW()),
('6dfc150a-e3b1-47a1-98d2-0d1dea12ca9f', 'Sessão de Redação', 'Atendimento individual focado em objetivos específicos e reforço escolar.', '2027-06-14 09:00:00', '2027-06-14 10:00:00', 180.0, 102.54, 'OUTRO', '5e840982-2c89-4451-8562-255f4ffa2a9a', '3e813e14-18c6-4143-b84c-765ab2ef47c6', NOW(), NOW()),
('c21908f5-ec0d-44c6-8974-b5237f773233', 'Sessão de Redação', 'Atendimento individual focado em objetivos específicos e reforço escolar.', '2027-11-03 02:30:00', '2027-11-03 04:30:00', 100.0, 53.34, 'ORIENTACAO_VOCACIONAL', 'ac5a1121-0a89-4c24-a14c-2bf5464fd049', 'cec64950-00b3-4e74-9ba0-a92da9c268ff', NOW(), NOW()),
('82f7d331-76f9-44d6-a1bd-81cbf963cf9b', 'Sessão de Biologia', 'Atendimento individual focado em objetivos específicos e reforço escolar.', '2027-02-14 09:00:00', '2027-02-14 10:30:00', 250.0, 145.72, 'ORIENTACAO_VOCACIONAL', 'd9aa7891-b3e4-4313-a345-933d8ead6ac1', '3e813e14-18c6-4143-b84c-765ab2ef47c6', NOW(), NOW()),
('f5e2ff05-adb8-4519-a6a0-5b3268db7132', 'Sessão de Biologia', 'Atendimento individual focado em objetivos específicos e reforço escolar.', '2027-08-30 08:00:00', '2027-08-30 09:30:00', 150.0, 85.85, 'MENTORIA', 'f255d37f-e801-46f3-ba9b-a2f7fa57acc0', '32eb3daf-d3d9-41a0-a851-af6ede9c0997', NOW(), NOW()),
('14ef793d-998f-404f-a60b-e2ef18971eed', 'Sessão de Química', 'Atendimento individual focado em objetivos específicos e reforço escolar.', '2027-11-08 13:00:00', '2027-11-08 15:00:00', 200.0, 110.63, 'OUTRO', '809421c4-7fad-4924-80af-3f34a967b205', '32eb3daf-d3d9-41a0-a851-af6ede9c0997', NOW(), NOW()),
('fd117d21-8cd5-4fc2-b350-1422835b7da8', 'Sessão de História', 'Atendimento individual focado em objetivos específicos e reforço escolar.', '2027-12-26 04:30:00', '2027-12-26 06:00:00', 120.0, 70.59, 'ORIENTACAO_VOCACIONAL', '0ceac856-3447-41ca-b782-cbf4aff9ebf5', '3e813e14-18c6-4143-b84c-765ab2ef47c6', NOW(), NOW()),
('1cf7d459-889a-4c81-9ef0-b82890429fac', 'Sessão de Biologia', 'Atendimento individual focado em objetivos específicos e reforço escolar.', '2027-10-06 16:30:00', '2027-10-06 17:30:00', 100.0, 59.07, 'OUTRO', '273f7989-a44e-4d1b-84f1-6ec710ef72ba', 'b71fa3e6-31f0-4ef5-a650-1bccae83302e', NOW(), NOW()),
('38962335-6afa-4676-9bb4-a2fe27dd4b0e', 'Sessão de História', 'Atendimento individual focado em objetivos específicos e reforço escolar.', '2027-01-29 04:30:00', '2027-01-29 06:30:00', 200.0, 111.02, 'MENTORIA', '93fe65b0-56fe-447a-9c30-2d0138e7a5c1', '711dfe8e-eace-45bd-be3d-d7b60add38bb', NOW(), NOW()),
('b04828ee-e51a-454a-9040-117b181f57b1', 'Sessão de Química', 'Atendimento individual focado em objetivos específicos e reforço escolar.', '2027-03-13 01:30:00', '2027-03-13 02:30:00', 200.0, 108.82, 'TERAPIA', '8c88b715-81b7-4de3-b82c-9e9b9aae9739', '16b1c731-d231-4617-8f09-4949641a1756', NOW(), NOW()),
('52c13f32-90cd-433c-a60b-c82c0cd5296b', 'Sessão de História', 'Atendimento individual focado em objetivos específicos e reforço escolar.', '2027-04-16 03:00:00', '2027-04-16 04:30:00', 120.0, 65.22, 'MENTORIA', '0370ef8e-7e3e-4620-8f00-ba608e2224f2', 'ce296eca-d629-40af-b459-398ebb050d30', NOW(), NOW()),
('a040263c-142a-4fd0-afcb-f47e05121299', 'Sessão de História', 'Atendimento individual focado em objetivos específicos e reforço escolar.', '2027-03-06 17:00:00', '2027-03-06 19:00:00', 100.0, 58.81, 'ENEM', 'c300383f-c7fa-4aa1-9ead-cd9911f2bf11', '32eb3daf-d3d9-41a0-a851-af6ede9c0997', NOW(), NOW()),
('adc3047b-efa1-4f25-a687-a2cc27faa2be', 'Sessão de Biologia', 'Atendimento individual focado em objetivos específicos e reforço escolar.', '2027-07-21 16:00:00', '2027-07-21 18:00:00', 100.0, 51.6, 'ENEM', '809421c4-7fad-4924-80af-3f34a967b205', 'ce296eca-d629-40af-b459-398ebb050d30', NOW(), NOW()),
('d7f5d74f-1049-49c4-bf95-7e762289e094', 'Sessão de História', 'Atendimento individual focado em objetivos específicos e reforço escolar.', '2027-01-21 12:30:00', '2027-01-21 14:30:00', 180.0, 92.18, 'MENTORIA', '98afcd10-dbe5-4f13-8b68-6d27e84d0295', '32eb3daf-d3d9-41a0-a851-af6ede9c0997', NOW(), NOW()),
('fe341f8b-c9a9-4c06-b66a-3a49ba165d48', 'Sessão de Redação', 'Atendimento individual focado em objetivos específicos e reforço escolar.', '2027-01-30 14:00:00', '2027-01-30 16:00:00', 120.0, 65.77, 'MENTORIA', '8c88b715-81b7-4de3-b82c-9e9b9aae9739', '32eb3daf-d3d9-41a0-a851-af6ede9c0997', NOW(), NOW()),
('88024cb9-51b5-4a34-b644-786af601b8c3', 'Sessão de Redação', 'Atendimento individual focado em objetivos específicos e reforço escolar.', '2027-04-01 00:30:00', '2027-04-01 02:30:00', 180.0, 93.67, 'MENTORIA', '18b23ce2-cce7-4ca8-bbe6-b94a6d2ea44e', '48166663-3ae5-4796-9170-2d2769313620', NOW(), NOW()),
('852058f2-7f40-4962-9124-d89808f7c1da', 'Sessão de História', 'Atendimento individual focado em objetivos específicos e reforço escolar.', '2027-02-12 18:30:00', '2027-02-12 20:00:00', 200.0, 101.92, 'MENTORIA', '530dc689-0340-44be-adfe-009303540b54', '3e813e14-18c6-4143-b84c-765ab2ef47c6', NOW(), NOW()),
('7b71fd42-d15e-447a-8699-cda1bc78fac8', 'Sessão de Redação', 'Atendimento individual focado em objetivos específicos e reforço escolar.', '2027-11-11 04:00:00', '2027-11-11 05:30:00', 250.0, 140.8, 'ORIENTACAO_VOCACIONAL', 'c236e5b6-6201-4d5d-abf3-81144f9e3950', '3e813e14-18c6-4143-b84c-765ab2ef47c6', NOW(), NOW()),
('8ea07140-4d62-43d6-9c62-246a226d4570', 'Sessão de Português', 'Atendimento individual focado em objetivos específicos e reforço escolar.', '2027-10-07 23:00:00', '2027-10-08 00:00:00', 250.0, 130.7, 'OUTRO', 'ac5a1121-0a89-4c24-a14c-2bf5464fd049', '16b1c731-d231-4617-8f09-4949641a1756', NOW(), NOW()),
('333cb695-1a9b-47b3-a439-35dc4836867f', 'Sessão de Biologia', 'Atendimento individual focado em objetivos específicos e reforço escolar.', '2027-12-19 17:00:00', '2027-12-19 18:30:00', 100.0, 55.87, 'AULA', '3e00f56d-75c6-4433-9c97-d0fdab9b7561', '711dfe8e-eace-45bd-be3d-d7b60add38bb', NOW(), NOW()),
('2747995e-402f-4194-911d-92cb6dc68f50', 'Sessão de Português', 'Atendimento individual focado em objetivos específicos e reforço escolar.', '2027-03-18 15:00:00', '2027-03-18 17:00:00', 180.0, 106.95, 'ENEM', '0ceac856-3447-41ca-b782-cbf4aff9ebf5', '48166663-3ae5-4796-9170-2d2769313620', NOW(), NOW()),
('e837ffb9-9aad-493f-b810-dafa214ab436', 'Sessão de História', 'Atendimento individual focado em objetivos específicos e reforço escolar.', '2027-07-02 12:00:00', '2027-07-02 13:30:00', 100.0, 52.08, 'OUTRO', 'bd695336-518e-4a68-b4cf-550bb081c48e', '6c3c3276-2c08-446f-ad33-112754ce36fc', NOW(), NOW()),
('48ce457b-bca8-48ba-a739-efc7f7a0c018', 'Sessão de Matemática', 'Atendimento individual focado em objetivos específicos e reforço escolar.', '2027-07-16 01:00:00', '2027-07-16 02:00:00', 250.0, 136.5, 'MENTORIA', '98afcd10-dbe5-4f13-8b68-6d27e84d0295', 'cec64950-00b3-4e74-9ba0-a92da9c268ff', NOW(), NOW()),
('844ab048-926d-4dc1-9aee-582a091ab632', 'Sessão de Biologia', 'Atendimento individual focado em objetivos específicos e reforço escolar.', '2027-12-14 22:30:00', '2027-12-15 00:30:00', 180.0, 90.34, 'ORIENTACAO_VOCACIONAL', 'f40026c0-1de0-4b64-a332-d528deed5f24', '6c3c3276-2c08-446f-ad33-112754ce36fc', NOW(), NOW()),
('8605939e-5064-468a-a8ae-8ec80b6f1991', 'Sessão de Matemática', 'Atendimento individual focado em objetivos específicos e reforço escolar.', '2027-10-29 09:30:00', '2027-10-29 11:00:00', 120.0, 62.56, 'ENEM', 'bd695336-518e-4a68-b4cf-550bb081c48e', '3e813e14-18c6-4143-b84c-765ab2ef47c6', NOW(), NOW()),
('ebd3f117-db2f-4ee1-8120-e467f6a8e349', 'Sessão de Matemática', 'Atendimento individual focado em objetivos específicos e reforço escolar.', '2027-10-27 00:00:00', '2027-10-27 01:00:00', 200.0, 119.48, 'TERAPIA', '1853e9a1-4f3d-43a1-8582-e9c586211911', '6c3c3276-2c08-446f-ad33-112754ce36fc', NOW(), NOW()),
('b753b575-955a-40ae-bbeb-a7d3162eb1e6', 'Sessão de Biologia', 'Atendimento individual focado em objetivos específicos e reforço escolar.', '2027-10-29 18:00:00', '2027-10-29 20:00:00', 120.0, 61.95, 'MENTORIA', '5e840982-2c89-4451-8562-255f4ffa2a9a', '16b1c731-d231-4617-8f09-4949641a1756', NOW(), NOW()),
('07caed6e-efc7-4b8d-b5e2-466c45be3b81', 'Sessão de Química', 'Atendimento individual focado em objetivos específicos e reforço escolar.', '2027-06-30 05:30:00', '2027-06-30 07:30:00', 180.0, 107.57, 'OUTRO', '1853e9a1-4f3d-43a1-8582-e9c586211911', '48166663-3ae5-4796-9170-2d2769313620', NOW(), NOW()),
('44d50e43-2951-42bc-a2db-7e9a9f40170d', 'Sessão de História', 'Atendimento individual focado em objetivos específicos e reforço escolar.', '2027-06-29 10:00:00', '2027-06-29 12:00:00', 150.0, 87.2, 'PAS', '464cb12c-2370-4914-b98a-064c08031921', 'ce296eca-d629-40af-b459-398ebb050d30', NOW(), NOW()),
('8ef210c6-a74a-484b-9ae2-4d8c1fcd04ab', 'Sessão de Química', 'Atendimento individual focado em objetivos específicos e reforço escolar.', '2027-10-16 07:00:00', '2027-10-16 08:30:00', 150.0, 85.11, 'OUTRO', 'b4e09d53-dc4a-496b-88f0-a098430cbed2', '711dfe8e-eace-45bd-be3d-d7b60add38bb', NOW(), NOW()),
('9fdead99-5c6e-444f-a86e-01cd11b744b1', 'Sessão de Biologia', 'Atendimento individual focado em objetivos específicos e reforço escolar.', '2027-05-16 00:00:00', '2027-05-16 02:00:00', 120.0, 62.96, 'OUTRO', '18b23ce2-cce7-4ca8-bbe6-b94a6d2ea44e', '48166663-3ae5-4796-9170-2d2769313620', NOW(), NOW()),
('41154ba2-2a08-4152-b8de-097c5f189c7c', 'Sessão de Química', 'Atendimento individual focado em objetivos específicos e reforço escolar.', '2027-09-06 20:00:00', '2027-09-06 21:00:00', 200.0, 108.37, 'AULA', '1dff5756-ce1e-4eb8-a242-222d3bbe81b9', '32eb3daf-d3d9-41a0-a851-af6ede9c0997', NOW(), NOW()),
('3eeb3533-124e-42f3-b7b9-e05f0d00ab71', 'Sessão de História', 'Atendimento individual focado em objetivos específicos e reforço escolar.', '2027-04-14 20:00:00', '2027-04-14 21:00:00', 200.0, 117.88, 'MENTORIA', 'b03f2e86-ad0d-42ce-a3fd-ee8f9d69cc73', '6c3c3276-2c08-446f-ad33-112754ce36fc', NOW(), NOW()),
('a780c98e-0f6b-40a4-ba1b-5ea5ba9d4ebd', 'Sessão de Química', 'Atendimento individual focado em objetivos específicos e reforço escolar.', '2027-01-02 06:00:00', '2027-01-02 07:30:00', 150.0, 83.19, 'PAS', 'c8750dbd-4c24-4a20-9719-31f1673d7995', '32eb3daf-d3d9-41a0-a851-af6ede9c0997', NOW(), NOW()),
('dcceed2c-d469-4708-ab64-c6bcce1b36dd', 'Sessão de Física', 'Atendimento individual focado em objetivos específicos e reforço escolar.', '2027-03-14 05:00:00', '2027-03-14 07:00:00', 150.0, 85.14, 'AULA', 'c236e5b6-6201-4d5d-abf3-81144f9e3950', '3e813e14-18c6-4143-b84c-765ab2ef47c6', NOW(), NOW()),
('5febe5d7-e17b-483b-bc28-d7084f68a907', 'Sessão de Português', 'Atendimento individual focado em objetivos específicos e reforço escolar.', '2027-07-29 10:30:00', '2027-07-29 11:30:00', 180.0, 94.91, 'ORIENTACAO_VOCACIONAL', 'c300383f-c7fa-4aa1-9ead-cd9911f2bf11', '3e813e14-18c6-4143-b84c-765ab2ef47c6', NOW(), NOW()),
('b9fb0117-9a81-438c-b839-dfe7fb1b52a4', 'Sessão de Física', 'Atendimento individual focado em objetivos específicos e reforço escolar.', '2027-09-12 16:30:00', '2027-09-12 18:00:00', 200.0, 115.42, 'ENEM', 'b4e09d53-dc4a-496b-88f0-a098430cbed2', '0d4068f2-a185-4c0c-abfe-8f8571783b93', NOW(), NOW()),
('c2a6f31e-2e09-430a-8e2d-778cbf7fa276', 'Sessão de Matemática', 'Atendimento individual focado em objetivos específicos e reforço escolar.', '2027-01-20 18:00:00', '2027-01-20 19:00:00', 200.0, 100.16, 'ORIENTACAO_VOCACIONAL', 'f40026c0-1de0-4b64-a332-d528deed5f24', '32eb3daf-d3d9-41a0-a851-af6ede9c0997', NOW(), NOW()),
('7d2f0566-2a60-4ffc-b017-7f258e8a301a', 'Sessão de Biologia', 'Atendimento individual focado em objetivos específicos e reforço escolar.', '2027-05-15 09:00:00', '2027-05-15 10:30:00', 200.0, 109.03, 'ENEM', 'fdb2c9b5-88ad-4e30-906f-41061d8a733c', 'cec64950-00b3-4e74-9ba0-a92da9c268ff', NOW(), NOW()),
('f0efe1ea-72c6-47b2-b7c2-493e94b3a95a', 'Sessão de Português', 'Atendimento individual focado em objetivos específicos e reforço escolar.', '2027-03-31 21:30:00', '2027-03-31 23:30:00', 150.0, 88.51, 'PAS', 'f9e27946-17cb-4055-b7eb-8709f6c6a4a7', 'b71fa3e6-31f0-4ef5-a650-1bccae83302e', NOW(), NOW()),
('c88cb837-5a41-43ee-b9ba-aff56ff95409', 'Sessão de Matemática', 'Atendimento individual focado em objetivos específicos e reforço escolar.', '2027-05-14 04:00:00', '2027-05-14 05:30:00', 180.0, 107.2, 'TERAPIA', 'fdb2c9b5-88ad-4e30-906f-41061d8a733c', '3e813e14-18c6-4143-b84c-765ab2ef47c6', NOW(), NOW()),
('0ecbf406-16ad-4a3c-88e5-385fd6b91328', 'Sessão de Matemática', 'Atendimento individual focado em objetivos específicos e reforço escolar.', '2027-10-12 07:30:00', '2027-10-12 09:30:00', 150.0, 75.88, 'MENTORIA', 'c300383f-c7fa-4aa1-9ead-cd9911f2bf11', '6c3c3276-2c08-446f-ad33-112754ce36fc', NOW(), NOW()),
('cc5d7568-990e-4991-85ff-668d63e8e9c1', 'Sessão de História', 'Atendimento individual focado em objetivos específicos e reforço escolar.', '2027-09-27 14:30:00', '2027-09-27 16:30:00', 150.0, 78.46, 'ENEM', '5e2313fe-79dd-4372-8daa-a88051db175f', '6c3c3276-2c08-446f-ad33-112754ce36fc', NOW(), NOW()),
('c6ce53a8-351b-44c3-b5c0-6cf73d09c560', 'Sessão de Física', 'Atendimento individual focado em objetivos específicos e reforço escolar.', '2027-07-19 04:30:00', '2027-07-19 05:30:00', 200.0, 107.15, 'PAS', '18b23ce2-cce7-4ca8-bbe6-b94a6d2ea44e', 'b71fa3e6-31f0-4ef5-a650-1bccae83302e', NOW(), NOW()),
('3fb5957e-ef96-4d5b-ac34-ffe3b46f6334', 'Sessão de Física', 'Atendimento individual focado em objetivos específicos e reforço escolar.', '2027-09-25 09:30:00', '2027-09-25 11:00:00', 120.0, 70.88, 'ORIENTACAO_VOCACIONAL', 'f9e27946-17cb-4055-b7eb-8709f6c6a4a7', 'b71fa3e6-31f0-4ef5-a650-1bccae83302e', NOW(), NOW()),
('d192baf6-0762-42ac-b151-ea87d78e3109', 'Sessão de História', 'Atendimento individual focado em objetivos específicos e reforço escolar.', '2027-09-08 07:00:00', '2027-09-08 08:30:00', 200.0, 118.62, 'ORIENTACAO_VOCACIONAL', '856c202b-2d3b-47ef-b63c-66a25a5ff057', '6c3c3276-2c08-446f-ad33-112754ce36fc', NOW(), NOW()),
('eccc89ab-c75c-4f4d-a570-8ef2dc60eff9', 'Sessão de Matemática', 'Atendimento individual focado em objetivos específicos e reforço escolar.', '2027-09-27 02:00:00', '2027-09-27 03:30:00', 100.0, 59.53, 'ENEM', '0370ef8e-7e3e-4620-8f00-ba608e2224f2', '0d4068f2-a185-4c0c-abfe-8f8571783b93', NOW(), NOW()),
('8f498a68-469b-48f7-853a-250d9a6c6181', 'Sessão de Matemática', 'Atendimento individual focado em objetivos específicos e reforço escolar.', '2027-03-22 14:00:00', '2027-03-22 15:30:00', 180.0, 93.86, 'TERAPIA', '93fe65b0-56fe-447a-9c30-2d0138e7a5c1', '48166663-3ae5-4796-9170-2d2769313620', NOW(), NOW()),
('a93b0baa-f356-4241-8e47-4d058aef451b', 'Sessão de Matemática', 'Atendimento individual focado em objetivos específicos e reforço escolar.', '2027-08-06 07:30:00', '2027-08-06 09:30:00', 200.0, 102.96, 'ENEM', '5e840982-2c89-4451-8562-255f4ffa2a9a', 'cec64950-00b3-4e74-9ba0-a92da9c268ff', NOW(), NOW()),
('1c0c09db-1c09-4ab0-ad72-7e583415c9b8', 'Sessão de Matemática', 'Atendimento individual focado em objetivos específicos e reforço escolar.', '2027-06-23 20:00:00', '2027-06-23 22:00:00', 200.0, 109.91, 'PAS', 'adce39e5-fcb1-4b12-b69e-c63fe53d5c50', '32eb3daf-d3d9-41a0-a851-af6ede9c0997', NOW(), NOW()),
('09e0320a-8fff-42ad-b23b-4a5bb6fd5b77', 'Sessão de Português', 'Atendimento individual focado em objetivos específicos e reforço escolar.', '2027-10-10 02:00:00', '2027-10-10 04:00:00', 180.0, 104.41, 'TERAPIA', '46a5d34b-9955-406a-adb6-493777058a88', '0d4068f2-a185-4c0c-abfe-8f8571783b93', NOW(), NOW()),
('bee68344-2880-4184-a0e7-df190a45c757', 'Sessão de História', 'Atendimento individual focado em objetivos específicos e reforço escolar.', '2027-10-17 08:30:00', '2027-10-17 09:30:00', 150.0, 89.76, 'TERAPIA', '5e840982-2c89-4451-8562-255f4ffa2a9a', '48166663-3ae5-4796-9170-2d2769313620', NOW(), NOW()),
('e2acc01b-d1c7-434a-8ddc-60d06dd9dd4e', 'Sessão de Química', 'Atendimento individual focado em objetivos específicos e reforço escolar.', '2027-11-25 10:30:00', '2027-11-25 12:00:00', 200.0, 118.97, 'PAS', '856c202b-2d3b-47ef-b63c-66a25a5ff057', '16b1c731-d231-4617-8f09-4949641a1756', NOW(), NOW()),
('f6a4be3e-b791-4834-b5c2-2920dc840a75', 'Sessão de Física', 'Atendimento individual focado em objetivos específicos e reforço escolar.', '2027-06-17 23:30:00', '2027-06-18 00:30:00', 200.0, 114.49, 'AULA', '273f7989-a44e-4d1b-84f1-6ec710ef72ba', 'b71fa3e6-31f0-4ef5-a650-1bccae83302e', NOW(), NOW()),
('c9ab77ca-99c6-4329-83d4-63a2f66b5768', 'Sessão de Física', 'Atendimento individual focado em objetivos específicos e reforço escolar.', '2027-10-17 10:00:00', '2027-10-17 11:30:00', 150.0, 76.52, 'ORIENTACAO_VOCACIONAL', '0ceac856-3447-41ca-b782-cbf4aff9ebf5', '0d4068f2-a185-4c0c-abfe-8f8571783b93', NOW(), NOW()),
('b37040d6-0ba1-47d5-bb3f-89f660e00beb', 'Sessão de Matemática', 'Atendimento individual focado em objetivos específicos e reforço escolar.', '2027-07-11 14:00:00', '2027-07-11 16:00:00', 200.0, 100.89, 'AULA', '5e2313fe-79dd-4372-8daa-a88051db175f', 'cec64950-00b3-4e74-9ba0-a92da9c268ff', NOW(), NOW()),
('b3913125-82fe-4da8-b637-adee71ab08a7', 'Sessão de Matemática', 'Atendimento individual focado em objetivos específicos e reforço escolar.', '2027-03-20 18:30:00', '2027-03-20 20:00:00', 180.0, 101.39, 'AULA', '18b23ce2-cce7-4ca8-bbe6-b94a6d2ea44e', '3e813e14-18c6-4143-b84c-765ab2ef47c6', NOW(), NOW()),
('2081a734-6f52-4be5-ba03-d7e6e3704686', 'Sessão de Português', 'Atendimento individual focado em objetivos específicos e reforço escolar.', '2027-04-17 19:00:00', '2027-04-17 20:00:00', 180.0, 92.2, 'PAS', 'b4e09d53-dc4a-496b-88f0-a098430cbed2', '48166663-3ae5-4796-9170-2d2769313620', NOW(), NOW()),
('8e3aaf98-89b7-4459-9c93-bd653a0f3a1d', 'Sessão de Biologia', 'Atendimento individual focado em objetivos específicos e reforço escolar.', '2027-05-26 09:30:00', '2027-05-26 10:30:00', 100.0, 59.03, 'PAS', '5e2313fe-79dd-4372-8daa-a88051db175f', '0d4068f2-a185-4c0c-abfe-8f8571783b93', NOW(), NOW()),
('d7cd2630-d161-48dc-aa62-f362a5a25f3c', 'Sessão de Biologia', 'Atendimento individual focado em objetivos específicos e reforço escolar.', '2027-08-28 14:00:00', '2027-08-28 15:30:00', 150.0, 75.33, 'MENTORIA', 'e5744476-c1c5-4cd0-a3b3-d24d6ff1c94c', '3e813e14-18c6-4143-b84c-765ab2ef47c6', NOW(), NOW()),
('7def298f-d717-4bfe-9e74-603e5b17e5b5', 'Sessão de Física', 'Atendimento individual focado em objetivos específicos e reforço escolar.', '2027-06-13 23:00:00', '2027-06-14 00:30:00', 200.0, 117.79, 'PAS', 'cb53ef3e-d81e-4eb8-b74c-debee7e477ad', '32eb3daf-d3d9-41a0-a851-af6ede9c0997', NOW(), NOW()),
('3a75f25d-cfc4-4e59-b9dd-c33c2a27a5e2', 'Sessão de Química', 'Atendimento individual focado em objetivos específicos e reforço escolar.', '2027-09-25 02:30:00', '2027-09-25 04:30:00', 100.0, 50.26, 'MENTORIA', 'e5744476-c1c5-4cd0-a3b3-d24d6ff1c94c', '48166663-3ae5-4796-9170-2d2769313620', NOW(), NOW()),
('79420733-b253-485c-8b71-acd21495bae1', 'Sessão de Redação', 'Atendimento individual focado em objetivos específicos e reforço escolar.', '2027-01-29 03:00:00', '2027-01-29 05:00:00', 120.0, 64.59, 'PAS', '18b23ce2-cce7-4ca8-bbe6-b94a6d2ea44e', 'b71fa3e6-31f0-4ef5-a650-1bccae83302e', NOW(), NOW()),
('a6a5ed29-f2d2-4321-ba4b-322feb1d17ed', 'Sessão de Matemática', 'Atendimento individual focado em objetivos específicos e reforço escolar.', '2027-02-05 22:00:00', '2027-02-06 00:00:00', 250.0, 145.87, 'ORIENTACAO_VOCACIONAL', '8c88b715-81b7-4de3-b82c-9e9b9aae9739', '6c3c3276-2c08-446f-ad33-112754ce36fc', NOW(), NOW()),
('8f86c999-0c88-4590-8e59-8c5e1ebd643a', 'Sessão de Biologia', 'Atendimento individual focado em objetivos específicos e reforço escolar.', '2027-12-30 02:00:00', '2027-12-30 03:30:00', 180.0, 91.09, 'OUTRO', '98bc6d63-00e2-423b-b46b-43bcbbb72784', '16b1c731-d231-4617-8f09-4949641a1756', NOW(), NOW()),
('6a614c5a-85a7-4f37-9b0c-e39add32ff61', 'Sessão de Biologia', 'Atendimento individual focado em objetivos específicos e reforço escolar.', '2027-07-15 02:00:00', '2027-07-15 04:00:00', 120.0, 69.95, 'MENTORIA', 'adce39e5-fcb1-4b12-b69e-c63fe53d5c50', '711dfe8e-eace-45bd-be3d-d7b60add38bb', NOW(), NOW()),
('dc50d902-51ae-4b7d-86a5-ce10d12f9d7f', 'Sessão de Física', 'Atendimento individual focado em objetivos específicos e reforço escolar.', '2027-04-04 18:30:00', '2027-04-04 20:30:00', 100.0, 51.2, 'OUTRO', '00483395-3e78-433c-83f1-1f163b902684', '32eb3daf-d3d9-41a0-a851-af6ede9c0997', NOW(), NOW()),
('9b59de31-6991-416d-912c-63fc8130fe1f', 'Sessão de Redação', 'Atendimento individual focado em objetivos específicos e reforço escolar.', '2027-11-05 22:00:00', '2027-11-05 23:30:00', 200.0, 114.74, 'ORIENTACAO_VOCACIONAL', '46a5d34b-9955-406a-adb6-493777058a88', 'b71fa3e6-31f0-4ef5-a650-1bccae83302e', NOW(), NOW()),
('d58df49a-dda8-48e9-8200-ddf658cdf8f6', 'Sessão de Biologia', 'Atendimento individual focado em objetivos específicos e reforço escolar.', '2027-02-28 01:00:00', '2027-02-28 03:00:00', 150.0, 89.25, 'TERAPIA', '02408a22-973f-4e19-95ea-3377528c1dde', '0d4068f2-a185-4c0c-abfe-8f8571783b93', NOW(), NOW()),
('14cad3a5-2476-41c1-843e-5cd63e7ee330', 'Sessão de História', 'Atendimento individual focado em objetivos específicos e reforço escolar.', '2027-02-20 12:30:00', '2027-02-20 13:30:00', 120.0, 61.71, 'TERAPIA', 'ac5a1121-0a89-4c24-a14c-2bf5464fd049', 'b71fa3e6-31f0-4ef5-a650-1bccae83302e', NOW(), NOW()),
('532aa49c-cf4f-4081-9bd5-68c00f0c07cd', 'Sessão de História', 'Atendimento individual focado em objetivos específicos e reforço escolar.', '2027-04-03 08:30:00', '2027-04-03 10:30:00', 250.0, 136.46, 'ENEM', '93fe65b0-56fe-447a-9c30-2d0138e7a5c1', '6c3c3276-2c08-446f-ad33-112754ce36fc', NOW(), NOW()),
('45db71f4-c704-4ea6-9f00-81f106aee0cd', 'Sessão de Português', 'Atendimento individual focado em objetivos específicos e reforço escolar.', '2027-01-06 00:00:00', '2027-01-06 02:00:00', 150.0, 86.08, 'ENEM', '273f7989-a44e-4d1b-84f1-6ec710ef72ba', '16b1c731-d231-4617-8f09-4949641a1756', NOW(), NOW()),
('0847dca6-f522-4e9f-a570-e2141549d911', 'Sessão de Redação', 'Atendimento individual focado em objetivos específicos e reforço escolar.', '2027-07-23 19:30:00', '2027-07-23 21:30:00', 250.0, 135.52, 'AULA', 'bd695336-518e-4a68-b4cf-550bb081c48e', '16b1c731-d231-4617-8f09-4949641a1756', NOW(), NOW()),
('e0772030-a0a6-4d45-8697-2d71f6faa1f7', 'Sessão de Matemática', 'Atendimento individual focado em objetivos específicos e reforço escolar.', '2027-03-18 15:00:00', '2027-03-18 16:00:00', 100.0, 50.58, 'OUTRO', '02408a22-973f-4e19-95ea-3377528c1dde', '16b1c731-d231-4617-8f09-4949641a1756', NOW(), NOW()),
('58a10e8b-db11-4ae9-a3f0-6ad6eca142d7', 'Sessão de Biologia', 'Atendimento individual focado em objetivos específicos e reforço escolar.', '2027-08-03 13:00:00', '2027-08-03 14:00:00', 100.0, 57.6, 'ORIENTACAO_VOCACIONAL', '02408a22-973f-4e19-95ea-3377528c1dde', 'ce296eca-d629-40af-b459-398ebb050d30', NOW(), NOW()),
('e0e7247e-5e82-4422-a278-c4cd91c4af67', 'Sessão de História', 'Atendimento individual focado em objetivos específicos e reforço escolar.', '2027-10-11 06:00:00', '2027-10-11 08:00:00', 150.0, 86.41, 'AULA', '1dff5756-ce1e-4eb8-a242-222d3bbe81b9', '711dfe8e-eace-45bd-be3d-d7b60add38bb', NOW(), NOW()),
('ebec7f74-46bb-4b1f-88a7-d1487b9718f0', 'Sessão de História', 'Atendimento individual focado em objetivos específicos e reforço escolar.', '2027-10-05 04:00:00', '2027-10-05 05:00:00', 250.0, 139.98, 'AULA', '0ceac856-3447-41ca-b782-cbf4aff9ebf5', '16b1c731-d231-4617-8f09-4949641a1756', NOW(), NOW()),
('3f559790-6ef0-49d2-97c3-873dfe22b8d0', 'Sessão de Redação', 'Atendimento individual focado em objetivos específicos e reforço escolar.', '2027-06-20 01:00:00', '2027-06-20 03:00:00', 250.0, 146.13, 'ENEM', '1853e9a1-4f3d-43a1-8582-e9c586211911', '16b1c731-d231-4617-8f09-4949641a1756', NOW(), NOW()),
('27c5d4cd-ddeb-43fc-9faa-7b835dea7876', 'Sessão de Redação', 'Atendimento individual focado em objetivos específicos e reforço escolar.', '2027-08-13 09:00:00', '2027-08-13 11:00:00', 180.0, 92.28, 'MENTORIA', '46a5d34b-9955-406a-adb6-493777058a88', '3e813e14-18c6-4143-b84c-765ab2ef47c6', NOW(), NOW()),
('018deaf9-0d61-44e8-a5b1-3793dab55fa2', 'Sessão de Química', 'Atendimento individual focado em objetivos específicos e reforço escolar.', '2027-11-10 18:00:00', '2027-11-10 20:00:00', 180.0, 107.57, 'OUTRO', '02408a22-973f-4e19-95ea-3377528c1dde', '711dfe8e-eace-45bd-be3d-d7b60add38bb', NOW(), NOW()),
('0d1397f0-eaec-4842-a428-08011085c5c8', 'Sessão de Redação', 'Atendimento individual focado em objetivos específicos e reforço escolar.', '2027-12-11 08:00:00', '2027-12-11 09:00:00', 150.0, 83.42, 'MENTORIA', 'eb529f0f-eb1d-4973-ac4c-c21cdc884bd1', '711dfe8e-eace-45bd-be3d-d7b60add38bb', NOW(), NOW())
ON CONFLICT (id) DO NOTHING;
