-- Development seed for Aprimorar.
-- Add seed data below as the dataset is defined.
DELETE FROM atendimentos;
DELETE FROM alunos WHERE id <> '00000000-0000-4000-8000-000000000002';
DELETE FROM responsaveis WHERE id <> 'ffffffff-ffff-ffff-ffff-ffffffffffff';
DELETE FROM colaboradores WHERE id <> '00000000-0000-4000-8000-000000000001';


-- Collaborators
INSERT INTO colaboradores (id, nome, data_nascimento, cpf, telefone, email, pix, ativo, created_at, updated_at, funcao, rua, numero, bairro, cidade, estado, cep, complemento) VALUES ('890322e5-6327-53c6-a9a7-726765d704d8', 'Lucas Almeida', '2002-01-14', '123.456.789-09', '11990000001', 'lucas.almeida@example.com', '11990000001', true, CURRENT_TIMESTAMP, CURRENT_TIMESTAMP, 'PROFESSOR', 'Avenida Paulista', '0', 'Bela Vista', 'Sao Paulo', 'SP', '01310000', 'Sala 101');
INSERT INTO colaboradores (id, nome, data_nascimento, cpf, telefone, email, pix, ativo, created_at, updated_at, funcao, rua, numero, bairro, cidade, estado, cep, complemento) VALUES ('9e79c84d-d10a-59ca-8196-3963139e8096', 'Mariana Costa', '2001-05-27', '987.654.321-00', '11990000002', 'mariana.costa@example.com', '11990000002', true, CURRENT_TIMESTAMP, CURRENT_TIMESTAMP, 'PROFESSOR', 'Rua Augusta', '0', 'Consolacao', 'Sao Paulo', 'SP', '01305000', 'Apto 22');
INSERT INTO colaboradores (id, nome, data_nascimento, cpf, telefone, email, pix, ativo, created_at, updated_at, funcao, rua, numero, bairro, cidade, estado, cep, complemento) VALUES ('8a26e04f-23f6-5710-8705-2b62563b222d', 'Rafael Oliveira', '2003-08-09', '111.444.777-35', '11990000003', 'rafael.oliveira@example.com', '11990000003', true, CURRENT_TIMESTAMP, CURRENT_TIMESTAMP, 'PROFESSOR', 'Rua Vergueiro', '0', 'Liberdade', 'Sao Paulo', 'SP', '01504000', 'Bloco B');
INSERT INTO colaboradores (id, nome, data_nascimento, cpf, telefone, email, pix, ativo, created_at, updated_at, funcao, rua, numero, bairro, cidade, estado, cep, complemento) VALUES ('bdb8a03c-d48a-535f-9bb5-d557ecbefdf4', 'Camila Santos', '2004-02-18', '222.555.888-46', '11990000004', 'camila.santos@example.com', '11990000004', true, CURRENT_TIMESTAMP, CURRENT_TIMESTAMP, 'PROFESSOR', 'Rua Oscar Freire', '0', 'Jardins', 'Sao Paulo', 'SP', '01426001', 'Casa 4');
INSERT INTO colaboradores (id, nome, data_nascimento, cpf, telefone, email, pix, ativo, created_at, updated_at, funcao, rua, numero, bairro, cidade, estado, cep, complemento) VALUES ('35a26f86-91cb-58d6-bd36-20bd9a467eec', 'Pedro Henrique Silva', '2005-11-03', '333.666.999-57', '11990000005', 'pedro.silva@example.com', '11990000005', true, CURRENT_TIMESTAMP, CURRENT_TIMESTAMP, 'PROFESSOR', 'Rua Harmonia', '0', 'Vila Madalena', 'Sao Paulo', 'SP', '05435000', 'Fundos');
INSERT INTO colaboradores (id, nome, data_nascimento, cpf, telefone, email, pix, ativo, created_at, updated_at, funcao, rua, numero, bairro, cidade, estado, cep, complemento) VALUES ('2e494257-1161-5add-9091-4891a3dccec3', 'Beatriz Rocha', '2006-04-22', '147.258.369-82', '11990000006', 'beatriz.rocha@example.com', '11990000006', true, CURRENT_TIMESTAMP, CURRENT_TIMESTAMP, 'PROFESSOR', 'Rua dos Pinheiros', '0', 'Pinheiros', 'Sao Paulo', 'SP', '05422000', 'Apto 61');
INSERT INTO colaboradores (id, nome, data_nascimento, cpf, telefone, email, pix, ativo, created_at, updated_at, funcao, rua, numero, bairro, cidade, estado, cep, complemento) VALUES ('d73df42d-244f-58e1-b55f-2c3dff8f7860', 'Gabriel Martins', '2007-07-16', '369.258.147-55', '11990000007', 'gabriel.martins@example.com', '11990000007', true, CURRENT_TIMESTAMP, CURRENT_TIMESTAMP, 'PROFESSOR', 'Rua Cardeal Arcoverde', '0', 'Pinheiros', 'Sao Paulo', 'SP', '05407000', 'Casa 7');
INSERT INTO colaboradores (id, nome, data_nascimento, cpf, telefone, email, pix, ativo, created_at, updated_at, funcao, rua, numero, bairro, cidade, estado, cep, complemento) VALUES ('cb6eac0d-dfb5-5ccc-9a0c-8770a1557476', 'Larissa Ferreira', '2008-03-05', '741.852.963-55', '11990000008', 'larissa.ferreira@example.com', '11990000008', true, CURRENT_TIMESTAMP, CURRENT_TIMESTAMP, 'PROFESSOR', 'Alameda Santos', '0', 'Jardim Paulista', 'Sao Paulo', 'SP', '01419000', 'Conjunto 8');
INSERT INTO colaboradores (id, nome, data_nascimento, cpf, telefone, email, pix, ativo, created_at, updated_at, funcao, rua, numero, bairro, cidade, estado, cep, complemento) VALUES ('e06e1215-1847-5d54-8520-e6439c1e6975', 'Thiago Pereira', '2002-09-30', '852.963.741-00', '11990000009', 'thiago.pereira@example.com', '11990000009', true, CURRENT_TIMESTAMP, CURRENT_TIMESTAMP, 'ADMINISTRATIVO', 'Rua Pamplona', '0', 'Jardim Paulista', 'Sao Paulo', 'SP', '01405000', 'Apto 91');
INSERT INTO colaboradores (id, nome, data_nascimento, cpf, telefone, email, pix, ativo, created_at, updated_at, funcao, rua, numero, bairro, cidade, estado, cep, complemento) VALUES ('67a4ab33-5f16-5425-a512-4c95abeebac9', 'Fernanda Lima', '2001-12-11', '159.357.486-06', '11990000010', 'fernanda.lima@example.com', '11990000010', true, CURRENT_TIMESTAMP, CURRENT_TIMESTAMP, 'MENTOR', 'Rua Bela Cintra', '0', 'Consolacao', 'Sao Paulo', 'SP', '01415000', 'Casa 10');
INSERT INTO colaboradores (id, nome, data_nascimento, cpf, telefone, email, pix, ativo, created_at, updated_at, funcao, rua, numero, bairro, cidade, estado, cep, complemento) VALUES ('82562c6d-0ef7-526e-b8e3-c6bf1bad81e0', 'Bruno Carvalho', '2004-06-08', '486.357.159-34', '11990000011', 'bruno.carvalho@example.com', '11990000011', true, CURRENT_TIMESTAMP, CURRENT_TIMESTAMP, 'MENTOR', 'Rua Haddock Lobo', '0', 'Cerqueira Cesar', 'Sao Paulo', 'SP', '01414001', 'Apto 112');
INSERT INTO colaboradores (id, nome, data_nascimento, cpf, telefone, email, pix, ativo, created_at, updated_at, funcao, rua, numero, bairro, cidade, estado, cep, complemento) VALUES ('46b8b924-f738-5a05-930c-1be3b563773e', 'Aline Souza', '2003-10-24', '951.753.852-91', '11990000012', 'aline.souza@example.com', '11990000012', true, CURRENT_TIMESTAMP, CURRENT_TIMESTAMP, 'TERAPEUTA', 'Rua Itapeva', '0', 'Bela Vista', 'Sao Paulo', 'SP', '01332000', 'Sala 12');

-- Parents
INSERT INTO responsaveis (id, nome, data_nascimento, cpf, telefone, email, created_at, updated_at) VALUES ('cbbe29c8-3177-548f-b3d3-24dd0463a495', 'Carlos Eduardo Ramos', '1981-02-12', '204.681.357-07', '11980000001', 'carlos.ramos@example.com', CURRENT_TIMESTAMP, CURRENT_TIMESTAMP);
INSERT INTO responsaveis (id, nome, data_nascimento, cpf, telefone, email, created_at, updated_at) VALUES ('7db99ca8-59f6-5b7d-8e85-465b2f62cb38', 'Marcos Vinicius Barros', '1979-07-25', '315.792.468-00', '11980000002', 'marcos.barros@example.com', CURRENT_TIMESTAMP, CURRENT_TIMESTAMP);
INSERT INTO responsaveis (id, nome, data_nascimento, cpf, telefone, email, created_at, updated_at) VALUES ('576f4f56-3232-5af8-a610-caa7a5b6f9dc', 'Felipe Andrade', '1984-11-08', '426.813.579-00', '11980000003', 'felipe.andrade@example.com', CURRENT_TIMESTAMP, CURRENT_TIMESTAMP);
INSERT INTO responsaveis (id, nome, data_nascimento, cpf, telefone, email, created_at, updated_at) VALUES ('6d155c39-17d9-58b8-bb6e-b5430a1d7218', 'Ricardo Nogueira', '1982-04-19', '537.924.681-82', '11980000004', 'ricardo.nogueira@example.com', CURRENT_TIMESTAMP, CURRENT_TIMESTAMP);
INSERT INTO responsaveis (id, nome, data_nascimento, cpf, telefone, email, created_at, updated_at) VALUES ('14a6b158-5c23-5db7-a3c4-7f5cbd48e0b1', 'Anderson Moraes', '1978-09-03', '648.135.792-64', '11980000005', 'anderson.moraes@example.com', CURRENT_TIMESTAMP, CURRENT_TIMESTAMP);
INSERT INTO responsaveis (id, nome, data_nascimento, cpf, telefone, email, created_at, updated_at) VALUES ('8a4199a9-376b-5f04-854e-68aca4e4edf1', 'Eduardo Teixeira', '1985-01-27', '759.246.813-19', '11980000006', 'eduardo.teixeira@example.com', CURRENT_TIMESTAMP, CURRENT_TIMESTAMP);
INSERT INTO responsaveis (id, nome, data_nascimento, cpf, telefone, email, created_at, updated_at) VALUES ('9f0e9912-019d-5c87-985a-33e8e7418b01', 'Leandro Batista', '1980-06-14', '860.357.924-56', '11980000007', 'leandro.batista@example.com', CURRENT_TIMESTAMP, CURRENT_TIMESTAMP);
INSERT INTO responsaveis (id, nome, data_nascimento, cpf, telefone, email, created_at, updated_at) VALUES ('1dcf86ab-96df-5552-8a93-7b38857f8663', 'Henrique Cardoso', '1983-12-05', '971.468.035-20', '11980000008', 'henrique.cardoso@example.com', CURRENT_TIMESTAMP, CURRENT_TIMESTAMP);
INSERT INTO responsaveis (id, nome, data_nascimento, cpf, telefone, email, created_at, updated_at) VALUES ('73f4cbbe-4f93-5478-98d1-cd8d7d8bca50', 'Juliana Mendes', '1982-03-21', '102.938.475-41', '11980000009', 'juliana.mendes@example.com', CURRENT_TIMESTAMP, CURRENT_TIMESTAMP);
INSERT INTO responsaveis (id, nome, data_nascimento, cpf, telefone, email, created_at, updated_at) VALUES ('171cc5c5-dbae-5a4b-bc98-262368639e74', 'Patricia Gomes', '1979-10-18', '213.849.576-00', '11980000010', 'patricia.gomes@example.com', CURRENT_TIMESTAMP, CURRENT_TIMESTAMP);
INSERT INTO responsaveis (id, nome, data_nascimento, cpf, telefone, email, created_at, updated_at) VALUES ('535d4a73-291e-5307-9f3f-c366d892b691', 'Renata Araujo', '1984-05-06', '324.750.687-01', '11980000011', 'renata.araujo@example.com', CURRENT_TIMESTAMP, CURRENT_TIMESTAMP);
INSERT INTO responsaveis (id, nome, data_nascimento, cpf, telefone, email, created_at, updated_at) VALUES ('604ff524-9da8-5368-9a36-eec7d6d985fd', 'Carla Ribeiro', '1981-08-30', '435.861.798-04', '11980000012', 'carla.ribeiro@example.com', CURRENT_TIMESTAMP, CURRENT_TIMESTAMP);
INSERT INTO responsaveis (id, nome, data_nascimento, cpf, telefone, email, created_at, updated_at) VALUES ('e047416a-375d-5331-9d2a-9a275b1163b2', 'Daniela Correia', '1978-01-09', '546.972.801-30', '11980000013', 'daniela.correia@example.com', CURRENT_TIMESTAMP, CURRENT_TIMESTAMP);
INSERT INTO responsaveis (id, nome, data_nascimento, cpf, telefone, email, created_at, updated_at) VALUES ('26f5da87-45c3-5c52-946b-7e061cd78f99', 'Vanessa Duarte', '1985-04-24', '657.083.912-86', '11980000014', 'vanessa.duarte@example.com', CURRENT_TIMESTAMP, CURRENT_TIMESTAMP);
INSERT INTO responsaveis (id, nome, data_nascimento, cpf, telefone, email, created_at, updated_at) VALUES ('4789d7ca-56c5-5e64-8b0e-127b92bdcdb7', 'Priscila Moreira', '1980-11-17', '768.194.023-50', '11980000015', 'priscila.moreira@example.com', CURRENT_TIMESTAMP, CURRENT_TIMESTAMP);
INSERT INTO responsaveis (id, nome, data_nascimento, cpf, telefone, email, created_at, updated_at) VALUES ('39983380-6008-572e-95bc-3d0d2c806337', 'Tatiane Castro', '1983-06-02', '879.205.134-05', '11980000016', 'tatiane.castro@example.com', CURRENT_TIMESTAMP, CURRENT_TIMESTAMP);

-- Students
INSERT INTO alunos (id, nome, data_nascimento, cpf, telefone, email, ativo, created_at, updated_at, escola, responsavel_id, rua, numero, bairro, cidade, estado, cep, complemento) VALUES ('df351208-d6c8-5c8a-a2ce-19cea64ac3a8', 'Joao Pedro Ramos', '2008-04-12', '120.345.678-62', '11970000001', 'joao.pedro.ramos@example.com', true, CURRENT_TIMESTAMP, CURRENT_TIMESTAMP, 'Escola Monteiro Lobato', 'cbbe29c8-3177-548f-b3d3-24dd0463a495', 'Avenida Brasil', '0', 'Vila Mariana', 'Sao Paulo', 'SP', '01000001', 'Casa 1');
INSERT INTO alunos (id, nome, data_nascimento, cpf, telefone, email, ativo, created_at, updated_at, escola, responsavel_id, rua, numero, bairro, cidade, estado, cep, complemento) VALUES ('852b7c98-e262-51e7-88ab-84b93ea99f09', 'Ana Clara Ramos', '2012-09-03', '231.456.789-73', '11970000002', 'ana.clara.ramos@example.com', true, CURRENT_TIMESTAMP, CURRENT_TIMESTAMP, 'Colegio Brasil', 'cbbe29c8-3177-548f-b3d3-24dd0463a495', 'Rua das Acacias', '0', 'Jardim Paulista', 'Sao Paulo', 'SP', '01000002', 'Casa 2');
INSERT INTO alunos (id, nome, data_nascimento, cpf, telefone, email, ativo, created_at, updated_at, escola, responsavel_id, rua, numero, bairro, cidade, estado, cep, complemento) VALUES ('f0af156a-fbe5-5b29-9acb-5fe22508eb62', 'Miguel Barros', '2009-06-21', '342.567.890-65', '11970000003', 'miguel.barros@example.com', true, CURRENT_TIMESTAMP, CURRENT_TIMESTAMP, 'Escola Parque Aprimorar', '7db99ca8-59f6-5b7d-8e85-465b2f62cb38', 'Rua do Aprendizado', '0', 'Pinheiros', 'Sao Paulo', 'SP', '01000003', 'Casa 3');
INSERT INTO alunos (id, nome, data_nascimento, cpf, telefone, email, ativo, created_at, updated_at, escola, responsavel_id, rua, numero, bairro, cidade, estado, cep, complemento) VALUES ('41e8e58f-124a-5969-b16f-ac57993d7a00', 'Sofia Barros', '2014-01-17', '453.678.901-48', '11970000004', 'sofia.barros@example.com', true, CURRENT_TIMESTAMP, CURRENT_TIMESTAMP, 'Colegio Sao Paulo', '7db99ca8-59f6-5b7d-8e85-465b2f62cb38', 'Rua das Palmeiras', '0', 'Centro', 'Sao Paulo', 'SP', '01000004', 'Casa 4');
INSERT INTO alunos (id, nome, data_nascimento, cpf, telefone, email, ativo, created_at, updated_at, escola, responsavel_id, rua, numero, bairro, cidade, estado, cep, complemento) VALUES ('de87ab23-c4f6-5cdb-88e4-c1e524f9f5b3', 'Arthur Andrade', '2010-11-05', '564.789.012-11', '11970000005', 'arthur.andrade@example.com', true, CURRENT_TIMESTAMP, CURRENT_TIMESTAMP, 'Escola Monteiro Lobato', '576f4f56-3232-5af8-a610-caa7a5b6f9dc', 'Avenida Brasil', '0', 'Vila Mariana', 'Sao Paulo', 'SP', '01000005', 'Casa 5');
INSERT INTO alunos (id, nome, data_nascimento, cpf, telefone, email, ativo, created_at, updated_at, escola, responsavel_id, rua, numero, bairro, cidade, estado, cep, complemento) VALUES ('c53e06ad-04d7-57bb-812a-79c5c34c9d18', 'Laura Andrade', '2015-07-29', '675.890.123-86', '11970000006', 'laura.andrade@example.com', true, CURRENT_TIMESTAMP, CURRENT_TIMESTAMP, 'Colegio Brasil', '576f4f56-3232-5af8-a610-caa7a5b6f9dc', 'Rua das Acacias', '0', 'Jardim Paulista', 'Sao Paulo', 'SP', '01000006', 'Casa 6');
INSERT INTO alunos (id, nome, data_nascimento, cpf, telefone, email, ativo, created_at, updated_at, escola, responsavel_id, rua, numero, bairro, cidade, estado, cep, complemento) VALUES ('b5d573a7-6c49-5397-a1ee-e6dfd6530c74', 'Heitor Nogueira', '2007-12-14', '786.901.234-31', '11970000007', 'heitor.nogueira@example.com', true, CURRENT_TIMESTAMP, CURRENT_TIMESTAMP, 'Escola Parque Aprimorar', '6d155c39-17d9-58b8-bb6e-b5430a1d7218', 'Rua do Aprendizado', '0', 'Pinheiros', 'Sao Paulo', 'SP', '01000007', 'Casa 7');
INSERT INTO alunos (id, nome, data_nascimento, cpf, telefone, email, ativo, created_at, updated_at, escola, responsavel_id, rua, numero, bairro, cidade, estado, cep, complemento) VALUES ('adc3fc6b-4b03-5833-858b-82744c5303a8', 'Valentina Nogueira', '2013-03-08', '897.012.345-88', '11970000008', 'valentina.nogueira@example.com', true, CURRENT_TIMESTAMP, CURRENT_TIMESTAMP, 'Colegio Sao Paulo', '6d155c39-17d9-58b8-bb6e-b5430a1d7218', 'Rua das Palmeiras', '0', 'Centro', 'Sao Paulo', 'SP', '01000008', 'Casa 8');
INSERT INTO alunos (id, nome, data_nascimento, cpf, telefone, email, ativo, created_at, updated_at, escola, responsavel_id, rua, numero, bairro, cidade, estado, cep, complemento) VALUES ('336b13d8-7bff-5903-9d63-29f73c1656d8', 'Bernardo Moraes', '2008-08-19', '908.123.456-06', '11970000009', 'bernardo.moraes@example.com', true, CURRENT_TIMESTAMP, CURRENT_TIMESTAMP, 'Escola Monteiro Lobato', '14a6b158-5c23-5db7-a3c4-7f5cbd48e0b1', 'Avenida Brasil', '0', 'Vila Mariana', 'Sao Paulo', 'SP', '01000009', 'Casa 9');
INSERT INTO alunos (id, nome, data_nascimento, cpf, telefone, email, ativo, created_at, updated_at, escola, responsavel_id, rua, numero, bairro, cidade, estado, cep, complemento) VALUES ('ec1d488a-1c34-5a2b-96b4-9d01e02e0f68', 'Helena Moraes', '2016-02-25', '019.234.567-25', '11970000010', 'helena.moraes@example.com', true, CURRENT_TIMESTAMP, CURRENT_TIMESTAMP, 'Colegio Brasil', '14a6b158-5c23-5db7-a3c4-7f5cbd48e0b1', 'Rua das Acacias', '0', 'Jardim Paulista', 'Sao Paulo', 'SP', '01000010', 'Casa 10');
INSERT INTO alunos (id, nome, data_nascimento, cpf, telefone, email, ativo, created_at, updated_at, escola, responsavel_id, rua, numero, bairro, cidade, estado, cep, complemento) VALUES ('912587f5-6a0d-5dd9-ba88-b26f08e03744', 'Davi Teixeira', '2009-10-10', '130.246.875-80', '11970000011', 'davi.teixeira@example.com', true, CURRENT_TIMESTAMP, CURRENT_TIMESTAMP, 'Escola Parque Aprimorar', '8a4199a9-376b-5f04-854e-68aca4e4edf1', 'Rua do Aprendizado', '0', 'Pinheiros', 'Sao Paulo', 'SP', '01000011', 'Casa 11');
INSERT INTO alunos (id, nome, data_nascimento, cpf, telefone, email, ativo, created_at, updated_at, escola, responsavel_id, rua, numero, bairro, cidade, estado, cep, complemento) VALUES ('10ea8325-849a-543a-8505-8608e90d3e3c', 'Alice Teixeira', '2012-05-06', '241.357.986-91', '11970000012', 'alice.teixeira@example.com', true, CURRENT_TIMESTAMP, CURRENT_TIMESTAMP, 'Colegio Sao Paulo', '8a4199a9-376b-5f04-854e-68aca4e4edf1', 'Rua das Palmeiras', '0', 'Centro', 'Sao Paulo', 'SP', '01000012', 'Casa 12');
INSERT INTO alunos (id, nome, data_nascimento, cpf, telefone, email, ativo, created_at, updated_at, escola, responsavel_id, rua, numero, bairro, cidade, estado, cep, complemento) VALUES ('aa995218-f836-561e-a0ec-cd66b0ae0cad', 'Lorenzo Batista', '2011-01-30', '352.468.097-65', '11970000013', 'lorenzo.batista@example.com', true, CURRENT_TIMESTAMP, CURRENT_TIMESTAMP, 'Escola Monteiro Lobato', '9f0e9912-019d-5c87-985a-33e8e7418b01', 'Avenida Brasil', '0', 'Vila Mariana', 'Sao Paulo', 'SP', '01000013', 'Casa 13');
INSERT INTO alunos (id, nome, data_nascimento, cpf, telefone, email, ativo, created_at, updated_at, escola, responsavel_id, rua, numero, bairro, cidade, estado, cep, complemento) VALUES ('506a6c1a-2e14-5dc4-b829-5cef95229a8a', 'Manuela Batista', '2015-09-22', '463.579.108-48', '11970000014', 'manuela.batista@example.com', true, CURRENT_TIMESTAMP, CURRENT_TIMESTAMP, 'Colegio Brasil', '9f0e9912-019d-5c87-985a-33e8e7418b01', 'Rua das Acacias', '0', 'Jardim Paulista', 'Sao Paulo', 'SP', '01000014', 'Casa 14');
INSERT INTO alunos (id, nome, data_nascimento, cpf, telefone, email, ativo, created_at, updated_at, escola, responsavel_id, rua, numero, bairro, cidade, estado, cep, complemento) VALUES ('e8a14b95-9897-59fe-9b5e-792e1a616118', 'Theo Cardoso', '2008-06-11', '574.680.219-02', '11970000015', 'theo.cardoso@example.com', true, CURRENT_TIMESTAMP, CURRENT_TIMESTAMP, 'Escola Parque Aprimorar', '1dcf86ab-96df-5552-8a93-7b38857f8663', 'Rua do Aprendizado', '0', 'Pinheiros', 'Sao Paulo', 'SP', '01000015', 'Casa 15');
INSERT INTO alunos (id, nome, data_nascimento, cpf, telefone, email, ativo, created_at, updated_at, escola, responsavel_id, rua, numero, bairro, cidade, estado, cep, complemento) VALUES ('98765813-eb5c-5390-98b8-a3b39afed37b', 'Isabela Cardoso', '2014-12-02', '685.791.320-02', '11970000016', 'isabela.cardoso@example.com', true, CURRENT_TIMESTAMP, CURRENT_TIMESTAMP, 'Colegio Sao Paulo', '1dcf86ab-96df-5552-8a93-7b38857f8663', 'Rua das Palmeiras', '0', 'Centro', 'Sao Paulo', 'SP', '01000016', 'Casa 16');
INSERT INTO alunos (id, nome, data_nascimento, cpf, telefone, email, ativo, created_at, updated_at, escola, responsavel_id, rua, numero, bairro, cidade, estado, cep, complemento) VALUES ('da2f211e-0411-5035-827e-3512cb48c2b2', 'Pedro Mendes', '2010-03-15', '796.802.431-50', '11970000017', 'pedro.mendes@example.com', true, CURRENT_TIMESTAMP, CURRENT_TIMESTAMP, 'Escola Monteiro Lobato', '73f4cbbe-4f93-5478-98d1-cd8d7d8bca50', 'Avenida Brasil', '0', 'Vila Mariana', 'Sao Paulo', 'SP', '01000017', 'Casa 17');
INSERT INTO alunos (id, nome, data_nascimento, cpf, telefone, email, ativo, created_at, updated_at, escola, responsavel_id, rua, numero, bairro, cidade, estado, cep, complemento) VALUES ('7a61dbb9-1b37-57a7-bd96-e1b7d4b56de1', 'Luiza Gomes', '2013-11-09', '807.913.542-88', '11970000018', 'luiza.gomes@example.com', true, CURRENT_TIMESTAMP, CURRENT_TIMESTAMP, 'Colegio Brasil', '171cc5c5-dbae-5a4b-bc98-262368639e74', 'Rua das Acacias', '0', 'Jardim Paulista', 'Sao Paulo', 'SP', '01000018', 'Casa 18');
INSERT INTO alunos (id, nome, data_nascimento, cpf, telefone, email, ativo, created_at, updated_at, escola, responsavel_id, rua, numero, bairro, cidade, estado, cep, complemento) VALUES ('5810d4b5-9854-5b79-ac5f-7aad8332853f', 'Gabriel Araujo', '2007-07-01', '918.024.653-24', '11970000019', 'gabriel.araujo@example.com', true, CURRENT_TIMESTAMP, CURRENT_TIMESTAMP, 'Escola Parque Aprimorar', '535d4a73-291e-5307-9f3f-c366d892b691', 'Rua do Aprendizado', '0', 'Pinheiros', 'Sao Paulo', 'SP', '01000019', 'Casa 19');
INSERT INTO alunos (id, nome, data_nascimento, cpf, telefone, email, ativo, created_at, updated_at, escola, responsavel_id, rua, numero, bairro, cidade, estado, cep, complemento) VALUES ('2556ce0c-126f-5fcd-bc95-a56d0b608c2c', 'Maria Eduarda Ribeiro', '2011-04-27', '029.135.764-43', '11970000020', 'maria.eduarda.ribeiro@example.com', true, CURRENT_TIMESTAMP, CURRENT_TIMESTAMP, 'Colegio Sao Paulo', '604ff524-9da8-5368-9a36-eec7d6d985fd', 'Rua das Palmeiras', '0', 'Centro', 'Sao Paulo', 'SP', '01000020', 'Casa 20');
INSERT INTO alunos (id, nome, data_nascimento, cpf, telefone, email, ativo, created_at, updated_at, escola, responsavel_id, rua, numero, bairro, cidade, estado, cep, complemento) VALUES ('d17eb824-3987-5856-9c5f-06015086d956', 'Samuel Correia', '2015-06-18', '140.257.986-11', '11970000021', 'samuel.correia@example.com', true, CURRENT_TIMESTAMP, CURRENT_TIMESTAMP, 'Escola Monteiro Lobato', 'e047416a-375d-5331-9d2a-9a275b1163b2', 'Avenida Brasil', '0', 'Vila Mariana', 'Sao Paulo', 'SP', '01000021', 'Casa 21');
INSERT INTO alunos (id, nome, data_nascimento, cpf, telefone, email, ativo, created_at, updated_at, escola, responsavel_id, rua, numero, bairro, cidade, estado, cep, complemento) VALUES ('cc04c9b9-32b8-5573-8435-5793f8644481', 'Clara Duarte', '2009-02-04', '251.368.097-95', '11970000022', 'clara.duarte@example.com', true, CURRENT_TIMESTAMP, CURRENT_TIMESTAMP, 'Colegio Brasil', '26f5da87-45c3-5c52-946b-7e061cd78f99', 'Rua das Acacias', '0', 'Jardim Paulista', 'Sao Paulo', 'SP', '01000022', 'Casa 22');
INSERT INTO alunos (id, nome, data_nascimento, cpf, telefone, email, ativo, created_at, updated_at, escola, responsavel_id, rua, numero, bairro, cidade, estado, cep, complemento) VALUES ('d7dfcfa0-9018-5251-b775-b9af09b4c3a3', 'Enzo Moreira', '2012-08-13', '362.479.108-78', '11970000023', 'enzo.moreira@example.com', true, CURRENT_TIMESTAMP, CURRENT_TIMESTAMP, 'Escola Parque Aprimorar', '4789d7ca-56c5-5e64-8b0e-127b92bdcdb7', 'Rua do Aprendizado', '0', 'Pinheiros', 'Sao Paulo', 'SP', '01000023', 'Casa 23');
INSERT INTO alunos (id, nome, data_nascimento, cpf, telefone, email, ativo, created_at, updated_at, escola, responsavel_id, rua, numero, bairro, cidade, estado, cep, complemento) VALUES ('4e816456-e58c-5c2c-b45d-15cfecf86787', 'Yasmin Castro', '2016-10-31', '473.580.219-32', '11970000024', 'yasmin.castro@example.com', true, CURRENT_TIMESTAMP, CURRENT_TIMESTAMP, 'Colegio Sao Paulo', '39983380-6008-572e-95bc-3d0d2c806337', 'Rua das Palmeiras', '0', 'Centro', 'Sao Paulo', 'SP', '01000024', 'Casa 24');

-- Appointments
INSERT INTO atendimentos (created_at, updated_at, titulo, descricao, inicio, fim, repasse, valor, tipo, status, aluno_id, colaborador_id, nome_aluno, nome_colaborador)
SELECT v.created_at, v.updated_at, v.titulo, v.descricao, v.inicio, v.fim, v.repasse, v.valor, v.tipo, v.status, v.aluno_id::uuid, v.colaborador_id::uuid, a.nome, c.nome
FROM (VALUES
(CURRENT_TIMESTAMP, CURRENT_TIMESTAMP, 'MENTORIA - Col: Bruno Carvalho - Sofia Barros', 'Atendimento seed 051 para Sofia Barros', TIMESTAMP '2026-10-24 17:00:00', TIMESTAMP '2026-10-24 18:30:00', 75.00, 147.00, 'MENTORIA', 'AGENDADO', '41e8e58f-124a-5969-b16f-ac57993d7a00', '82562c6d-0ef7-526e-b8e3-c6bf1bad81e0'),
(CURRENT_TIMESTAMP, CURRENT_TIMESTAMP, 'ORIENTACAO_VOCACIONAL - Col: Lucas Almeida - Arthur Andrade', 'Atendimento seed 052 para Arthur Andrade', TIMESTAMP '2026-10-25 14:00:00', TIMESTAMP '2026-10-25 15:30:00', 80.00, 156.00, 'ORIENTACAO_VOCACIONAL', 'AGENDADO', 'de87ab23-c4f6-5cdb-88e4-c1e524f9f5b3', '890322e5-6327-53c6-a9a7-726765d704d8'),
(CURRENT_TIMESTAMP, CURRENT_TIMESTAMP, 'AULA - Col: Camila Santos - Laura Andrade', 'Atendimento seed 053 para Laura Andrade', TIMESTAMP '2026-10-26 15:00:00', TIMESTAMP '2026-10-26 16:30:00', 85.00, 165.00, 'AULA', 'AGENDADO', 'c53e06ad-04d7-57bb-812a-79c5c34c9d18', 'bdb8a03c-d48a-535f-9bb5-d557ecbefdf4'),
(CURRENT_TIMESTAMP, CURRENT_TIMESTAMP, 'ENEM - Col: Gabriel Martins - Heitor Nogueira', 'Atendimento seed 054 para Heitor Nogueira', TIMESTAMP '2026-10-27 16:00:00', TIMESTAMP '2026-10-27 17:30:00', 90.00, 174.00, 'ENEM', 'AGENDADO', 'b5d573a7-6c49-5397-a1ee-e6dfd6530c74', 'd73df42d-244f-58e1-b55f-2c3dff8f7860'),
(CURRENT_TIMESTAMP, CURRENT_TIMESTAMP, 'PAS - Col: Bruno Carvalho - Valentina Nogueira', 'Atendimento seed 055 para Valentina Nogueira', TIMESTAMP '2026-10-28 17:00:00', TIMESTAMP '2026-10-28 18:30:00', 95.00, 183.00, 'PAS', 'AGENDADO', 'adc3fc6b-4b03-5833-858b-82744c5303a8', '82562c6d-0ef7-526e-b8e3-c6bf1bad81e0'),
(CURRENT_TIMESTAMP, CURRENT_TIMESTAMP, 'MENTORIA - Col: Lucas Almeida - Bernardo Moraes', 'Atendimento seed 056 para Bernardo Moraes', TIMESTAMP '2026-10-29 14:00:00', TIMESTAMP '2026-10-29 15:30:00', 64.00, 192.00, 'MENTORIA', 'AGENDADO', '336b13d8-7bff-5903-9d63-29f73c1656d8', '890322e5-6327-53c6-a9a7-726765d704d8'),
(CURRENT_TIMESTAMP, CURRENT_TIMESTAMP, 'ORIENTACAO_VOCACIONAL - Col: Camila Santos - Helena Moraes', 'Atendimento seed 057 para Helena Moraes', TIMESTAMP '2026-10-30 15:00:00', TIMESTAMP '2026-10-30 16:30:00', 69.00, 120.00, 'ORIENTACAO_VOCACIONAL', 'AGENDADO', 'ec1d488a-1c34-5a2b-96b4-9d01e02e0f68', 'bdb8a03c-d48a-535f-9bb5-d557ecbefdf4'),
(CURRENT_TIMESTAMP, CURRENT_TIMESTAMP, 'AULA - Col: Gabriel Martins - Davi Teixeira', 'Atendimento seed 058 para Davi Teixeira', TIMESTAMP '2026-10-31 16:00:00', TIMESTAMP '2026-10-31 17:30:00', 74.00, 129.00, 'AULA', 'AGENDADO', '912587f5-6a0d-5dd9-ba88-b26f08e03744', 'd73df42d-244f-58e1-b55f-2c3dff8f7860'),
(CURRENT_TIMESTAMP, CURRENT_TIMESTAMP, 'ENEM - Col: Bruno Carvalho - Alice Teixeira', 'Atendimento seed 059 para Alice Teixeira', TIMESTAMP '2026-11-01 17:00:00', TIMESTAMP '2026-11-01 18:30:00', 79.00, 138.00, 'ENEM', 'AGENDADO', '10ea8325-849a-543a-8505-8608e90d3e3c', '82562c6d-0ef7-526e-b8e3-c6bf1bad81e0'),
(CURRENT_TIMESTAMP, CURRENT_TIMESTAMP, 'PAS - Col: Lucas Almeida - Lorenzo Batista', 'Atendimento seed 060 para Lorenzo Batista', TIMESTAMP '2026-11-02 14:00:00', TIMESTAMP '2026-11-02 15:30:00', 84.00, 147.00, 'PAS', 'AGENDADO', 'aa995218-f836-561e-a0ec-cd66b0ae0cad', '890322e5-6327-53c6-a9a7-726765d704d8'),
(CURRENT_TIMESTAMP, CURRENT_TIMESTAMP, 'MENTORIA - Col: Camila Santos - Manuela Batista', 'Atendimento seed 061 para Manuela Batista', TIMESTAMP '2026-11-03 15:00:00', TIMESTAMP '2026-11-03 16:30:00', 89.00, 156.00, 'MENTORIA', 'AGENDADO', '506a6c1a-2e14-5dc4-b829-5cef95229a8a', 'bdb8a03c-d48a-535f-9bb5-d557ecbefdf4'),
(CURRENT_TIMESTAMP, CURRENT_TIMESTAMP, 'ORIENTACAO_VOCACIONAL - Col: Gabriel Martins - Theo Cardoso', 'Atendimento seed 062 para Theo Cardoso', TIMESTAMP '2026-11-04 16:00:00', TIMESTAMP '2026-11-04 17:30:00', 94.00, 165.00, 'ORIENTACAO_VOCACIONAL', 'AGENDADO', 'e8a14b95-9897-59fe-9b5e-792e1a616118', 'd73df42d-244f-58e1-b55f-2c3dff8f7860'),
(CURRENT_TIMESTAMP, CURRENT_TIMESTAMP, 'AULA - Col: Bruno Carvalho - Isabela Cardoso', 'Atendimento seed 063 para Isabela Cardoso', TIMESTAMP '2026-11-05 17:00:00', TIMESTAMP '2026-11-05 18:30:00', 63.00, 174.00, 'AULA', 'AGENDADO', '98765813-eb5c-5390-98b8-a3b39afed37b', '82562c6d-0ef7-526e-b8e3-c6bf1bad81e0'),
(CURRENT_TIMESTAMP, CURRENT_TIMESTAMP, 'ENEM - Col: Lucas Almeida - Pedro Mendes', 'Atendimento seed 064 para Pedro Mendes', TIMESTAMP '2026-11-06 14:00:00', TIMESTAMP '2026-11-06 15:30:00', 68.00, 183.00, 'ENEM', 'AGENDADO', 'da2f211e-0411-5035-827e-3512cb48c2b2', '890322e5-6327-53c6-a9a7-726765d704d8'),
(CURRENT_TIMESTAMP, CURRENT_TIMESTAMP, 'PAS - Col: Camila Santos - Luiza Gomes', 'Atendimento seed 065 para Luiza Gomes', TIMESTAMP '2026-11-07 15:00:00', TIMESTAMP '2026-11-07 16:30:00', 73.00, 192.00, 'PAS', 'AGENDADO', '7a61dbb9-1b37-57a7-bd96-e1b7d4b56de1', 'bdb8a03c-d48a-535f-9bb5-d557ecbefdf4'),
(CURRENT_TIMESTAMP, CURRENT_TIMESTAMP, 'MENTORIA - Col: Gabriel Martins - Gabriel Araujo', 'Atendimento seed 066 para Gabriel Araujo', TIMESTAMP '2026-11-08 16:00:00', TIMESTAMP '2026-11-08 17:30:00', 78.00, 120.00, 'MENTORIA', 'AGENDADO', '5810d4b5-9854-5b79-ac5f-7aad8332853f', 'd73df42d-244f-58e1-b55f-2c3dff8f7860'),
(CURRENT_TIMESTAMP, CURRENT_TIMESTAMP, 'ORIENTACAO_VOCACIONAL - Col: Bruno Carvalho - Maria Eduarda Ribeiro', 'Atendimento seed 067 para Maria Eduarda Ribeiro', TIMESTAMP '2026-11-09 17:00:00', TIMESTAMP '2026-11-09 18:30:00', 83.00, 129.00, 'ORIENTACAO_VOCACIONAL', 'AGENDADO', '2556ce0c-126f-5fcd-bc95-a56d0b608c2c', '82562c6d-0ef7-526e-b8e3-c6bf1bad81e0'),
(CURRENT_TIMESTAMP, CURRENT_TIMESTAMP, 'AULA - Col: Lucas Almeida - Samuel Correia', 'Atendimento seed 068 para Samuel Correia', TIMESTAMP '2026-11-10 14:00:00', TIMESTAMP '2026-11-10 15:30:00', 88.00, 138.00, 'AULA', 'AGENDADO', 'd17eb824-3987-5856-9c5f-06015086d956', '890322e5-6327-53c6-a9a7-726765d704d8'),
(CURRENT_TIMESTAMP, CURRENT_TIMESTAMP, 'ENEM - Col: Camila Santos - Clara Duarte', 'Atendimento seed 069 para Clara Duarte', TIMESTAMP '2026-11-11 15:00:00', TIMESTAMP '2026-11-11 16:30:00', 93.00, 147.00, 'ENEM', 'AGENDADO', 'cc04c9b9-32b8-5573-8435-5793f8644481', 'bdb8a03c-d48a-535f-9bb5-d557ecbefdf4'),
(CURRENT_TIMESTAMP, CURRENT_TIMESTAMP, 'PAS - Col: Gabriel Martins - Enzo Moreira', 'Atendimento seed 070 para Enzo Moreira', TIMESTAMP '2026-11-12 16:00:00', TIMESTAMP '2026-11-12 17:30:00', 62.00, 156.00, 'PAS', 'AGENDADO', 'd7dfcfa0-9018-5251-b775-b9af09b4c3a3', 'd73df42d-244f-58e1-b55f-2c3dff8f7860'),
(CURRENT_TIMESTAMP, CURRENT_TIMESTAMP, 'MENTORIA - Col: Bruno Carvalho - Yasmin Castro', 'Atendimento seed 071 para Yasmin Castro', TIMESTAMP '2026-11-13 17:00:00', TIMESTAMP '2026-11-13 18:30:00', 67.00, 165.00, 'MENTORIA', 'AGENDADO', '4e816456-e58c-5c2c-b45d-15cfecf86787', '82562c6d-0ef7-526e-b8e3-c6bf1bad81e0'),
(CURRENT_TIMESTAMP, CURRENT_TIMESTAMP, 'ENEM - Col: Beatriz Rocha - Joao Pedro Ramos', 'Atendimento seed 072 para Joao Pedro Ramos', TIMESTAMP '2026-11-14 15:00:00', TIMESTAMP '2026-11-14 16:30:00', 72.00, 138.00, 'ENEM', 'AGENDADO', 'df351208-d6c8-5c8a-a2ce-19cea64ac3a8', '2e494257-1161-5add-9091-4891a3dccec3'),
(CURRENT_TIMESTAMP, CURRENT_TIMESTAMP, 'PAS - Col: Fernanda Lima - Ana Clara Ramos', 'Atendimento seed 073 para Ana Clara Ramos', TIMESTAMP '2026-11-15 16:00:00', TIMESTAMP '2026-11-15 17:30:00', 77.00, 147.00, 'PAS', 'AGENDADO', '852b7c98-e262-51e7-88ab-84b93ea99f09', '67a4ab33-5f16-5425-a512-4c95abeebac9'),
(CURRENT_TIMESTAMP, CURRENT_TIMESTAMP, 'MENTORIA - Col: Thiago Pereira - Miguel Barros', 'Atendimento seed 074 para Miguel Barros', TIMESTAMP '2026-11-16 17:00:00', TIMESTAMP '2026-11-16 18:30:00', 82.00, 156.00, 'MENTORIA', 'AGENDADO', 'f0af156a-fbe5-5b29-9acb-5fe22508eb62', 'e06e1215-1847-5d54-8520-e6439c1e6975'),
(CURRENT_TIMESTAMP, CURRENT_TIMESTAMP, 'ORIENTACAO_VOCACIONAL - Col: Rafael Oliveira - Sofia Barros', 'Atendimento seed 075 para Sofia Barros', TIMESTAMP '2026-11-17 14:00:00', TIMESTAMP '2026-11-17 15:30:00', 87.00, 165.00, 'ORIENTACAO_VOCACIONAL', 'AGENDADO', '41e8e58f-124a-5969-b16f-ac57993d7a00', '8a26e04f-23f6-5710-8705-2b62563b222d'),
(CURRENT_TIMESTAMP, CURRENT_TIMESTAMP, 'AULA - Col: Beatriz Rocha - Arthur Andrade', 'Atendimento seed 076 para Arthur Andrade', TIMESTAMP '2026-11-18 15:00:00', TIMESTAMP '2026-11-18 16:30:00', 92.00, 174.00, 'AULA', 'AGENDADO', 'de87ab23-c4f6-5cdb-88e4-c1e524f9f5b3', '2e494257-1161-5add-9091-4891a3dccec3'),
(CURRENT_TIMESTAMP, CURRENT_TIMESTAMP, 'ENEM - Col: Fernanda Lima - Laura Andrade', 'Atendimento seed 077 para Laura Andrade', TIMESTAMP '2026-11-19 16:00:00', TIMESTAMP '2026-11-19 17:30:00', 61.00, 183.00, 'ENEM', 'AGENDADO', 'c53e06ad-04d7-57bb-812a-79c5c34c9d18', '67a4ab33-5f16-5425-a512-4c95abeebac9'),
(CURRENT_TIMESTAMP, CURRENT_TIMESTAMP, 'PAS - Col: Thiago Pereira - Heitor Nogueira', 'Atendimento seed 078 para Heitor Nogueira', TIMESTAMP '2026-11-20 17:00:00', TIMESTAMP '2026-11-20 18:30:00', 66.00, 192.00, 'PAS', 'AGENDADO', 'b5d573a7-6c49-5397-a1ee-e6dfd6530c74', 'e06e1215-1847-5d54-8520-e6439c1e6975'),
(CURRENT_TIMESTAMP, CURRENT_TIMESTAMP, 'MENTORIA - Col: Rafael Oliveira - Valentina Nogueira', 'Atendimento seed 079 para Valentina Nogueira', TIMESTAMP '2026-11-21 14:00:00', TIMESTAMP '2026-11-21 15:30:00', 71.00, 120.00, 'MENTORIA', 'AGENDADO', 'adc3fc6b-4b03-5833-858b-82744c5303a8', '8a26e04f-23f6-5710-8705-2b62563b222d'),
(CURRENT_TIMESTAMP, CURRENT_TIMESTAMP, 'ORIENTACAO_VOCACIONAL - Col: Beatriz Rocha - Bernardo Moraes', 'Atendimento seed 080 para Bernardo Moraes', TIMESTAMP '2026-11-22 15:00:00', TIMESTAMP '2026-11-22 16:30:00', 76.00, 129.00, 'ORIENTACAO_VOCACIONAL', 'AGENDADO', '336b13d8-7bff-5903-9d63-29f73c1656d8', '2e494257-1161-5add-9091-4891a3dccec3'),
(CURRENT_TIMESTAMP, CURRENT_TIMESTAMP, 'AULA - Col: Fernanda Lima - Helena Moraes', 'Atendimento seed 081 para Helena Moraes', TIMESTAMP '2026-11-23 16:00:00', TIMESTAMP '2026-11-23 17:30:00', 81.00, 138.00, 'AULA', 'AGENDADO', 'ec1d488a-1c34-5a2b-96b4-9d01e02e0f68', '67a4ab33-5f16-5425-a512-4c95abeebac9'),
(CURRENT_TIMESTAMP, CURRENT_TIMESTAMP, 'ENEM - Col: Thiago Pereira - Davi Teixeira', 'Atendimento seed 082 para Davi Teixeira', TIMESTAMP '2026-11-24 17:00:00', TIMESTAMP '2026-11-24 18:30:00', 86.00, 147.00, 'ENEM', 'AGENDADO', '912587f5-6a0d-5dd9-ba88-b26f08e03744', 'e06e1215-1847-5d54-8520-e6439c1e6975'),
(CURRENT_TIMESTAMP, CURRENT_TIMESTAMP, 'PAS - Col: Rafael Oliveira - Alice Teixeira', 'Atendimento seed 083 para Alice Teixeira', TIMESTAMP '2026-11-25 14:00:00', TIMESTAMP '2026-11-25 15:30:00', 91.00, 156.00, 'PAS', 'AGENDADO', '10ea8325-849a-543a-8505-8608e90d3e3c', '8a26e04f-23f6-5710-8705-2b62563b222d'),
(CURRENT_TIMESTAMP, CURRENT_TIMESTAMP, 'MENTORIA - Col: Beatriz Rocha - Lorenzo Batista', 'Atendimento seed 084 para Lorenzo Batista', TIMESTAMP '2026-11-26 15:00:00', TIMESTAMP '2026-11-26 16:30:00', 60.00, 165.00, 'MENTORIA', 'AGENDADO', 'aa995218-f836-561e-a0ec-cd66b0ae0cad', '2e494257-1161-5add-9091-4891a3dccec3'),
(CURRENT_TIMESTAMP, CURRENT_TIMESTAMP, 'ORIENTACAO_VOCACIONAL - Col: Fernanda Lima - Manuela Batista', 'Atendimento seed 085 para Manuela Batista', TIMESTAMP '2026-11-27 16:00:00', TIMESTAMP '2026-11-27 17:30:00', 65.00, 174.00, 'ORIENTACAO_VOCACIONAL', 'AGENDADO', '506a6c1a-2e14-5dc4-b829-5cef95229a8a', '67a4ab33-5f16-5425-a512-4c95abeebac9'),
(CURRENT_TIMESTAMP, CURRENT_TIMESTAMP, 'AULA - Col: Thiago Pereira - Theo Cardoso', 'Atendimento seed 086 para Theo Cardoso', TIMESTAMP '2026-11-28 17:00:00', TIMESTAMP '2026-11-28 18:30:00', 70.00, 183.00, 'AULA', 'AGENDADO', 'e8a14b95-9897-59fe-9b5e-792e1a616118', 'e06e1215-1847-5d54-8520-e6439c1e6975'),
(CURRENT_TIMESTAMP, CURRENT_TIMESTAMP, 'ENEM - Col: Rafael Oliveira - Isabela Cardoso', 'Atendimento seed 087 para Isabela Cardoso', TIMESTAMP '2026-11-29 14:00:00', TIMESTAMP '2026-11-29 15:30:00', 75.00, 192.00, 'ENEM', 'AGENDADO', '98765813-eb5c-5390-98b8-a3b39afed37b', '8a26e04f-23f6-5710-8705-2b62563b222d'),
(CURRENT_TIMESTAMP, CURRENT_TIMESTAMP, 'PAS - Col: Beatriz Rocha - Pedro Mendes', 'Atendimento seed 088 para Pedro Mendes', TIMESTAMP '2026-11-30 15:00:00', TIMESTAMP '2026-11-30 16:30:00', 80.00, 120.00, 'PAS', 'AGENDADO', 'da2f211e-0411-5035-827e-3512cb48c2b2', '2e494257-1161-5add-9091-4891a3dccec3'),
(CURRENT_TIMESTAMP, CURRENT_TIMESTAMP, 'MENTORIA - Col: Fernanda Lima - Luiza Gomes', 'Atendimento seed 089 para Luiza Gomes', TIMESTAMP '2026-12-01 16:00:00', TIMESTAMP '2026-12-01 17:30:00', 85.00, 129.00, 'MENTORIA', 'AGENDADO', '7a61dbb9-1b37-57a7-bd96-e1b7d4b56de1', '67a4ab33-5f16-5425-a512-4c95abeebac9'),
(CURRENT_TIMESTAMP, CURRENT_TIMESTAMP, 'ORIENTACAO_VOCACIONAL - Col: Thiago Pereira - Gabriel Araujo', 'Atendimento seed 090 para Gabriel Araujo', TIMESTAMP '2026-12-02 17:00:00', TIMESTAMP '2026-12-02 18:30:00', 90.00, 138.00, 'ORIENTACAO_VOCACIONAL', 'AGENDADO', '5810d4b5-9854-5b79-ac5f-7aad8332853f', 'e06e1215-1847-5d54-8520-e6439c1e6975'),
(CURRENT_TIMESTAMP, CURRENT_TIMESTAMP, 'AULA - Col: Rafael Oliveira - Maria Eduarda Ribeiro', 'Atendimento seed 091 para Maria Eduarda Ribeiro', TIMESTAMP '2026-12-03 14:00:00', TIMESTAMP '2026-12-03 15:30:00', 95.00, 147.00, 'AULA', 'AGENDADO', '2556ce0c-126f-5fcd-bc95-a56d0b608c2c', '8a26e04f-23f6-5710-8705-2b62563b222d'),
(CURRENT_TIMESTAMP, CURRENT_TIMESTAMP, 'ENEM - Col: Beatriz Rocha - Samuel Correia', 'Atendimento seed 092 para Samuel Correia', TIMESTAMP '2026-12-04 15:00:00', TIMESTAMP '2026-12-04 16:30:00', 64.00, 156.00, 'ENEM', 'AGENDADO', 'd17eb824-3987-5856-9c5f-06015086d956', '2e494257-1161-5add-9091-4891a3dccec3'),
(CURRENT_TIMESTAMP, CURRENT_TIMESTAMP, 'PAS - Col: Fernanda Lima - Clara Duarte', 'Atendimento seed 093 para Clara Duarte', TIMESTAMP '2026-12-05 16:00:00', TIMESTAMP '2026-12-05 17:30:00', 69.00, 165.00, 'PAS', 'AGENDADO', 'cc04c9b9-32b8-5573-8435-5793f8644481', '67a4ab33-5f16-5425-a512-4c95abeebac9'),
(CURRENT_TIMESTAMP, CURRENT_TIMESTAMP, 'MENTORIA - Col: Thiago Pereira - Enzo Moreira', 'Atendimento seed 094 para Enzo Moreira', TIMESTAMP '2026-12-06 17:00:00', TIMESTAMP '2026-12-06 18:30:00', 74.00, 174.00, 'MENTORIA', 'AGENDADO', 'd7dfcfa0-9018-5251-b775-b9af09b4c3a3', 'e06e1215-1847-5d54-8520-e6439c1e6975'),
(CURRENT_TIMESTAMP, CURRENT_TIMESTAMP, 'ORIENTACAO_VOCACIONAL - Col: Rafael Oliveira - Yasmin Castro', 'Atendimento seed 095 para Yasmin Castro', TIMESTAMP '2026-12-07 14:00:00', TIMESTAMP '2026-12-07 15:30:00', 79.00, 183.00, 'ORIENTACAO_VOCACIONAL', 'AGENDADO', '4e816456-e58c-5c2c-b45d-15cfecf86787', '8a26e04f-23f6-5710-8705-2b62563b222d'),
(CURRENT_TIMESTAMP, CURRENT_TIMESTAMP, 'PAS - Col: Aline Souza - Joao Pedro Ramos', 'Atendimento seed 096 para Joao Pedro Ramos', TIMESTAMP '2026-12-08 16:00:00', TIMESTAMP '2026-12-08 17:30:00', 84.00, 156.00, 'PAS', 'AGENDADO', 'df351208-d6c8-5c8a-a2ce-19cea64ac3a8', '46b8b924-f738-5a05-930c-1be3b563773e'),
(CURRENT_TIMESTAMP, CURRENT_TIMESTAMP, 'MENTORIA - Col: Mariana Costa - Ana Clara Ramos', 'Atendimento seed 097 para Ana Clara Ramos', TIMESTAMP '2026-12-09 17:00:00', TIMESTAMP '2026-12-09 18:30:00', 89.00, 165.00, 'MENTORIA', 'AGENDADO', '852b7c98-e262-51e7-88ab-84b93ea99f09', '9e79c84d-d10a-59ca-8196-3963139e8096'),
(CURRENT_TIMESTAMP, CURRENT_TIMESTAMP, 'ORIENTACAO_VOCACIONAL - Col: Pedro Henrique Silva - Miguel Barros', 'Atendimento seed 098 para Miguel Barros', TIMESTAMP '2026-12-10 14:00:00', TIMESTAMP '2026-12-10 15:30:00', 94.00, 174.00, 'ORIENTACAO_VOCACIONAL', 'AGENDADO', 'f0af156a-fbe5-5b29-9acb-5fe22508eb62', '35a26f86-91cb-58d6-bd36-20bd9a467eec'),
(CURRENT_TIMESTAMP, CURRENT_TIMESTAMP, 'AULA - Col: Larissa Ferreira - Sofia Barros', 'Atendimento seed 099 para Sofia Barros', TIMESTAMP '2026-12-11 15:00:00', TIMESTAMP '2026-12-11 16:30:00', 63.00, 183.00, 'AULA', 'AGENDADO', '41e8e58f-124a-5969-b16f-ac57993d7a00', 'cb6eac0d-dfb5-5ccc-9a0c-8770a1557476'),
(CURRENT_TIMESTAMP, CURRENT_TIMESTAMP, 'ENEM - Col: Aline Souza - Arthur Andrade', 'Atendimento seed 100 para Arthur Andrade', TIMESTAMP '2026-12-12 16:00:00', TIMESTAMP '2026-12-12 17:30:00', 68.00, 192.00, 'ENEM', 'AGENDADO', 'de87ab23-c4f6-5cdb-88e4-c1e524f9f5b3', '46b8b924-f738-5a05-930c-1be3b563773e'),
(CURRENT_TIMESTAMP, CURRENT_TIMESTAMP, 'PAS - Col: Mariana Costa - Laura Andrade', 'Atendimento seed 101 para Laura Andrade', TIMESTAMP '2026-12-13 17:00:00', TIMESTAMP '2026-12-13 18:30:00', 73.00, 120.00, 'PAS', 'AGENDADO', 'c53e06ad-04d7-57bb-812a-79c5c34c9d18', '9e79c84d-d10a-59ca-8196-3963139e8096'),
(CURRENT_TIMESTAMP, CURRENT_TIMESTAMP, 'MENTORIA - Col: Pedro Henrique Silva - Heitor Nogueira', 'Atendimento seed 102 para Heitor Nogueira', TIMESTAMP '2026-12-14 14:00:00', TIMESTAMP '2026-12-14 15:30:00', 78.00, 129.00, 'MENTORIA', 'AGENDADO', 'b5d573a7-6c49-5397-a1ee-e6dfd6530c74', '35a26f86-91cb-58d6-bd36-20bd9a467eec'),
(CURRENT_TIMESTAMP, CURRENT_TIMESTAMP, 'ORIENTACAO_VOCACIONAL - Col: Larissa Ferreira - Valentina Nogueira', 'Atendimento seed 103 para Valentina Nogueira', TIMESTAMP '2026-12-15 15:00:00', TIMESTAMP '2026-12-15 16:30:00', 83.00, 138.00, 'ORIENTACAO_VOCACIONAL', 'AGENDADO', 'adc3fc6b-4b03-5833-858b-82744c5303a8', 'cb6eac0d-dfb5-5ccc-9a0c-8770a1557476'),
(CURRENT_TIMESTAMP, CURRENT_TIMESTAMP, 'AULA - Col: Aline Souza - Bernardo Moraes', 'Atendimento seed 104 para Bernardo Moraes', TIMESTAMP '2026-12-16 16:00:00', TIMESTAMP '2026-12-16 17:30:00', 88.00, 147.00, 'AULA', 'AGENDADO', '336b13d8-7bff-5903-9d63-29f73c1656d8', '46b8b924-f738-5a05-930c-1be3b563773e'),
(CURRENT_TIMESTAMP, CURRENT_TIMESTAMP, 'ENEM - Col: Mariana Costa - Helena Moraes', 'Atendimento seed 105 para Helena Moraes', TIMESTAMP '2026-12-17 17:00:00', TIMESTAMP '2026-12-17 18:30:00', 93.00, 156.00, 'ENEM', 'AGENDADO', 'ec1d488a-1c34-5a2b-96b4-9d01e02e0f68', '9e79c84d-d10a-59ca-8196-3963139e8096'),
(CURRENT_TIMESTAMP, CURRENT_TIMESTAMP, 'PAS - Col: Pedro Henrique Silva - Davi Teixeira', 'Atendimento seed 106 para Davi Teixeira', TIMESTAMP '2026-12-18 14:00:00', TIMESTAMP '2026-12-18 15:30:00', 62.00, 165.00, 'PAS', 'AGENDADO', '912587f5-6a0d-5dd9-ba88-b26f08e03744', '35a26f86-91cb-58d6-bd36-20bd9a467eec'),
(CURRENT_TIMESTAMP, CURRENT_TIMESTAMP, 'MENTORIA - Col: Larissa Ferreira - Alice Teixeira', 'Atendimento seed 107 para Alice Teixeira', TIMESTAMP '2026-12-19 15:00:00', TIMESTAMP '2026-12-19 16:30:00', 67.00, 174.00, 'MENTORIA', 'AGENDADO', '10ea8325-849a-543a-8505-8608e90d3e3c', 'cb6eac0d-dfb5-5ccc-9a0c-8770a1557476'),
(CURRENT_TIMESTAMP, CURRENT_TIMESTAMP, 'ORIENTACAO_VOCACIONAL - Col: Aline Souza - Lorenzo Batista', 'Atendimento seed 108 para Lorenzo Batista', TIMESTAMP '2026-12-20 16:00:00', TIMESTAMP '2026-12-20 17:30:00', 72.00, 183.00, 'ORIENTACAO_VOCACIONAL', 'AGENDADO', 'aa995218-f836-561e-a0ec-cd66b0ae0cad', '46b8b924-f738-5a05-930c-1be3b563773e'),
(CURRENT_TIMESTAMP, CURRENT_TIMESTAMP, 'AULA - Col: Mariana Costa - Manuela Batista', 'Atendimento seed 109 para Manuela Batista', TIMESTAMP '2026-12-21 17:00:00', TIMESTAMP '2026-12-21 18:30:00', 77.00, 192.00, 'AULA', 'AGENDADO', '506a6c1a-2e14-5dc4-b829-5cef95229a8a', '9e79c84d-d10a-59ca-8196-3963139e8096'),
(CURRENT_TIMESTAMP, CURRENT_TIMESTAMP, 'ENEM - Col: Pedro Henrique Silva - Theo Cardoso', 'Atendimento seed 110 para Theo Cardoso', TIMESTAMP '2026-12-22 14:00:00', TIMESTAMP '2026-12-22 15:30:00', 82.00, 120.00, 'ENEM', 'AGENDADO', 'e8a14b95-9897-59fe-9b5e-792e1a616118', '35a26f86-91cb-58d6-bd36-20bd9a467eec'),
(CURRENT_TIMESTAMP, CURRENT_TIMESTAMP, 'PAS - Col: Larissa Ferreira - Isabela Cardoso', 'Atendimento seed 111 para Isabela Cardoso', TIMESTAMP '2026-12-23 15:00:00', TIMESTAMP '2026-12-23 16:30:00', 87.00, 129.00, 'PAS', 'AGENDADO', '98765813-eb5c-5390-98b8-a3b39afed37b', 'cb6eac0d-dfb5-5ccc-9a0c-8770a1557476'),
(CURRENT_TIMESTAMP, CURRENT_TIMESTAMP, 'MENTORIA - Col: Aline Souza - Pedro Mendes', 'Atendimento seed 112 para Pedro Mendes', TIMESTAMP '2026-12-24 16:00:00', TIMESTAMP '2026-12-24 17:30:00', 92.00, 138.00, 'MENTORIA', 'AGENDADO', 'da2f211e-0411-5035-827e-3512cb48c2b2', '46b8b924-f738-5a05-930c-1be3b563773e'),
(CURRENT_TIMESTAMP, CURRENT_TIMESTAMP, 'ORIENTACAO_VOCACIONAL - Col: Mariana Costa - Luiza Gomes', 'Atendimento seed 113 para Luiza Gomes', TIMESTAMP '2026-12-25 17:00:00', TIMESTAMP '2026-12-25 18:30:00', 61.00, 147.00, 'ORIENTACAO_VOCACIONAL', 'AGENDADO', '7a61dbb9-1b37-57a7-bd96-e1b7d4b56de1', '9e79c84d-d10a-59ca-8196-3963139e8096'),
(CURRENT_TIMESTAMP, CURRENT_TIMESTAMP, 'AULA - Col: Pedro Henrique Silva - Gabriel Araujo', 'Atendimento seed 114 para Gabriel Araujo', TIMESTAMP '2026-12-26 14:00:00', TIMESTAMP '2026-12-26 15:30:00', 66.00, 156.00, 'AULA', 'AGENDADO', '5810d4b5-9854-5b79-ac5f-7aad8332853f', '35a26f86-91cb-58d6-bd36-20bd9a467eec'),
(CURRENT_TIMESTAMP, CURRENT_TIMESTAMP, 'ENEM - Col: Larissa Ferreira - Maria Eduarda Ribeiro', 'Atendimento seed 115 para Maria Eduarda Ribeiro', TIMESTAMP '2026-12-27 15:00:00', TIMESTAMP '2026-12-27 16:30:00', 71.00, 165.00, 'ENEM', 'AGENDADO', '2556ce0c-126f-5fcd-bc95-a56d0b608c2c', 'cb6eac0d-dfb5-5ccc-9a0c-8770a1557476'),
(CURRENT_TIMESTAMP, CURRENT_TIMESTAMP, 'PAS - Col: Aline Souza - Samuel Correia', 'Atendimento seed 116 para Samuel Correia', TIMESTAMP '2026-12-28 16:00:00', TIMESTAMP '2026-12-28 17:30:00', 76.00, 174.00, 'PAS', 'AGENDADO', 'd17eb824-3987-5856-9c5f-06015086d956', '46b8b924-f738-5a05-930c-1be3b563773e'),
(CURRENT_TIMESTAMP, CURRENT_TIMESTAMP, 'MENTORIA - Col: Mariana Costa - Clara Duarte', 'Atendimento seed 117 para Clara Duarte', TIMESTAMP '2026-12-29 17:00:00', TIMESTAMP '2026-12-29 18:30:00', 81.00, 183.00, 'MENTORIA', 'AGENDADO', 'cc04c9b9-32b8-5573-8435-5793f8644481', '9e79c84d-d10a-59ca-8196-3963139e8096'),
(CURRENT_TIMESTAMP, CURRENT_TIMESTAMP, 'ORIENTACAO_VOCACIONAL - Col: Pedro Henrique Silva - Enzo Moreira', 'Atendimento seed 118 para Enzo Moreira', TIMESTAMP '2026-12-30 14:00:00', TIMESTAMP '2026-12-30 15:30:00', 86.00, 192.00, 'ORIENTACAO_VOCACIONAL', 'AGENDADO', 'd7dfcfa0-9018-5251-b775-b9af09b4c3a3', '35a26f86-91cb-58d6-bd36-20bd9a467eec'),
(CURRENT_TIMESTAMP, CURRENT_TIMESTAMP, 'AULA - Col: Larissa Ferreira - Yasmin Castro', 'Atendimento seed 119 para Yasmin Castro', TIMESTAMP '2026-12-31 15:00:00', TIMESTAMP '2026-12-31 16:30:00', 91.00, 120.00, 'AULA', 'AGENDADO', '4e816456-e58c-5c2c-b45d-15cfecf86787', 'cb6eac0d-dfb5-5ccc-9a0c-8770a1557476')
) AS v(created_at, updated_at, titulo, descricao, inicio, fim, repasse, valor, tipo, status, aluno_id, colaborador_id)
JOIN alunos a ON a.id = v.aluno_id::uuid
JOIN colaboradores c ON c.id = v.colaborador_id::uuid
;
