-- Development seed for Aprimorar.
-- Add seed data below as the dataset is defined.
DELETE FROM tb_transactions;
DELETE FROM tb_appointments;
DELETE FROM tb_students WHERE id <> '00000000-0000-0000-0000-000000000000';
DELETE FROM tb_parent WHERE id <> 'ffffffff-ffff-ffff-ffff-ffffffffffff';
DELETE FROM tb_employees WHERE id <> '00000000-0000-4000-8000-000000000001';

-- Collaborators
INSERT INTO tb_employees (id, name, birthdate, cpf, contact, email, pix, role, active, created_at, updated_at, duty) VALUES ('890322e5-6327-53c6-a9a7-726765d704d8', 'Lucas Almeida', '2002-01-14', '123.456.789-09', '11990000001', 'lucas.almeida@example.com', '11990000001', 1, true, CURRENT_TIMESTAMP, CURRENT_TIMESTAMP, 'TEACHER');
INSERT INTO tb_employees (id, name, birthdate, cpf, contact, email, pix, role, active, created_at, updated_at, duty) VALUES ('9e79c84d-d10a-59ca-8196-3963139e8096', 'Mariana Costa', '2001-05-27', '987.654.321-00', '11990000002', 'mariana.costa@example.com', '11990000002', 1, true, CURRENT_TIMESTAMP, CURRENT_TIMESTAMP, 'TEACHER');
INSERT INTO tb_employees (id, name, birthdate, cpf, contact, email, pix, role, active, created_at, updated_at, duty) VALUES ('8a26e04f-23f6-5710-8705-2b62563b222d', 'Rafael Oliveira', '2003-08-09', '111.444.777-35', '11990000003', 'rafael.oliveira@example.com', '11990000003', 1, true, CURRENT_TIMESTAMP, CURRENT_TIMESTAMP, 'TEACHER');
INSERT INTO tb_employees (id, name, birthdate, cpf, contact, email, pix, role, active, created_at, updated_at, duty) VALUES ('bdb8a03c-d48a-535f-9bb5-d557ecbefdf4', 'Camila Santos', '2004-02-18', '222.555.888-46', '11990000004', 'camila.santos@example.com', '11990000004', 1, true, CURRENT_TIMESTAMP, CURRENT_TIMESTAMP, 'TEACHER');
INSERT INTO tb_employees (id, name, birthdate, cpf, contact, email, pix, role, active, created_at, updated_at, duty) VALUES ('35a26f86-91cb-58d6-bd36-20bd9a467eec', 'Pedro Henrique Silva', '2005-11-03', '333.666.999-57', '11990000005', 'pedro.silva@example.com', '11990000005', 1, true, CURRENT_TIMESTAMP, CURRENT_TIMESTAMP, 'TEACHER');
INSERT INTO tb_employees (id, name, birthdate, cpf, contact, email, pix, role, active, created_at, updated_at, duty) VALUES ('2e494257-1161-5add-9091-4891a3dccec3', 'Beatriz Rocha', '2006-04-22', '147.258.369-82', '11990000006', 'beatriz.rocha@example.com', '11990000006', 1, true, CURRENT_TIMESTAMP, CURRENT_TIMESTAMP, 'TEACHER');
INSERT INTO tb_employees (id, name, birthdate, cpf, contact, email, pix, role, active, created_at, updated_at, duty) VALUES ('d73df42d-244f-58e1-b55f-2c3dff8f7860', 'Gabriel Martins', '2007-07-16', '369.258.147-55', '11990000007', 'gabriel.martins@example.com', '11990000007', 1, true, CURRENT_TIMESTAMP, CURRENT_TIMESTAMP, 'TEACHER');
INSERT INTO tb_employees (id, name, birthdate, cpf, contact, email, pix, role, active, created_at, updated_at, duty) VALUES ('cb6eac0d-dfb5-5ccc-9a0c-8770a1557476', 'Larissa Ferreira', '2008-03-05', '741.852.963-55', '11990000008', 'larissa.ferreira@example.com', '11990000008', 1, true, CURRENT_TIMESTAMP, CURRENT_TIMESTAMP, 'TEACHER');
INSERT INTO tb_employees (id, name, birthdate, cpf, contact, email, pix, role, active, created_at, updated_at, duty) VALUES ('e06e1215-1847-5d54-8520-e6439c1e6975', 'Thiago Pereira', '2002-09-30', '852.963.741-00', '11990000009', 'thiago.pereira@example.com', '11990000009', 1, true, CURRENT_TIMESTAMP, CURRENT_TIMESTAMP, 'ADM');
INSERT INTO tb_employees (id, name, birthdate, cpf, contact, email, pix, role, active, created_at, updated_at, duty) VALUES ('67a4ab33-5f16-5425-a512-4c95abeebac9', 'Fernanda Lima', '2001-12-11', '159.357.486-06', '11990000010', 'fernanda.lima@example.com', '11990000010', 1, true, CURRENT_TIMESTAMP, CURRENT_TIMESTAMP, 'MENTOR');
INSERT INTO tb_employees (id, name, birthdate, cpf, contact, email, pix, role, active, created_at, updated_at, duty) VALUES ('82562c6d-0ef7-526e-b8e3-c6bf1bad81e0', 'Bruno Carvalho', '2004-06-08', '486.357.159-34', '11990000011', 'bruno.carvalho@example.com', '11990000011', 1, true, CURRENT_TIMESTAMP, CURRENT_TIMESTAMP, 'MENTOR');
INSERT INTO tb_employees (id, name, birthdate, cpf, contact, email, pix, role, active, created_at, updated_at, duty) VALUES ('46b8b924-f738-5a05-930c-1be3b563773e', 'Aline Souza', '2003-10-24', '951.753.852-91', '11990000012', 'aline.souza@example.com', '11990000012', 1, true, CURRENT_TIMESTAMP, CURRENT_TIMESTAMP, 'THERAPIST');

-- Parents
INSERT INTO tb_parent (id, name, birthdate, cpf, contact, email, pix, role, active, created_at, updated_at) VALUES ('cbbe29c8-3177-548f-b3d3-24dd0463a495', 'Carlos Eduardo Ramos', '1981-02-12', '204.681.357-07', '11980000001', 'carlos.ramos@example.com', '11980000001', 2, true, CURRENT_TIMESTAMP, CURRENT_TIMESTAMP);
INSERT INTO tb_parent (id, name, birthdate, cpf, contact, email, pix, role, active, created_at, updated_at) VALUES ('7db99ca8-59f6-5b7d-8e85-465b2f62cb38', 'Marcos Vinicius Barros', '1979-07-25', '315.792.468-00', '11980000002', 'marcos.barros@example.com', '11980000002', 2, true, CURRENT_TIMESTAMP, CURRENT_TIMESTAMP);
INSERT INTO tb_parent (id, name, birthdate, cpf, contact, email, pix, role, active, created_at, updated_at) VALUES ('576f4f56-3232-5af8-a610-caa7a5b6f9dc', 'Felipe Andrade', '1984-11-08', '426.813.579-00', '11980000003', 'felipe.andrade@example.com', '11980000003', 2, true, CURRENT_TIMESTAMP, CURRENT_TIMESTAMP);
INSERT INTO tb_parent (id, name, birthdate, cpf, contact, email, pix, role, active, created_at, updated_at) VALUES ('6d155c39-17d9-58b8-bb6e-b5430a1d7218', 'Ricardo Nogueira', '1982-04-19', '537.924.681-82', '11980000004', 'ricardo.nogueira@example.com', '11980000004', 2, true, CURRENT_TIMESTAMP, CURRENT_TIMESTAMP);
INSERT INTO tb_parent (id, name, birthdate, cpf, contact, email, pix, role, active, created_at, updated_at) VALUES ('14a6b158-5c23-5db7-a3c4-7f5cbd48e0b1', 'Anderson Moraes', '1978-09-03', '648.135.792-64', '11980000005', 'anderson.moraes@example.com', '11980000005', 2, true, CURRENT_TIMESTAMP, CURRENT_TIMESTAMP);
INSERT INTO tb_parent (id, name, birthdate, cpf, contact, email, pix, role, active, created_at, updated_at) VALUES ('8a4199a9-376b-5f04-854e-68aca4e4edf1', 'Eduardo Teixeira', '1985-01-27', '759.246.813-19', '11980000006', 'eduardo.teixeira@example.com', '11980000006', 2, true, CURRENT_TIMESTAMP, CURRENT_TIMESTAMP);
INSERT INTO tb_parent (id, name, birthdate, cpf, contact, email, pix, role, active, created_at, updated_at) VALUES ('9f0e9912-019d-5c87-985a-33e8e7418b01', 'Leandro Batista', '1980-06-14', '860.357.924-56', '11980000007', 'leandro.batista@example.com', '11980000007', 2, true, CURRENT_TIMESTAMP, CURRENT_TIMESTAMP);
INSERT INTO tb_parent (id, name, birthdate, cpf, contact, email, pix, role, active, created_at, updated_at) VALUES ('1dcf86ab-96df-5552-8a93-7b38857f8663', 'Henrique Cardoso', '1983-12-05', '971.468.035-20', '11980000008', 'henrique.cardoso@example.com', '11980000008', 2, true, CURRENT_TIMESTAMP, CURRENT_TIMESTAMP);
INSERT INTO tb_parent (id, name, birthdate, cpf, contact, email, pix, role, active, created_at, updated_at) VALUES ('73f4cbbe-4f93-5478-98d1-cd8d7d8bca50', 'Juliana Mendes', '1982-03-21', '102.938.475-41', '11980000009', 'juliana.mendes@example.com', '11980000009', 2, true, CURRENT_TIMESTAMP, CURRENT_TIMESTAMP);
INSERT INTO tb_parent (id, name, birthdate, cpf, contact, email, pix, role, active, created_at, updated_at) VALUES ('171cc5c5-dbae-5a4b-bc98-262368639e74', 'Patricia Gomes', '1979-10-18', '213.849.576-00', '11980000010', 'patricia.gomes@example.com', '11980000010', 2, true, CURRENT_TIMESTAMP, CURRENT_TIMESTAMP);
INSERT INTO tb_parent (id, name, birthdate, cpf, contact, email, pix, role, active, created_at, updated_at) VALUES ('535d4a73-291e-5307-9f3f-c366d892b691', 'Renata Araujo', '1984-05-06', '324.750.687-01', '11980000011', 'renata.araujo@example.com', '11980000011', 2, true, CURRENT_TIMESTAMP, CURRENT_TIMESTAMP);
INSERT INTO tb_parent (id, name, birthdate, cpf, contact, email, pix, role, active, created_at, updated_at) VALUES ('604ff524-9da8-5368-9a36-eec7d6d985fd', 'Carla Ribeiro', '1981-08-30', '435.861.798-04', '11980000012', 'carla.ribeiro@example.com', '11980000012', 2, true, CURRENT_TIMESTAMP, CURRENT_TIMESTAMP);
INSERT INTO tb_parent (id, name, birthdate, cpf, contact, email, pix, role, active, created_at, updated_at) VALUES ('e047416a-375d-5331-9d2a-9a275b1163b2', 'Daniela Correia', '1978-01-09', '546.972.801-30', '11980000013', 'daniela.correia@example.com', '11980000013', 2, true, CURRENT_TIMESTAMP, CURRENT_TIMESTAMP);
INSERT INTO tb_parent (id, name, birthdate, cpf, contact, email, pix, role, active, created_at, updated_at) VALUES ('26f5da87-45c3-5c52-946b-7e061cd78f99', 'Vanessa Duarte', '1985-04-24', '657.083.912-86', '11980000014', 'vanessa.duarte@example.com', '11980000014', 2, true, CURRENT_TIMESTAMP, CURRENT_TIMESTAMP);
INSERT INTO tb_parent (id, name, birthdate, cpf, contact, email, pix, role, active, created_at, updated_at) VALUES ('4789d7ca-56c5-5e64-8b0e-127b92bdcdb7', 'Priscila Moreira', '1980-11-17', '768.194.023-50', '11980000015', 'priscila.moreira@example.com', '11980000015', 2, true, CURRENT_TIMESTAMP, CURRENT_TIMESTAMP);
INSERT INTO tb_parent (id, name, birthdate, cpf, contact, email, pix, role, active, created_at, updated_at) VALUES ('39983380-6008-572e-95bc-3d0d2c806337', 'Tatiane Castro', '1983-06-02', '879.205.134-05', '11980000016', 'tatiane.castro@example.com', '11980000016', 2, true, CURRENT_TIMESTAMP, CURRENT_TIMESTAMP);

-- Students
INSERT INTO tb_students (id, name, birthdate, cpf, contact, email, pix, role, active, created_at, updated_at, school, parent_id, street, district, city, state, zip, complement) VALUES ('df351208-d6c8-5c8a-a2ce-19cea64ac3a8', 'Joao Pedro Ramos', '2008-04-12', '120.345.678-62', '11970000001', 'joao.pedro.ramos@example.com', '11970000001', 0, true, CURRENT_TIMESTAMP, CURRENT_TIMESTAMP, 'Escola Monteiro Lobato', 'cbbe29c8-3177-548f-b3d3-24dd0463a495', 'Avenida Brasil', 'Vila Mariana', 'Sao Paulo', 'SP', '01000001', 'Casa 1');
INSERT INTO tb_students (id, name, birthdate, cpf, contact, email, pix, role, active, created_at, updated_at, school, parent_id, street, district, city, state, zip, complement) VALUES ('852b7c98-e262-51e7-88ab-84b93ea99f09', 'Ana Clara Ramos', '2012-09-03', '231.456.789-73', '11970000002', 'ana.clara.ramos@example.com', '11970000002', 0, true, CURRENT_TIMESTAMP, CURRENT_TIMESTAMP, 'Colegio Brasil', 'cbbe29c8-3177-548f-b3d3-24dd0463a495', 'Rua das Acacias', 'Jardim Paulista', 'Sao Paulo', 'SP', '01000002', 'Casa 2');
INSERT INTO tb_students (id, name, birthdate, cpf, contact, email, pix, role, active, created_at, updated_at, school, parent_id, street, district, city, state, zip, complement) VALUES ('f0af156a-fbe5-5b29-9acb-5fe22508eb62', 'Miguel Barros', '2009-06-21', '342.567.890-65', '11970000003', 'miguel.barros@example.com', '11970000003', 0, true, CURRENT_TIMESTAMP, CURRENT_TIMESTAMP, 'Escola Parque Aprimorar', '7db99ca8-59f6-5b7d-8e85-465b2f62cb38', 'Rua do Aprendizado', 'Pinheiros', 'Sao Paulo', 'SP', '01000003', 'Casa 3');
INSERT INTO tb_students (id, name, birthdate, cpf, contact, email, pix, role, active, created_at, updated_at, school, parent_id, street, district, city, state, zip, complement) VALUES ('41e8e58f-124a-5969-b16f-ac57993d7a00', 'Sofia Barros', '2014-01-17', '453.678.901-48', '11970000004', 'sofia.barros@example.com', '11970000004', 0, true, CURRENT_TIMESTAMP, CURRENT_TIMESTAMP, 'Colegio Sao Paulo', '7db99ca8-59f6-5b7d-8e85-465b2f62cb38', 'Rua das Palmeiras', 'Centro', 'Sao Paulo', 'SP', '01000004', 'Casa 4');
INSERT INTO tb_students (id, name, birthdate, cpf, contact, email, pix, role, active, created_at, updated_at, school, parent_id, street, district, city, state, zip, complement) VALUES ('de87ab23-c4f6-5cdb-88e4-c1e524f9f5b3', 'Arthur Andrade', '2010-11-05', '564.789.012-11', '11970000005', 'arthur.andrade@example.com', '11970000005', 0, true, CURRENT_TIMESTAMP, CURRENT_TIMESTAMP, 'Escola Monteiro Lobato', '576f4f56-3232-5af8-a610-caa7a5b6f9dc', 'Avenida Brasil', 'Vila Mariana', 'Sao Paulo', 'SP', '01000005', 'Casa 5');
INSERT INTO tb_students (id, name, birthdate, cpf, contact, email, pix, role, active, created_at, updated_at, school, parent_id, street, district, city, state, zip, complement) VALUES ('c53e06ad-04d7-57bb-812a-79c5c34c9d18', 'Laura Andrade', '2015-07-29', '675.890.123-86', '11970000006', 'laura.andrade@example.com', '11970000006', 0, true, CURRENT_TIMESTAMP, CURRENT_TIMESTAMP, 'Colegio Brasil', '576f4f56-3232-5af8-a610-caa7a5b6f9dc', 'Rua das Acacias', 'Jardim Paulista', 'Sao Paulo', 'SP', '01000006', 'Casa 6');
INSERT INTO tb_students (id, name, birthdate, cpf, contact, email, pix, role, active, created_at, updated_at, school, parent_id, street, district, city, state, zip, complement) VALUES ('b5d573a7-6c49-5397-a1ee-e6dfd6530c74', 'Heitor Nogueira', '2007-12-14', '786.901.234-31', '11970000007', 'heitor.nogueira@example.com', '11970000007', 0, true, CURRENT_TIMESTAMP, CURRENT_TIMESTAMP, 'Escola Parque Aprimorar', '6d155c39-17d9-58b8-bb6e-b5430a1d7218', 'Rua do Aprendizado', 'Pinheiros', 'Sao Paulo', 'SP', '01000007', 'Casa 7');
INSERT INTO tb_students (id, name, birthdate, cpf, contact, email, pix, role, active, created_at, updated_at, school, parent_id, street, district, city, state, zip, complement) VALUES ('adc3fc6b-4b03-5833-858b-82744c5303a8', 'Valentina Nogueira', '2013-03-08', '897.012.345-88', '11970000008', 'valentina.nogueira@example.com', '11970000008', 0, true, CURRENT_TIMESTAMP, CURRENT_TIMESTAMP, 'Colegio Sao Paulo', '6d155c39-17d9-58b8-bb6e-b5430a1d7218', 'Rua das Palmeiras', 'Centro', 'Sao Paulo', 'SP', '01000008', 'Casa 8');
INSERT INTO tb_students (id, name, birthdate, cpf, contact, email, pix, role, active, created_at, updated_at, school, parent_id, street, district, city, state, zip, complement) VALUES ('336b13d8-7bff-5903-9d63-29f73c1656d8', 'Bernardo Moraes', '2008-08-19', '908.123.456-06', '11970000009', 'bernardo.moraes@example.com', '11970000009', 0, true, CURRENT_TIMESTAMP, CURRENT_TIMESTAMP, 'Escola Monteiro Lobato', '14a6b158-5c23-5db7-a3c4-7f5cbd48e0b1', 'Avenida Brasil', 'Vila Mariana', 'Sao Paulo', 'SP', '01000009', 'Casa 9');
INSERT INTO tb_students (id, name, birthdate, cpf, contact, email, pix, role, active, created_at, updated_at, school, parent_id, street, district, city, state, zip, complement) VALUES ('ec1d488a-1c34-5a2b-96b4-9d01e02e0f68', 'Helena Moraes', '2016-02-25', '019.234.567-25', '11970000010', 'helena.moraes@example.com', '11970000010', 0, true, CURRENT_TIMESTAMP, CURRENT_TIMESTAMP, 'Colegio Brasil', '14a6b158-5c23-5db7-a3c4-7f5cbd48e0b1', 'Rua das Acacias', 'Jardim Paulista', 'Sao Paulo', 'SP', '01000010', 'Casa 10');
INSERT INTO tb_students (id, name, birthdate, cpf, contact, email, pix, role, active, created_at, updated_at, school, parent_id, street, district, city, state, zip, complement) VALUES ('912587f5-6a0d-5dd9-ba88-b26f08e03744', 'Davi Teixeira', '2009-10-10', '130.246.875-80', '11970000011', 'davi.teixeira@example.com', '11970000011', 0, true, CURRENT_TIMESTAMP, CURRENT_TIMESTAMP, 'Escola Parque Aprimorar', '8a4199a9-376b-5f04-854e-68aca4e4edf1', 'Rua do Aprendizado', 'Pinheiros', 'Sao Paulo', 'SP', '01000011', 'Casa 11');
INSERT INTO tb_students (id, name, birthdate, cpf, contact, email, pix, role, active, created_at, updated_at, school, parent_id, street, district, city, state, zip, complement) VALUES ('10ea8325-849a-543a-8505-8608e90d3e3c', 'Alice Teixeira', '2012-05-06', '241.357.986-91', '11970000012', 'alice.teixeira@example.com', '11970000012', 0, true, CURRENT_TIMESTAMP, CURRENT_TIMESTAMP, 'Colegio Sao Paulo', '8a4199a9-376b-5f04-854e-68aca4e4edf1', 'Rua das Palmeiras', 'Centro', 'Sao Paulo', 'SP', '01000012', 'Casa 12');
INSERT INTO tb_students (id, name, birthdate, cpf, contact, email, pix, role, active, created_at, updated_at, school, parent_id, street, district, city, state, zip, complement) VALUES ('aa995218-f836-561e-a0ec-cd66b0ae0cad', 'Lorenzo Batista', '2011-01-30', '352.468.097-65', '11970000013', 'lorenzo.batista@example.com', '11970000013', 0, true, CURRENT_TIMESTAMP, CURRENT_TIMESTAMP, 'Escola Monteiro Lobato', '9f0e9912-019d-5c87-985a-33e8e7418b01', 'Avenida Brasil', 'Vila Mariana', 'Sao Paulo', 'SP', '01000013', 'Casa 13');
INSERT INTO tb_students (id, name, birthdate, cpf, contact, email, pix, role, active, created_at, updated_at, school, parent_id, street, district, city, state, zip, complement) VALUES ('506a6c1a-2e14-5dc4-b829-5cef95229a8a', 'Manuela Batista', '2015-09-22', '463.579.108-48', '11970000014', 'manuela.batista@example.com', '11970000014', 0, true, CURRENT_TIMESTAMP, CURRENT_TIMESTAMP, 'Colegio Brasil', '9f0e9912-019d-5c87-985a-33e8e7418b01', 'Rua das Acacias', 'Jardim Paulista', 'Sao Paulo', 'SP', '01000014', 'Casa 14');
INSERT INTO tb_students (id, name, birthdate, cpf, contact, email, pix, role, active, created_at, updated_at, school, parent_id, street, district, city, state, zip, complement) VALUES ('e8a14b95-9897-59fe-9b5e-792e1a616118', 'Theo Cardoso', '2008-06-11', '574.680.219-02', '11970000015', 'theo.cardoso@example.com', '11970000015', 0, true, CURRENT_TIMESTAMP, CURRENT_TIMESTAMP, 'Escola Parque Aprimorar', '1dcf86ab-96df-5552-8a93-7b38857f8663', 'Rua do Aprendizado', 'Pinheiros', 'Sao Paulo', 'SP', '01000015', 'Casa 15');
INSERT INTO tb_students (id, name, birthdate, cpf, contact, email, pix, role, active, created_at, updated_at, school, parent_id, street, district, city, state, zip, complement) VALUES ('98765813-eb5c-5390-98b8-a3b39afed37b', 'Isabela Cardoso', '2014-12-02', '685.791.320-02', '11970000016', 'isabela.cardoso@example.com', '11970000016', 0, true, CURRENT_TIMESTAMP, CURRENT_TIMESTAMP, 'Colegio Sao Paulo', '1dcf86ab-96df-5552-8a93-7b38857f8663', 'Rua das Palmeiras', 'Centro', 'Sao Paulo', 'SP', '01000016', 'Casa 16');
INSERT INTO tb_students (id, name, birthdate, cpf, contact, email, pix, role, active, created_at, updated_at, school, parent_id, street, district, city, state, zip, complement) VALUES ('da2f211e-0411-5035-827e-3512cb48c2b2', 'Pedro Mendes', '2010-03-15', '796.802.431-50', '11970000017', 'pedro.mendes@example.com', '11970000017', 0, true, CURRENT_TIMESTAMP, CURRENT_TIMESTAMP, 'Escola Monteiro Lobato', '73f4cbbe-4f93-5478-98d1-cd8d7d8bca50', 'Avenida Brasil', 'Vila Mariana', 'Sao Paulo', 'SP', '01000017', 'Casa 17');
INSERT INTO tb_students (id, name, birthdate, cpf, contact, email, pix, role, active, created_at, updated_at, school, parent_id, street, district, city, state, zip, complement) VALUES ('7a61dbb9-1b37-57a7-bd96-e1b7d4b56de1', 'Luiza Gomes', '2013-11-09', '807.913.542-88', '11970000018', 'luiza.gomes@example.com', '11970000018', 0, true, CURRENT_TIMESTAMP, CURRENT_TIMESTAMP, 'Colegio Brasil', '171cc5c5-dbae-5a4b-bc98-262368639e74', 'Rua das Acacias', 'Jardim Paulista', 'Sao Paulo', 'SP', '01000018', 'Casa 18');
INSERT INTO tb_students (id, name, birthdate, cpf, contact, email, pix, role, active, created_at, updated_at, school, parent_id, street, district, city, state, zip, complement) VALUES ('5810d4b5-9854-5b79-ac5f-7aad8332853f', 'Gabriel Araujo', '2007-07-01', '918.024.653-24', '11970000019', 'gabriel.araujo@example.com', '11970000019', 0, true, CURRENT_TIMESTAMP, CURRENT_TIMESTAMP, 'Escola Parque Aprimorar', '535d4a73-291e-5307-9f3f-c366d892b691', 'Rua do Aprendizado', 'Pinheiros', 'Sao Paulo', 'SP', '01000019', 'Casa 19');
INSERT INTO tb_students (id, name, birthdate, cpf, contact, email, pix, role, active, created_at, updated_at, school, parent_id, street, district, city, state, zip, complement) VALUES ('2556ce0c-126f-5fcd-bc95-a56d0b608c2c', 'Maria Eduarda Ribeiro', '2011-04-27', '029.135.764-43', '11970000020', 'maria.eduarda.ribeiro@example.com', '11970000020', 0, true, CURRENT_TIMESTAMP, CURRENT_TIMESTAMP, 'Colegio Sao Paulo', '604ff524-9da8-5368-9a36-eec7d6d985fd', 'Rua das Palmeiras', 'Centro', 'Sao Paulo', 'SP', '01000020', 'Casa 20');
INSERT INTO tb_students (id, name, birthdate, cpf, contact, email, pix, role, active, created_at, updated_at, school, parent_id, street, district, city, state, zip, complement) VALUES ('d17eb824-3987-5856-9c5f-06015086d956', 'Samuel Correia', '2015-06-18', '140.257.986-11', '11970000021', 'samuel.correia@example.com', '11970000021', 0, true, CURRENT_TIMESTAMP, CURRENT_TIMESTAMP, 'Escola Monteiro Lobato', 'e047416a-375d-5331-9d2a-9a275b1163b2', 'Avenida Brasil', 'Vila Mariana', 'Sao Paulo', 'SP', '01000021', 'Casa 21');
INSERT INTO tb_students (id, name, birthdate, cpf, contact, email, pix, role, active, created_at, updated_at, school, parent_id, street, district, city, state, zip, complement) VALUES ('cc04c9b9-32b8-5573-8435-5793f8644481', 'Clara Duarte', '2009-02-04', '251.368.097-95', '11970000022', 'clara.duarte@example.com', '11970000022', 0, true, CURRENT_TIMESTAMP, CURRENT_TIMESTAMP, 'Colegio Brasil', '26f5da87-45c3-5c52-946b-7e061cd78f99', 'Rua das Acacias', 'Jardim Paulista', 'Sao Paulo', 'SP', '01000022', 'Casa 22');
INSERT INTO tb_students (id, name, birthdate, cpf, contact, email, pix, role, active, created_at, updated_at, school, parent_id, street, district, city, state, zip, complement) VALUES ('d7dfcfa0-9018-5251-b775-b9af09b4c3a3', 'Enzo Moreira', '2012-08-13', '362.479.108-78', '11970000023', 'enzo.moreira@example.com', '11970000023', 0, true, CURRENT_TIMESTAMP, CURRENT_TIMESTAMP, 'Escola Parque Aprimorar', '4789d7ca-56c5-5e64-8b0e-127b92bdcdb7', 'Rua do Aprendizado', 'Pinheiros', 'Sao Paulo', 'SP', '01000023', 'Casa 23');
INSERT INTO tb_students (id, name, birthdate, cpf, contact, email, pix, role, active, created_at, updated_at, school, parent_id, street, district, city, state, zip, complement) VALUES ('4e816456-e58c-5c2c-b45d-15cfecf86787', 'Yasmin Castro', '2016-10-31', '473.580.219-32', '11970000024', 'yasmin.castro@example.com', '11970000024', 0, true, CURRENT_TIMESTAMP, CURRENT_TIMESTAMP, 'Colegio Sao Paulo', '39983380-6008-572e-95bc-3d0d2c806337', 'Rua das Palmeiras', 'Centro', 'Sao Paulo', 'SP', '01000024', 'Casa 24');

-- Appointments
INSERT INTO tb_appointments (id, created_at, updated_at, title, description, start_date, end_date, payment, price, content, employee_payment_date, student_charge_date, student_id, student_name, employee_id, employee_name) VALUES
('f96a2007-6234-552b-9609-778b17d82fa3', CURRENT_TIMESTAMP, CURRENT_TIMESTAMP, 'AULA - Col: Lucas Almeida - Joao Pedro Ramos', 'Atendimento seed 001 para Joao Pedro Ramos', TIMESTAMP '2026-06-02 14:00:00', TIMESTAMP '2026-06-02 15:30:00', 60.00, 120.00, 'AULA', NULL, NULL, 'df351208-d6c8-5c8a-a2ce-19cea64ac3a8', 'Joao Pedro Ramos', '890322e5-6327-53c6-a9a7-726765d704d8', 'Lucas Almeida'),
('f53be9fd-0288-50b2-bdf4-aa2006020126', CURRENT_TIMESTAMP, CURRENT_TIMESTAMP, 'ENEM - Col: Lucas Almeida - Ana Clara Ramos', 'Atendimento seed 002 para Ana Clara Ramos', TIMESTAMP '2026-06-05 15:00:00', TIMESTAMP '2026-06-05 16:30:00', 65.00, 129.00, 'ENEM', NULL, NULL, '852b7c98-e262-51e7-88ab-84b93ea99f09', 'Ana Clara Ramos', '890322e5-6327-53c6-a9a7-726765d704d8', 'Lucas Almeida'),
('3d81871f-edc0-50df-815d-281d1935c25a', CURRENT_TIMESTAMP, CURRENT_TIMESTAMP, 'PAS - Col: Lucas Almeida - Miguel Barros', 'Atendimento seed 003 para Miguel Barros', TIMESTAMP '2026-06-08 16:00:00', TIMESTAMP '2026-06-08 17:30:00', 70.00, 138.00, 'PAS', NULL, NULL, 'f0af156a-fbe5-5b29-9acb-5fe22508eb62', 'Miguel Barros', '890322e5-6327-53c6-a9a7-726765d704d8', 'Lucas Almeida'),
('e8645d35-08d8-5923-b1be-02a5225dcfb8', CURRENT_TIMESTAMP, CURRENT_TIMESTAMP, 'MENTORIA - Col: Lucas Almeida - Sofia Barros', 'Atendimento seed 004 para Sofia Barros', TIMESTAMP '2026-06-11 17:00:00', TIMESTAMP '2026-06-11 18:30:00', 75.00, 147.00, 'MENTORIA', NULL, NULL, '41e8e58f-124a-5969-b16f-ac57993d7a00', 'Sofia Barros', '890322e5-6327-53c6-a9a7-726765d704d8', 'Lucas Almeida'),
('5cc4b3d0-f8e1-5adc-b9f5-fd17160718e5', CURRENT_TIMESTAMP, CURRENT_TIMESTAMP, 'ORIENTACAO_VOCACIONAL - Col: Mariana Costa - Arthur Andrade', 'Atendimento seed 005 para Arthur Andrade', TIMESTAMP '2026-06-14 14:00:00', TIMESTAMP '2026-06-14 15:30:00', 80.00, 156.00, 'ORIENTACAO_VOCACIONAL', NULL, NULL, 'de87ab23-c4f6-5cdb-88e4-c1e524f9f5b3', 'Arthur Andrade', '9e79c84d-d10a-59ca-8196-3963139e8096', 'Mariana Costa'),
('a923acbc-4ba0-5d44-86da-c86eb4e8bef4', CURRENT_TIMESTAMP, CURRENT_TIMESTAMP, 'AULA - Col: Mariana Costa - Laura Andrade', 'Atendimento seed 006 para Laura Andrade', TIMESTAMP '2026-06-17 15:00:00', TIMESTAMP '2026-06-17 16:30:00', 85.00, 165.00, 'AULA', NULL, NULL, 'c53e06ad-04d7-57bb-812a-79c5c34c9d18', 'Laura Andrade', '9e79c84d-d10a-59ca-8196-3963139e8096', 'Mariana Costa'),
('2a2de193-fdee-51ac-921e-4828c0a29b2f', CURRENT_TIMESTAMP, CURRENT_TIMESTAMP, 'ENEM - Col: Mariana Costa - Heitor Nogueira', 'Atendimento seed 007 para Heitor Nogueira', TIMESTAMP '2026-06-20 16:00:00', TIMESTAMP '2026-06-20 17:30:00', 90.00, 174.00, 'ENEM', NULL, NULL, 'b5d573a7-6c49-5397-a1ee-e6dfd6530c74', 'Heitor Nogueira', '9e79c84d-d10a-59ca-8196-3963139e8096', 'Mariana Costa'),
('26707091-fcbc-5e81-ab4d-2bfcdc700c51', CURRENT_TIMESTAMP, CURRENT_TIMESTAMP, 'PAS - Col: Mariana Costa - Valentina Nogueira', 'Atendimento seed 008 para Valentina Nogueira', TIMESTAMP '2026-06-23 17:00:00', TIMESTAMP '2026-06-23 18:30:00', 95.00, 183.00, 'PAS', NULL, NULL, 'adc3fc6b-4b03-5833-858b-82744c5303a8', 'Valentina Nogueira', '9e79c84d-d10a-59ca-8196-3963139e8096', 'Mariana Costa'),
('961a67c0-cc52-5535-8ff6-1fb19a794a9e', CURRENT_TIMESTAMP, CURRENT_TIMESTAMP, 'MENTORIA - Col: Rafael Oliveira - Bernardo Moraes', 'Atendimento seed 009 para Bernardo Moraes', TIMESTAMP '2026-06-26 14:00:00', TIMESTAMP '2026-06-26 15:30:00', 64.00, 192.00, 'MENTORIA', NULL, NULL, '336b13d8-7bff-5903-9d63-29f73c1656d8', 'Bernardo Moraes', '8a26e04f-23f6-5710-8705-2b62563b222d', 'Rafael Oliveira'),
('eed10e17-7030-53d7-a56c-bdfe3570ec1e', CURRENT_TIMESTAMP, CURRENT_TIMESTAMP, 'ORIENTACAO_VOCACIONAL - Col: Rafael Oliveira - Helena Moraes', 'Atendimento seed 010 para Helena Moraes', TIMESTAMP '2026-06-29 15:00:00', TIMESTAMP '2026-06-29 16:30:00', 69.00, 120.00, 'ORIENTACAO_VOCACIONAL', NULL, NULL, 'ec1d488a-1c34-5a2b-96b4-9d01e02e0f68', 'Helena Moraes', '8a26e04f-23f6-5710-8705-2b62563b222d', 'Rafael Oliveira'),
('3e706388-a85c-555f-a38f-5c68810ccc50', CURRENT_TIMESTAMP, CURRENT_TIMESTAMP, 'AULA - Col: Rafael Oliveira - Davi Teixeira', 'Atendimento seed 011 para Davi Teixeira', TIMESTAMP '2026-07-02 16:00:00', TIMESTAMP '2026-07-02 17:30:00', 74.00, 129.00, 'AULA', NULL, NULL, '912587f5-6a0d-5dd9-ba88-b26f08e03744', 'Davi Teixeira', '8a26e04f-23f6-5710-8705-2b62563b222d', 'Rafael Oliveira'),
('6726f7e0-f7b3-564b-9d6d-b14324b6c280', CURRENT_TIMESTAMP, CURRENT_TIMESTAMP, 'ENEM - Col: Rafael Oliveira - Alice Teixeira', 'Atendimento seed 012 para Alice Teixeira', TIMESTAMP '2026-07-05 17:00:00', TIMESTAMP '2026-07-05 18:30:00', 79.00, 138.00, 'ENEM', NULL, NULL, '10ea8325-849a-543a-8505-8608e90d3e3c', 'Alice Teixeira', '8a26e04f-23f6-5710-8705-2b62563b222d', 'Rafael Oliveira'),
('dcd5a10a-92d7-5b46-b251-1a007cf3339e', CURRENT_TIMESTAMP, CURRENT_TIMESTAMP, 'PAS - Col: Camila Santos - Lorenzo Batista', 'Atendimento seed 013 para Lorenzo Batista', TIMESTAMP '2026-07-08 14:00:00', TIMESTAMP '2026-07-08 15:30:00', 84.00, 147.00, 'PAS', NULL, NULL, 'aa995218-f836-561e-a0ec-cd66b0ae0cad', 'Lorenzo Batista', 'bdb8a03c-d48a-535f-9bb5-d557ecbefdf4', 'Camila Santos'),
('0ef546a6-f5aa-5dc1-9144-61ce3652ae5a', CURRENT_TIMESTAMP, CURRENT_TIMESTAMP, 'MENTORIA - Col: Camila Santos - Manuela Batista', 'Atendimento seed 014 para Manuela Batista', TIMESTAMP '2026-07-11 15:00:00', TIMESTAMP '2026-07-11 16:30:00', 89.00, 156.00, 'MENTORIA', NULL, NULL, '506a6c1a-2e14-5dc4-b829-5cef95229a8a', 'Manuela Batista', 'bdb8a03c-d48a-535f-9bb5-d557ecbefdf4', 'Camila Santos'),
('520e0278-1e98-54c5-a7e2-1e4db75820ab', CURRENT_TIMESTAMP, CURRENT_TIMESTAMP, 'ORIENTACAO_VOCACIONAL - Col: Camila Santos - Theo Cardoso', 'Atendimento seed 015 para Theo Cardoso', TIMESTAMP '2026-07-14 16:00:00', TIMESTAMP '2026-07-14 17:30:00', 94.00, 165.00, 'ORIENTACAO_VOCACIONAL', NULL, NULL, 'e8a14b95-9897-59fe-9b5e-792e1a616118', 'Theo Cardoso', 'bdb8a03c-d48a-535f-9bb5-d557ecbefdf4', 'Camila Santos'),
('e5d195be-269d-56df-828a-2db0b1c6ac10', CURRENT_TIMESTAMP, CURRENT_TIMESTAMP, 'AULA - Col: Camila Santos - Isabela Cardoso', 'Atendimento seed 016 para Isabela Cardoso', TIMESTAMP '2026-07-17 17:00:00', TIMESTAMP '2026-07-17 18:30:00', 63.00, 174.00, 'AULA', NULL, NULL, '98765813-eb5c-5390-98b8-a3b39afed37b', 'Isabela Cardoso', 'bdb8a03c-d48a-535f-9bb5-d557ecbefdf4', 'Camila Santos'),
('f9ffff26-b2f7-5a66-8741-f8486a47d1d1', CURRENT_TIMESTAMP, CURRENT_TIMESTAMP, 'ENEM - Col: Pedro Henrique Silva - Pedro Mendes', 'Atendimento seed 017 para Pedro Mendes', TIMESTAMP '2026-07-20 14:00:00', TIMESTAMP '2026-07-20 15:30:00', 68.00, 183.00, 'ENEM', NULL, NULL, 'da2f211e-0411-5035-827e-3512cb48c2b2', 'Pedro Mendes', '35a26f86-91cb-58d6-bd36-20bd9a467eec', 'Pedro Henrique Silva'),
('0eb3ed89-d328-5775-be52-b73b17428349', CURRENT_TIMESTAMP, CURRENT_TIMESTAMP, 'PAS - Col: Pedro Henrique Silva - Luiza Gomes', 'Atendimento seed 018 para Luiza Gomes', TIMESTAMP '2026-07-23 15:00:00', TIMESTAMP '2026-07-23 16:30:00', 73.00, 192.00, 'PAS', NULL, NULL, '7a61dbb9-1b37-57a7-bd96-e1b7d4b56de1', 'Luiza Gomes', '35a26f86-91cb-58d6-bd36-20bd9a467eec', 'Pedro Henrique Silva'),
('16306d68-be2c-50e2-820a-4858909cc9ba', CURRENT_TIMESTAMP, CURRENT_TIMESTAMP, 'MENTORIA - Col: Pedro Henrique Silva - Gabriel Araujo', 'Atendimento seed 019 para Gabriel Araujo', TIMESTAMP '2026-07-26 16:00:00', TIMESTAMP '2026-07-26 17:30:00', 78.00, 120.00, 'MENTORIA', NULL, NULL, '5810d4b5-9854-5b79-ac5f-7aad8332853f', 'Gabriel Araujo', '35a26f86-91cb-58d6-bd36-20bd9a467eec', 'Pedro Henrique Silva'),
('545a8c18-56ff-53b3-b3b3-b0362ad922aa', CURRENT_TIMESTAMP, CURRENT_TIMESTAMP, 'ORIENTACAO_VOCACIONAL - Col: Pedro Henrique Silva - Maria Eduarda Ribeiro', 'Atendimento seed 020 para Maria Eduarda Ribeiro', TIMESTAMP '2026-07-29 17:00:00', TIMESTAMP '2026-07-29 18:30:00', 83.00, 129.00, 'ORIENTACAO_VOCACIONAL', NULL, NULL, '2556ce0c-126f-5fcd-bc95-a56d0b608c2c', 'Maria Eduarda Ribeiro', '35a26f86-91cb-58d6-bd36-20bd9a467eec', 'Pedro Henrique Silva'),
('91887332-5989-5160-861e-1196a8d5f907', CURRENT_TIMESTAMP, CURRENT_TIMESTAMP, 'AULA - Col: Beatriz Rocha - Samuel Correia', 'Atendimento seed 021 para Samuel Correia', TIMESTAMP '2026-08-01 14:00:00', TIMESTAMP '2026-08-01 15:30:00', 88.00, 138.00, 'AULA', NULL, NULL, 'd17eb824-3987-5856-9c5f-06015086d956', 'Samuel Correia', '2e494257-1161-5add-9091-4891a3dccec3', 'Beatriz Rocha'),
('1678e22c-7e84-572b-b0f5-45a95284ada4', CURRENT_TIMESTAMP, CURRENT_TIMESTAMP, 'ENEM - Col: Beatriz Rocha - Clara Duarte', 'Atendimento seed 022 para Clara Duarte', TIMESTAMP '2026-08-04 15:00:00', TIMESTAMP '2026-08-04 16:30:00', 93.00, 147.00, 'ENEM', NULL, NULL, 'cc04c9b9-32b8-5573-8435-5793f8644481', 'Clara Duarte', '2e494257-1161-5add-9091-4891a3dccec3', 'Beatriz Rocha'),
('f35e3971-1237-57cc-99d4-f073fa8f89b9', CURRENT_TIMESTAMP, CURRENT_TIMESTAMP, 'PAS - Col: Beatriz Rocha - Enzo Moreira', 'Atendimento seed 023 para Enzo Moreira', TIMESTAMP '2026-08-07 16:00:00', TIMESTAMP '2026-08-07 17:30:00', 62.00, 156.00, 'PAS', NULL, NULL, 'd7dfcfa0-9018-5251-b775-b9af09b4c3a3', 'Enzo Moreira', '2e494257-1161-5add-9091-4891a3dccec3', 'Beatriz Rocha'),
('e4027d80-f912-5781-a901-924449fdb873', CURRENT_TIMESTAMP, CURRENT_TIMESTAMP, 'MENTORIA - Col: Beatriz Rocha - Yasmin Castro', 'Atendimento seed 024 para Yasmin Castro', TIMESTAMP '2026-08-10 17:00:00', TIMESTAMP '2026-08-10 18:30:00', 67.00, 165.00, 'MENTORIA', NULL, NULL, '4e816456-e58c-5c2c-b45d-15cfecf86787', 'Yasmin Castro', '2e494257-1161-5add-9091-4891a3dccec3', 'Beatriz Rocha'),
('e9449fae-2353-556c-a2df-28c3f4c3d885', CURRENT_TIMESTAMP, CURRENT_TIMESTAMP, 'ORIENTACAO_VOCACIONAL - Col: Gabriel Martins - Joao Pedro Ramos', 'Atendimento seed 025 para Joao Pedro Ramos', TIMESTAMP '2026-08-13 14:00:00', TIMESTAMP '2026-08-13 15:30:00', 72.00, 174.00, 'ORIENTACAO_VOCACIONAL', NULL, NULL, 'df351208-d6c8-5c8a-a2ce-19cea64ac3a8', 'Joao Pedro Ramos', 'd73df42d-244f-58e1-b55f-2c3dff8f7860', 'Gabriel Martins'),
('29e56cdd-a54b-5e53-b275-fecca9fba6ca', CURRENT_TIMESTAMP, CURRENT_TIMESTAMP, 'AULA - Col: Gabriel Martins - Ana Clara Ramos', 'Atendimento seed 026 para Ana Clara Ramos', TIMESTAMP '2026-08-16 15:00:00', TIMESTAMP '2026-08-16 16:30:00', 77.00, 183.00, 'AULA', NULL, NULL, '852b7c98-e262-51e7-88ab-84b93ea99f09', 'Ana Clara Ramos', 'd73df42d-244f-58e1-b55f-2c3dff8f7860', 'Gabriel Martins'),
('c0ee2143-776b-50d2-a8de-442d4d1fcc9f', CURRENT_TIMESTAMP, CURRENT_TIMESTAMP, 'ENEM - Col: Gabriel Martins - Miguel Barros', 'Atendimento seed 027 para Miguel Barros', TIMESTAMP '2026-08-19 16:00:00', TIMESTAMP '2026-08-19 17:30:00', 82.00, 192.00, 'ENEM', NULL, NULL, 'f0af156a-fbe5-5b29-9acb-5fe22508eb62', 'Miguel Barros', 'd73df42d-244f-58e1-b55f-2c3dff8f7860', 'Gabriel Martins'),
('bad81887-7afa-5584-b3d1-caa6b22bb888', CURRENT_TIMESTAMP, CURRENT_TIMESTAMP, 'PAS - Col: Gabriel Martins - Sofia Barros', 'Atendimento seed 028 para Sofia Barros', TIMESTAMP '2026-08-22 17:00:00', TIMESTAMP '2026-08-22 18:30:00', 87.00, 120.00, 'PAS', NULL, NULL, '41e8e58f-124a-5969-b16f-ac57993d7a00', 'Sofia Barros', 'd73df42d-244f-58e1-b55f-2c3dff8f7860', 'Gabriel Martins'),
('428742b1-1578-5ed8-aea6-a8eb86cf191d', CURRENT_TIMESTAMP, CURRENT_TIMESTAMP, 'MENTORIA - Col: Larissa Ferreira - Arthur Andrade', 'Atendimento seed 029 para Arthur Andrade', TIMESTAMP '2026-08-25 14:00:00', TIMESTAMP '2026-08-25 15:30:00', 92.00, 129.00, 'MENTORIA', NULL, NULL, 'de87ab23-c4f6-5cdb-88e4-c1e524f9f5b3', 'Arthur Andrade', 'cb6eac0d-dfb5-5ccc-9a0c-8770a1557476', 'Larissa Ferreira'),
('936ce1aa-debf-525d-823a-e8042cdf4133', CURRENT_TIMESTAMP, CURRENT_TIMESTAMP, 'ORIENTACAO_VOCACIONAL - Col: Larissa Ferreira - Laura Andrade', 'Atendimento seed 030 para Laura Andrade', TIMESTAMP '2026-08-28 15:00:00', TIMESTAMP '2026-08-28 16:30:00', 61.00, 138.00, 'ORIENTACAO_VOCACIONAL', NULL, NULL, 'c53e06ad-04d7-57bb-812a-79c5c34c9d18', 'Laura Andrade', 'cb6eac0d-dfb5-5ccc-9a0c-8770a1557476', 'Larissa Ferreira'),
('f520131e-9360-5c8a-9b26-7d9196205f8b', CURRENT_TIMESTAMP, CURRENT_TIMESTAMP, 'AULA - Col: Larissa Ferreira - Heitor Nogueira', 'Atendimento seed 031 para Heitor Nogueira', TIMESTAMP '2026-08-31 16:00:00', TIMESTAMP '2026-08-31 17:30:00', 66.00, 147.00, 'AULA', NULL, NULL, 'b5d573a7-6c49-5397-a1ee-e6dfd6530c74', 'Heitor Nogueira', 'cb6eac0d-dfb5-5ccc-9a0c-8770a1557476', 'Larissa Ferreira'),
('3a7ba7ed-5a0c-5498-9f21-6e8d66350564', CURRENT_TIMESTAMP, CURRENT_TIMESTAMP, 'ENEM - Col: Larissa Ferreira - Valentina Nogueira', 'Atendimento seed 032 para Valentina Nogueira', TIMESTAMP '2026-09-03 17:00:00', TIMESTAMP '2026-09-03 18:30:00', 71.00, 156.00, 'ENEM', NULL, NULL, 'adc3fc6b-4b03-5833-858b-82744c5303a8', 'Valentina Nogueira', 'cb6eac0d-dfb5-5ccc-9a0c-8770a1557476', 'Larissa Ferreira'),
('903e4de2-c2df-550b-9f94-ef30bdef0c5f', CURRENT_TIMESTAMP, CURRENT_TIMESTAMP, 'PAS - Col: Fernanda Lima - Bernardo Moraes', 'Atendimento seed 033 para Bernardo Moraes', TIMESTAMP '2026-09-06 14:00:00', TIMESTAMP '2026-09-06 15:30:00', 76.00, 165.00, 'PAS', NULL, NULL, '336b13d8-7bff-5903-9d63-29f73c1656d8', 'Bernardo Moraes', '67a4ab33-5f16-5425-a512-4c95abeebac9', 'Fernanda Lima'),
('b418b8d6-19b6-56fc-95af-f1f6bb4654eb', CURRENT_TIMESTAMP, CURRENT_TIMESTAMP, 'MENTORIA - Col: Fernanda Lima - Helena Moraes', 'Atendimento seed 034 para Helena Moraes', TIMESTAMP '2026-09-09 15:00:00', TIMESTAMP '2026-09-09 16:30:00', 81.00, 174.00, 'MENTORIA', NULL, NULL, 'ec1d488a-1c34-5a2b-96b4-9d01e02e0f68', 'Helena Moraes', '67a4ab33-5f16-5425-a512-4c95abeebac9', 'Fernanda Lima'),
('ca39d4df-d12e-51e8-8b65-b377d575e9a0', CURRENT_TIMESTAMP, CURRENT_TIMESTAMP, 'ORIENTACAO_VOCACIONAL - Col: Fernanda Lima - Davi Teixeira', 'Atendimento seed 035 para Davi Teixeira', TIMESTAMP '2026-09-12 16:00:00', TIMESTAMP '2026-09-12 17:30:00', 86.00, 183.00, 'ORIENTACAO_VOCACIONAL', NULL, NULL, '912587f5-6a0d-5dd9-ba88-b26f08e03744', 'Davi Teixeira', '67a4ab33-5f16-5425-a512-4c95abeebac9', 'Fernanda Lima'),
('163937ec-e1dd-5f91-b160-d0415095cf40', CURRENT_TIMESTAMP, CURRENT_TIMESTAMP, 'AULA - Col: Fernanda Lima - Alice Teixeira', 'Atendimento seed 036 para Alice Teixeira', TIMESTAMP '2026-09-15 17:00:00', TIMESTAMP '2026-09-15 18:30:00', 91.00, 192.00, 'AULA', NULL, NULL, '10ea8325-849a-543a-8505-8608e90d3e3c', 'Alice Teixeira', '67a4ab33-5f16-5425-a512-4c95abeebac9', 'Fernanda Lima'),
('71dd230d-16b6-5e32-8651-963443652894', CURRENT_TIMESTAMP, CURRENT_TIMESTAMP, 'ENEM - Col: Fernanda Lima - Lorenzo Batista', 'Atendimento seed 037 para Lorenzo Batista', TIMESTAMP '2026-09-18 14:00:00', TIMESTAMP '2026-09-18 15:30:00', 60.00, 120.00, 'ENEM', NULL, NULL, 'aa995218-f836-561e-a0ec-cd66b0ae0cad', 'Lorenzo Batista', '67a4ab33-5f16-5425-a512-4c95abeebac9', 'Fernanda Lima'),
('bc0a3e6e-43f3-5295-ae87-c57bcfb400b3', CURRENT_TIMESTAMP, CURRENT_TIMESTAMP, 'PAS - Col: Bruno Carvalho - Manuela Batista', 'Atendimento seed 038 para Manuela Batista', TIMESTAMP '2026-09-21 15:00:00', TIMESTAMP '2026-09-21 16:30:00', 65.00, 129.00, 'PAS', NULL, NULL, '506a6c1a-2e14-5dc4-b829-5cef95229a8a', 'Manuela Batista', '82562c6d-0ef7-526e-b8e3-c6bf1bad81e0', 'Bruno Carvalho'),
('474da62d-cd70-5ee0-92ca-df840aa7cf4f', CURRENT_TIMESTAMP, CURRENT_TIMESTAMP, 'MENTORIA - Col: Bruno Carvalho - Theo Cardoso', 'Atendimento seed 039 para Theo Cardoso', TIMESTAMP '2026-09-24 16:00:00', TIMESTAMP '2026-09-24 17:30:00', 70.00, 138.00, 'MENTORIA', NULL, NULL, 'e8a14b95-9897-59fe-9b5e-792e1a616118', 'Theo Cardoso', '82562c6d-0ef7-526e-b8e3-c6bf1bad81e0', 'Bruno Carvalho'),
('c93dd4d6-0b37-577d-8297-8fb07ec93315', CURRENT_TIMESTAMP, CURRENT_TIMESTAMP, 'ORIENTACAO_VOCACIONAL - Col: Bruno Carvalho - Isabela Cardoso', 'Atendimento seed 040 para Isabela Cardoso', TIMESTAMP '2026-09-27 17:00:00', TIMESTAMP '2026-09-27 18:30:00', 75.00, 147.00, 'ORIENTACAO_VOCACIONAL', NULL, NULL, '98765813-eb5c-5390-98b8-a3b39afed37b', 'Isabela Cardoso', '82562c6d-0ef7-526e-b8e3-c6bf1bad81e0', 'Bruno Carvalho'),
('2e3bd02f-94ed-569c-938d-41cb5afd9ab8', CURRENT_TIMESTAMP, CURRENT_TIMESTAMP, 'AULA - Col: Bruno Carvalho - Pedro Mendes', 'Atendimento seed 041 para Pedro Mendes', TIMESTAMP '2026-09-30 14:00:00', TIMESTAMP '2026-09-30 15:30:00', 80.00, 156.00, 'AULA', NULL, NULL, 'da2f211e-0411-5035-827e-3512cb48c2b2', 'Pedro Mendes', '82562c6d-0ef7-526e-b8e3-c6bf1bad81e0', 'Bruno Carvalho'),
('8729cd72-59f2-5861-b53e-aa6ce6283442', CURRENT_TIMESTAMP, CURRENT_TIMESTAMP, 'ENEM - Col: Bruno Carvalho - Luiza Gomes', 'Atendimento seed 042 para Luiza Gomes', TIMESTAMP '2026-10-03 15:00:00', TIMESTAMP '2026-10-03 16:30:00', 85.00, 165.00, 'ENEM', NULL, NULL, '7a61dbb9-1b37-57a7-bd96-e1b7d4b56de1', 'Luiza Gomes', '82562c6d-0ef7-526e-b8e3-c6bf1bad81e0', 'Bruno Carvalho'),
('c6a8cbd7-b4af-56f6-8982-b5d00855c956', CURRENT_TIMESTAMP, CURRENT_TIMESTAMP, 'PAS - Col: Aline Souza - Gabriel Araujo', 'Atendimento seed 043 para Gabriel Araujo', TIMESTAMP '2026-10-06 16:00:00', TIMESTAMP '2026-10-06 17:30:00', 90.00, 174.00, 'PAS', NULL, NULL, '5810d4b5-9854-5b79-ac5f-7aad8332853f', 'Gabriel Araujo', '46b8b924-f738-5a05-930c-1be3b563773e', 'Aline Souza'),
('6becf867-d616-520a-aed7-e38fcf2273fb', CURRENT_TIMESTAMP, CURRENT_TIMESTAMP, 'MENTORIA - Col: Aline Souza - Maria Eduarda Ribeiro', 'Atendimento seed 044 para Maria Eduarda Ribeiro', TIMESTAMP '2026-10-09 17:00:00', TIMESTAMP '2026-10-09 18:30:00', 95.00, 183.00, 'MENTORIA', NULL, NULL, '2556ce0c-126f-5fcd-bc95-a56d0b608c2c', 'Maria Eduarda Ribeiro', '46b8b924-f738-5a05-930c-1be3b563773e', 'Aline Souza'),
('54fc7a7d-0f11-509f-bfc6-6f01f2b1a0da', CURRENT_TIMESTAMP, CURRENT_TIMESTAMP, 'ORIENTACAO_VOCACIONAL - Col: Aline Souza - Samuel Correia', 'Atendimento seed 045 para Samuel Correia', TIMESTAMP '2026-10-12 14:00:00', TIMESTAMP '2026-10-12 15:30:00', 64.00, 192.00, 'ORIENTACAO_VOCACIONAL', NULL, NULL, 'd17eb824-3987-5856-9c5f-06015086d956', 'Samuel Correia', '46b8b924-f738-5a05-930c-1be3b563773e', 'Aline Souza'),
('1482b155-967c-5e9c-965a-1a6441a54d04', CURRENT_TIMESTAMP, CURRENT_TIMESTAMP, 'AULA - Col: Aline Souza - Clara Duarte', 'Atendimento seed 046 para Clara Duarte', TIMESTAMP '2026-10-15 15:00:00', TIMESTAMP '2026-10-15 16:30:00', 69.00, 120.00, 'AULA', NULL, NULL, 'cc04c9b9-32b8-5573-8435-5793f8644481', 'Clara Duarte', '46b8b924-f738-5a05-930c-1be3b563773e', 'Aline Souza'),
('311cc90e-3ea6-58e3-af60-6b7ea7e8e656', CURRENT_TIMESTAMP, CURRENT_TIMESTAMP, 'ENEM - Col: Aline Souza - Enzo Moreira', 'Atendimento seed 047 para Enzo Moreira', TIMESTAMP '2026-10-18 16:00:00', TIMESTAMP '2026-10-18 17:30:00', 74.00, 129.00, 'ENEM', NULL, NULL, 'd7dfcfa0-9018-5251-b775-b9af09b4c3a3', 'Enzo Moreira', '46b8b924-f738-5a05-930c-1be3b563773e', 'Aline Souza');
