-- Development seed for Aprimorar.
-- Add seed data below as the dataset is defined.
DELETE FROM tb_expenses;
DELETE FROM tb_appointments;
DELETE FROM tb_students WHERE id <> '00000000-0000-0000-0000-000000000000';
DELETE FROM tb_parents WHERE id <> 'ffffffff-ffff-ffff-ffff-ffffffffffff';
DELETE FROM tb_employees WHERE id <> '00000000-0000-4000-8000-000000000001';

-- Collaborators
INSERT INTO tb_employees (id, name, birthdate, cpf, contact, email, pix, role, active, created_at, updated_at, duty, street, district, city, state, zip, complement) VALUES ('890322e5-6327-53c6-a9a7-726765d704d8', 'Lucas Almeida', '2002-01-14', '123.456.789-09', '11990000001', 'lucas.almeida@example.com', '11990000001', 1, true, CURRENT_TIMESTAMP, CURRENT_TIMESTAMP, 'TEACHER', 'Avenida Paulista', 'Bela Vista', 'Sao Paulo', 'SP', '01310000', 'Sala 101');
INSERT INTO tb_employees (id, name, birthdate, cpf, contact, email, pix, role, active, created_at, updated_at, duty, street, district, city, state, zip, complement) VALUES ('9e79c84d-d10a-59ca-8196-3963139e8096', 'Mariana Costa', '2001-05-27', '987.654.321-00', '11990000002', 'mariana.costa@example.com', '11990000002', 1, true, CURRENT_TIMESTAMP, CURRENT_TIMESTAMP, 'TEACHER', 'Rua Augusta', 'Consolacao', 'Sao Paulo', 'SP', '01305000', 'Apto 22');
INSERT INTO tb_employees (id, name, birthdate, cpf, contact, email, pix, role, active, created_at, updated_at, duty, street, district, city, state, zip, complement) VALUES ('8a26e04f-23f6-5710-8705-2b62563b222d', 'Rafael Oliveira', '2003-08-09', '111.444.777-35', '11990000003', 'rafael.oliveira@example.com', '11990000003', 1, true, CURRENT_TIMESTAMP, CURRENT_TIMESTAMP, 'TEACHER', 'Rua Vergueiro', 'Liberdade', 'Sao Paulo', 'SP', '01504000', 'Bloco B');
INSERT INTO tb_employees (id, name, birthdate, cpf, contact, email, pix, role, active, created_at, updated_at, duty, street, district, city, state, zip, complement) VALUES ('bdb8a03c-d48a-535f-9bb5-d557ecbefdf4', 'Camila Santos', '2004-02-18', '222.555.888-46', '11990000004', 'camila.santos@example.com', '11990000004', 1, true, CURRENT_TIMESTAMP, CURRENT_TIMESTAMP, 'TEACHER', 'Rua Oscar Freire', 'Jardins', 'Sao Paulo', 'SP', '01426001', 'Casa 4');
INSERT INTO tb_employees (id, name, birthdate, cpf, contact, email, pix, role, active, created_at, updated_at, duty, street, district, city, state, zip, complement) VALUES ('35a26f86-91cb-58d6-bd36-20bd9a467eec', 'Pedro Henrique Silva', '2005-11-03', '333.666.999-57', '11990000005', 'pedro.silva@example.com', '11990000005', 1, true, CURRENT_TIMESTAMP, CURRENT_TIMESTAMP, 'TEACHER', 'Rua Harmonia', 'Vila Madalena', 'Sao Paulo', 'SP', '05435000', 'Fundos');
INSERT INTO tb_employees (id, name, birthdate, cpf, contact, email, pix, role, active, created_at, updated_at, duty, street, district, city, state, zip, complement) VALUES ('2e494257-1161-5add-9091-4891a3dccec3', 'Beatriz Rocha', '2006-04-22', '147.258.369-82', '11990000006', 'beatriz.rocha@example.com', '11990000006', 1, true, CURRENT_TIMESTAMP, CURRENT_TIMESTAMP, 'TEACHER', 'Rua dos Pinheiros', 'Pinheiros', 'Sao Paulo', 'SP', '05422000', 'Apto 61');
INSERT INTO tb_employees (id, name, birthdate, cpf, contact, email, pix, role, active, created_at, updated_at, duty, street, district, city, state, zip, complement) VALUES ('d73df42d-244f-58e1-b55f-2c3dff8f7860', 'Gabriel Martins', '2007-07-16', '369.258.147-55', '11990000007', 'gabriel.martins@example.com', '11990000007', 1, true, CURRENT_TIMESTAMP, CURRENT_TIMESTAMP, 'TEACHER', 'Rua Cardeal Arcoverde', 'Pinheiros', 'Sao Paulo', 'SP', '05407000', 'Casa 7');
INSERT INTO tb_employees (id, name, birthdate, cpf, contact, email, pix, role, active, created_at, updated_at, duty, street, district, city, state, zip, complement) VALUES ('cb6eac0d-dfb5-5ccc-9a0c-8770a1557476', 'Larissa Ferreira', '2008-03-05', '741.852.963-55', '11990000008', 'larissa.ferreira@example.com', '11990000008', 1, true, CURRENT_TIMESTAMP, CURRENT_TIMESTAMP, 'TEACHER', 'Alameda Santos', 'Jardim Paulista', 'Sao Paulo', 'SP', '01419000', 'Conjunto 8');
INSERT INTO tb_employees (id, name, birthdate, cpf, contact, email, pix, role, active, created_at, updated_at, duty, street, district, city, state, zip, complement) VALUES ('e06e1215-1847-5d54-8520-e6439c1e6975', 'Thiago Pereira', '2002-09-30', '852.963.741-00', '11990000009', 'thiago.pereira@example.com', '11990000009', 1, true, CURRENT_TIMESTAMP, CURRENT_TIMESTAMP, 'ADM', 'Rua Pamplona', 'Jardim Paulista', 'Sao Paulo', 'SP', '01405000', 'Apto 91');
INSERT INTO tb_employees (id, name, birthdate, cpf, contact, email, pix, role, active, created_at, updated_at, duty, street, district, city, state, zip, complement) VALUES ('67a4ab33-5f16-5425-a512-4c95abeebac9', 'Fernanda Lima', '2001-12-11', '159.357.486-06', '11990000010', 'fernanda.lima@example.com', '11990000010', 1, true, CURRENT_TIMESTAMP, CURRENT_TIMESTAMP, 'MENTOR', 'Rua Bela Cintra', 'Consolacao', 'Sao Paulo', 'SP', '01415000', 'Casa 10');
INSERT INTO tb_employees (id, name, birthdate, cpf, contact, email, pix, role, active, created_at, updated_at, duty, street, district, city, state, zip, complement) VALUES ('82562c6d-0ef7-526e-b8e3-c6bf1bad81e0', 'Bruno Carvalho', '2004-06-08', '486.357.159-34', '11990000011', 'bruno.carvalho@example.com', '11990000011', 1, true, CURRENT_TIMESTAMP, CURRENT_TIMESTAMP, 'MENTOR', 'Rua Haddock Lobo', 'Cerqueira Cesar', 'Sao Paulo', 'SP', '01414001', 'Apto 112');
INSERT INTO tb_employees (id, name, birthdate, cpf, contact, email, pix, role, active, created_at, updated_at, duty, street, district, city, state, zip, complement) VALUES ('46b8b924-f738-5a05-930c-1be3b563773e', 'Aline Souza', '2003-10-24', '951.753.852-91', '11990000012', 'aline.souza@example.com', '11990000012', 1, true, CURRENT_TIMESTAMP, CURRENT_TIMESTAMP, 'THERAPIST', 'Rua Itapeva', 'Bela Vista', 'Sao Paulo', 'SP', '01332000', 'Sala 12');

-- Parents
INSERT INTO tb_parents (id, name, birthdate, cpf, contact, email, pix, role, active, created_at, updated_at) VALUES ('cbbe29c8-3177-548f-b3d3-24dd0463a495', 'Carlos Eduardo Ramos', '1981-02-12', '204.681.357-07', '11980000001', 'carlos.ramos@example.com', '11980000001', 2, true, CURRENT_TIMESTAMP, CURRENT_TIMESTAMP);
INSERT INTO tb_parents (id, name, birthdate, cpf, contact, email, pix, role, active, created_at, updated_at) VALUES ('7db99ca8-59f6-5b7d-8e85-465b2f62cb38', 'Marcos Vinicius Barros', '1979-07-25', '315.792.468-00', '11980000002', 'marcos.barros@example.com', '11980000002', 2, true, CURRENT_TIMESTAMP, CURRENT_TIMESTAMP);
INSERT INTO tb_parents (id, name, birthdate, cpf, contact, email, pix, role, active, created_at, updated_at) VALUES ('576f4f56-3232-5af8-a610-caa7a5b6f9dc', 'Felipe Andrade', '1984-11-08', '426.813.579-00', '11980000003', 'felipe.andrade@example.com', '11980000003', 2, true, CURRENT_TIMESTAMP, CURRENT_TIMESTAMP);
INSERT INTO tb_parents (id, name, birthdate, cpf, contact, email, pix, role, active, created_at, updated_at) VALUES ('6d155c39-17d9-58b8-bb6e-b5430a1d7218', 'Ricardo Nogueira', '1982-04-19', '537.924.681-82', '11980000004', 'ricardo.nogueira@example.com', '11980000004', 2, true, CURRENT_TIMESTAMP, CURRENT_TIMESTAMP);
INSERT INTO tb_parents (id, name, birthdate, cpf, contact, email, pix, role, active, created_at, updated_at) VALUES ('14a6b158-5c23-5db7-a3c4-7f5cbd48e0b1', 'Anderson Moraes', '1978-09-03', '648.135.792-64', '11980000005', 'anderson.moraes@example.com', '11980000005', 2, true, CURRENT_TIMESTAMP, CURRENT_TIMESTAMP);
INSERT INTO tb_parents (id, name, birthdate, cpf, contact, email, pix, role, active, created_at, updated_at) VALUES ('8a4199a9-376b-5f04-854e-68aca4e4edf1', 'Eduardo Teixeira', '1985-01-27', '759.246.813-19', '11980000006', 'eduardo.teixeira@example.com', '11980000006', 2, true, CURRENT_TIMESTAMP, CURRENT_TIMESTAMP);
INSERT INTO tb_parents (id, name, birthdate, cpf, contact, email, pix, role, active, created_at, updated_at) VALUES ('9f0e9912-019d-5c87-985a-33e8e7418b01', 'Leandro Batista', '1980-06-14', '860.357.924-56', '11980000007', 'leandro.batista@example.com', '11980000007', 2, true, CURRENT_TIMESTAMP, CURRENT_TIMESTAMP);
INSERT INTO tb_parents (id, name, birthdate, cpf, contact, email, pix, role, active, created_at, updated_at) VALUES ('1dcf86ab-96df-5552-8a93-7b38857f8663', 'Henrique Cardoso', '1983-12-05', '971.468.035-20', '11980000008', 'henrique.cardoso@example.com', '11980000008', 2, true, CURRENT_TIMESTAMP, CURRENT_TIMESTAMP);
INSERT INTO tb_parents (id, name, birthdate, cpf, contact, email, pix, role, active, created_at, updated_at) VALUES ('73f4cbbe-4f93-5478-98d1-cd8d7d8bca50', 'Juliana Mendes', '1982-03-21', '102.938.475-41', '11980000009', 'juliana.mendes@example.com', '11980000009', 2, true, CURRENT_TIMESTAMP, CURRENT_TIMESTAMP);
INSERT INTO tb_parents (id, name, birthdate, cpf, contact, email, pix, role, active, created_at, updated_at) VALUES ('171cc5c5-dbae-5a4b-bc98-262368639e74', 'Patricia Gomes', '1979-10-18', '213.849.576-00', '11980000010', 'patricia.gomes@example.com', '11980000010', 2, true, CURRENT_TIMESTAMP, CURRENT_TIMESTAMP);
INSERT INTO tb_parents (id, name, birthdate, cpf, contact, email, pix, role, active, created_at, updated_at) VALUES ('535d4a73-291e-5307-9f3f-c366d892b691', 'Renata Araujo', '1984-05-06', '324.750.687-01', '11980000011', 'renata.araujo@example.com', '11980000011', 2, true, CURRENT_TIMESTAMP, CURRENT_TIMESTAMP);
INSERT INTO tb_parents (id, name, birthdate, cpf, contact, email, pix, role, active, created_at, updated_at) VALUES ('604ff524-9da8-5368-9a36-eec7d6d985fd', 'Carla Ribeiro', '1981-08-30', '435.861.798-04', '11980000012', 'carla.ribeiro@example.com', '11980000012', 2, true, CURRENT_TIMESTAMP, CURRENT_TIMESTAMP);
INSERT INTO tb_parents (id, name, birthdate, cpf, contact, email, pix, role, active, created_at, updated_at) VALUES ('e047416a-375d-5331-9d2a-9a275b1163b2', 'Daniela Correia', '1978-01-09', '546.972.801-30', '11980000013', 'daniela.correia@example.com', '11980000013', 2, true, CURRENT_TIMESTAMP, CURRENT_TIMESTAMP);
INSERT INTO tb_parents (id, name, birthdate, cpf, contact, email, pix, role, active, created_at, updated_at) VALUES ('26f5da87-45c3-5c52-946b-7e061cd78f99', 'Vanessa Duarte', '1985-04-24', '657.083.912-86', '11980000014', 'vanessa.duarte@example.com', '11980000014', 2, true, CURRENT_TIMESTAMP, CURRENT_TIMESTAMP);
INSERT INTO tb_parents (id, name, birthdate, cpf, contact, email, pix, role, active, created_at, updated_at) VALUES ('4789d7ca-56c5-5e64-8b0e-127b92bdcdb7', 'Priscila Moreira', '1980-11-17', '768.194.023-50', '11980000015', 'priscila.moreira@example.com', '11980000015', 2, true, CURRENT_TIMESTAMP, CURRENT_TIMESTAMP);
INSERT INTO tb_parents (id, name, birthdate, cpf, contact, email, pix, role, active, created_at, updated_at) VALUES ('39983380-6008-572e-95bc-3d0d2c806337', 'Tatiane Castro', '1983-06-02', '879.205.134-05', '11980000016', 'tatiane.castro@example.com', '11980000016', 2, true, CURRENT_TIMESTAMP, CURRENT_TIMESTAMP);

-- Students
INSERT INTO tb_students (id, name, birthdate, cpf, contact, email, pix, role, active, created_at, updated_at, school, parent_id, street, district, city, state, zip, complement) VALUES ('df351208-d6c8-5c8a-a2ce-19cea64ac3a8', 'Joao Pedro Ramos', '2008-04-12', '120.345.678-62', '11970000001', 'joao.pedro.ramos@example.com', '11970000001', 0, true, CURRENT_TIMESTAMP, CURRENT_TIMESTAMP, 'Escola Monteiro Lobato', 'cbbe29c8-3177-548f-b3d3-24dd0463a495', 'Avenida Brasil', 'Vila Mariana', 'Sao Paulo', 'SP', '01000001', 'Casa 1');
INSERT INTO tb_students (id, name, birthdate, cpf, contact, email, pix, role, active, created_at, updated_at, school, parent_id, street, district, city, state, zip, complement) VALUES ('852b7c98-e262-51e7-88ab-84b93ea99f09', 'Ana Clara Ramos', '2012-09-03', '231.456.789-73', '11970000002', 'ana.clara.ramos@example.com', '11970000002', 0, true, CURRENT_TIMESTAMP, CURRENT_TIMESTAMP, 'Colegio Brasil', 'cbbe29c8-3177-548f-b3d3-24dd0463a495', 'Rua das Acacias', 'Jardim Paulista', 'Sao Paulo', 'SP', '01000002', 'Casa 2');
INSERT INTO tb_students (id, name, birthdate, cpf, contact, email, pix, role, active, created_at, updated_at, school, parent_id, street, district, city, state, zip, complement) VALUES ('f0af156a-fbe5-5b29-9acb-5fe22508eb62', 'Miguel Barros', '2009-06-21', '342.567.890-65', '11970000003', 'miguel.barros@example.com', '11970000003', 0, true, CURRENT_TIMESTAMP, CURRENT_TIMESTAMP, 'Escola Parque Aprimorar', '7db99ca8-59f6-5b7d-8e85-465b2f62cb38', 'Rua do Aprendizado', 'Pinheiros', 'Sao Paulo', 'SP', '01000003', 'Casa 3');
INSERT INTO tb_students (id, name, birthdate, cpf, contact, email, pix, role, active, created_at, updated_at, school, parent_id, street, district, city, state, zip, complement) VALUES ('41e8e58f-124a-5969-b16f-ac57993d7a00', 'Sofia Barros', '2014-01-17', '453.678.901-48', '11970000004', 'sofia.barros@example.com', '11970000004', 0, true, CURRENT_TIMESTAMP, CURRENT_TIMESTAMP, 'Colegio Sao Paulo', '7db99ca8-59f6-5b7d-8e85-465b2f62cb38', 'Rua das Palmeiras', 'Centro', 'Sao Paulo', 'SP', '01000004', 'Casa 4');
INSERT INTO tb_students (id, name, birthdate, cpf, contact, email, pix, role, active, created_at, updated_at, school, parent_id, street, district, city, state, zip, complement) VALUES ('de87ab23-c4f6-5cdb-88e4-c1e524f9f5b3', 'Arthur Andrade', '2010-11-05', '564.789.012-11', '11970000005', 'arthur.andrade@example.com', '11970000005', 0, true, CURRENT_TIMESTAMP, CURRENT_TIMESTAMP, 'Escola Monteiro Lobato', '576f4f56-3232-5af8-a610-caa7a5b6f9dc', 'Avenida Brasil', 'Vila Mariana', 'Sao Paulo', 'SP', '01000005', 'Casa 5');
INSERT INTO tb_students (id, name, birthdate, cpf, contact, email, pix, role, active, created_at, updated_at, school, parent_id, street, district, city, state, zip, complement) VALUES ('c53e06ad-04d7-57bb-812a-79c5c34c9d18', 'Laura Andrade', '2015-07-29', '675.890.123-86', '11970000006', 'laura.andrade@example.com', '11970000006', 0, true, CURRENT_TIMESTAMP, CURRENT_TIMESTAMP, 'Colegio Brasil', '576f4f56-3232-5af8-a610-caa7a5b6f9dc', 'Rua das Acacias', 'Jardim Paulista', 'Sao Paulo', 'SP', '01000006', 'Casa 6');
INSERT INTO tb_students (id, name, birthdate, cpf, contact, email, pix, role, active, created_at, updated_at, school, parent_id, street, district, city, state, zip, complement) VALUES ('b5d573a7-6c49-5397-a1ee-e6dfd6530c74', 'Heitor Nogueira', '2007-12-14', '786.901.234-31', '11970000007', 'heitor.nogueira@example.com', '11970000007', 0, true, CURRENT_TIMESTAMP, CURRENT_TIMESTAMP, 'Escola Parque Aprimorar', '6d155c39-17d9-58b8-bb6e-b5430a1d7218', 'Rua do Aprendizado', 'Pinheiros', 'Sao Paulo', 'SP', '01000007', 'Casa 7');
INSERT INTO tb_students (id, name, birthdate, cpf, contact, email, pix, role, active, created_at, updated_at, school, parent_id, street, district, city, state, zip, complement) VALUES ('adc3fc6b-4b03-5833-858b-82744c5303a8', 'Valentina Nogueira', '2013-03-08', '897.012.345-88', '11970000008', 'valentina.nogueira@example.com', '11970000008', 0, true, CURRENT_TIMESTAMP, CURRENT_TIMESTAMP, 'Colegio Sao Paulo', '6d155c39-17d9-58b8-bb6e-b5430a1d7218', 'Rua das Palmeiras', 'Centro', 'Sao Paulo', 'SP', '01000008', 'Casa 8');
INSERT INTO tb_students (id, name, birthdate, cpf, contact, email, pix, role, active, created_at, updated_at, school, parent_id, street, district, city, state, zip, complement) VALUES ('336b13d8-7bff-5903-9d63-29f73c1656d8', 'Bernardo Moraes', '2008-08-19', '908.123.456-06', '11970000009', 'bernardo.moraes@example.com', '11970000009', 0, true, CURRENT_TIMESTAMP, CURRENT_TIMESTAMP, 'Escola Monteiro Lobato', '14a6b158-5c23-5db7-a3c4-7f5cbd48e0b1', 'Avenida Brasil', 'Vila Mariana', 'Sao Paulo', 'SP', '01000009', 'Casa 9');
INSERT INTO tb_students (id, name, birthdate, cpf, contact, email, pix, role, active, created_at, updated_at, school, parent_id, street, district, city, state, zip, complement) VALUES ('ec1d488a-1c34-5a2b-96b4-9d01e02e0f68', 'Helena Moraes', '2016-02-25', '019.234.567-25', '11970000010', 'helena.moraes@example.com', '11970000010', 0, true, CURRENT_TIMESTAMP, CURRENT_TIMESTAMP, 'Colegio Brasil', '14a6b158-5c23-5db7-a3c4-7f5cbd48e0b1', 'Rua das Acacias', 'Jardim Paulista', 'Sao Paulo', 'SP', '01000010', 'Casa 10');
INSERT INTO tb_students (id, name, birthdate, cpf, contact, email, pix, role, active, created_at, updated_at, school, parent_id, street, district, city, state, zip, complement) VALUES ('912587f5-6a0d-5dd9-ba88-b26f08e03744', 'Davi Teixeira', '2009-10-10', '130.246.875-80', '11970000011', 'davi.teixeira@example.com', '11970000011', 0, true, CURRENT_TIMESTAMP, CURRENT_TIMESTAMP, 'Escola Parque Aprimorar', '8a4199a9-376b-5f04-854e-68aca4e4edf1', 'Rua do Aprendizado', 'Pinheiros', 'Sao Paulo', 'SP', '01000011', 'Casa 11');
INSERT INTO tb_students (id, name, birthdate, cpf, contact, email, pix, role, active, created_at, updated_at, school, parent_id, street, district, city, state, zip, complement) VALUES ('10ea8325-849a-543a-8505-8608e90d3e3c', 'Alice Teixeira', '2012-05-06', '241.357.986-91', '11970000012', 'alice.teixeira@example.com', '11970000012', 0, true, CURRENT_TIMESTAMP, CURRENT_TIMESTAMP, 'Colegio Sao Paulo', '8a4199a9-376b-5f04-854e-68aca4e4edf1', 'Rua das Palmeiras', 'Centro', 'Sao Paulo', 'SP', '01000012', 'Casa 12');
INSERT INTO tb_students (id, name, birthdate, cpf, contact, email, pix, role, active, created_at, updated_at, school, parent_id, street, district, city, state, zip, complement) VALUES ('aa995218-f836-561e-a0ec-cd66b0ae0cad', 'Lorenzo Batista', '2011-01-30', '352.468.097-65', '11970000013', 'lorenzo.batista@example.com', '11970000013', 0, true, CURRENT_TIMESTAMP, CURRENT_TIMESTAMP, 'Escola Monteiro Lobato', '9f0e9912-019d-5c87-985a-33e8e7418b01', 'Avenida Brasil', 'Vila Mariana', 'Sao Paulo', 'SP', '01000013', 'Casa 13');
INSERT INTO tb_students (id, name, birthdate, cpf, contact, email, pix, role, active, created_at, updated_at, school, parent_id, street, district, city, state, zip, complement) VALUES ('506a6c1a-2e14-5dc4-b829-5cef95229a8a', 'Manuela Batista', '2015-09-22', '463.579.108-48', '11970000014', 'manuela.batista@example.com', '11970000014', 0, true, CURRENT_TIMESTAMP, CURRENT_TIMESTAMP, 'Colegio Brasil', '9f0e9912-019d-5c87-985a-33e8e7418b01', 'Rua das Acacias', 'Jardim Paulista', 'Sao Paulo', 'SP', '01000014', 'Casa 14');
INSERT INTO tb_students (id, name, birthdate, cpf, contact, email, pix, role, active, created_at, updated_at, school, parent_id, street, district, city, state, zip, complement) VALUES ('e8a14b95-9897-59fe-9b5e-792e1a616118', 'Theo Cardoso', '2008-06-11', '574.680.219-02', '11970000015', 'theo.cardoso@example.com', '11970000015', 0, true, CURRENT_TIMESTAMP, CURRENT_TIMESTAMP, 'Escola Parque Aprimorar', '1dcf86ab-96df-5552-8a93-7b38857f8663', 'Rua do Aprendizado', 'Pinheiros', 'Sao Paulo', 'SP', '01000015', 'Casa 15');
INSERT INTO tb_students (id, name, birthdate, cpf, contact, email, pix, role, active, created_at, updated_at, school, parent_id, street, district, city, state, zip, complement) VALUES ('98765813-eb5c-5390-98b8-a3b39afed37b', 'Isabela Cardoso', '2014-12-02', '685.791.320-02', '11970000016', 'isabela.cardoso@example.com', '11970000016', 0, true, CURRENT_TIMESTAMP, CURRENT_TIMESTAMP, 'Colegio Sao Paulo', '1dcf86ab-96df-5552-8a93-7b38857f8663', 'Rua das Palmeiras', 'Centro', 'Sao Paulo', 'SP', '01000016', 'Casa 16');
INSERT INTO tb_students (id, name, birthdate, cpf, contact, email, pix, role, active, created_at, updated_at, school, parent_id, street, district, city, state, zip, complement) VALUES ('da2f211e-0411-5035-827e-3512cb48c2b2', 'Pedro Mendes', '2010-03-15', '796.802.431-50', '11970000017', 'pedro.mendes@example.com', '11970000017', 0, true, CURRENT_TIMESTAMP, CURRENT_TIMESTAMP, 'Escola Monteiro Lobato', '73f4cbbe-4f93-5478-98d1-cd8d7d8bca50', 'Avenida Brasil', 'Vila Mariana', 'Sao Paulo', 'SP', '01000017', 'Casa 17');
INSERT INTO tb_students (id, name, birthdate, cpf, contact, email, pix, role, active, created_at, updated_at, school, parent_id, street, district, city, state, zip, complement) VALUES ('7a61dbb9-1b37-57a7-bd96-e1b7d4b56de1', 'Luiza Gomes', '2013-11-09', '807.913.542-88', '11970000018', 'luiza.gomes@example.com', '11970000018', 0, true, CURRENT_TIMESTAMP, CURRENT_TIMESTAMP, 'Colegio Brasil', '171cc5c5-dbae-5a4b-bc98-262368639e74', 'Rua das Acacias', 'Jardim Paulista', 'Sao Paulo', 'SP', '01000018', 'Casa 18');
INSERT INTO tb_students (id, name, birthdate, cpf, contact, email, pix, role, active, created_at, updated_at, school, parent_id, street, district, city, state, zip, complement) VALUES ('5810d4b5-9854-5b79-ac5f-7aad8332853f', 'Gabriel Araujo', '2007-07-01', '918.024.653-24', '11970000019', 'gabriel.araujo@example.com', '11970000019', 0, true, CURRENT_TIMESTAMP, CURRENT_TIMESTAMP, 'Escola Parque Aprimorar', '535d4a73-291e-5307-9f3f-c366d892b691', 'Rua do Aprendizado', 'Pinheiros', 'Sao Paulo', 'SP', '01000019', 'Casa 19');
INSERT INTO tb_students (id, name, birthdate, cpf, contact, email, pix, role, active, created_at, updated_at, school, parent_id, street, district, city, state, zip, complement) VALUES ('2556ce0c-126f-5fcd-bc95-a56d0b608c2c', 'Maria Eduarda Ribeiro', '2011-04-27', '029.135.764-43', '11970000020', 'maria.eduarda.ribeiro@example.com', '11970000020', 0, true, CURRENT_TIMESTAMP, CURRENT_TIMESTAMP, 'Colegio Sao Paulo', '604ff524-9da8-5368-9a36-eec7d6d985fd', 'Rua das Palmeiras', 'Centro', 'Sao Paulo', 'SP', '01000020', 'Casa 20');
INSERT INTO tb_students (id, name, birthdate, cpf, contact, email, pix, role, active, created_at, updated_at, school, parent_id, street, district, city, state, zip, complement) VALUES ('d17eb824-3987-5856-9c5f-06015086d956', 'Samuel Correia', '2015-06-18', '140.257.986-11', '11970000021', 'samuel.correia@example.com', '11970000021', 0, true, CURRENT_TIMESTAMP, CURRENT_TIMESTAMP, 'Escola Monteiro Lobato', 'e047416a-375d-5331-9d2a-9a275b1163b2', 'Avenida Brasil', 'Vila Mariana', 'Sao Paulo', 'SP', '01000021', 'Casa 21');
INSERT INTO tb_students (id, name, birthdate, cpf, contact, email, pix, role, active, created_at, updated_at, school, parent_id, street, district, city, state, zip, complement) VALUES ('cc04c9b9-32b8-5573-8435-5793f8644481', 'Clara Duarte', '2009-02-04', '251.368.097-95', '11970000022', 'clara.duarte@example.com', '11970000022', 0, true, CURRENT_TIMESTAMP, CURRENT_TIMESTAMP, 'Colegio Brasil', '26f5da87-45c3-5c52-946b-7e061cd78f99', 'Rua das Acacias', 'Jardim Paulista', 'Sao Paulo', 'SP', '01000022', 'Casa 22');
INSERT INTO tb_students (id, name, birthdate, cpf, contact, email, pix, role, active, created_at, updated_at, school, parent_id, street, district, city, state, zip, complement) VALUES ('d7dfcfa0-9018-5251-b775-b9af09b4c3a3', 'Enzo Moreira', '2012-08-13', '362.479.108-78', '11970000023', 'enzo.moreira@example.com', '11970000023', 0, true, CURRENT_TIMESTAMP, CURRENT_TIMESTAMP, 'Escola Parque Aprimorar', '4789d7ca-56c5-5e64-8b0e-127b92bdcdb7', 'Rua do Aprendizado', 'Pinheiros', 'Sao Paulo', 'SP', '01000023', 'Casa 23');
INSERT INTO tb_students (id, name, birthdate, cpf, contact, email, pix, role, active, created_at, updated_at, school, parent_id, street, district, city, state, zip, complement) VALUES ('4e816456-e58c-5c2c-b45d-15cfecf86787', 'Yasmin Castro', '2016-10-31', '473.580.219-32', '11970000024', 'yasmin.castro@example.com', '11970000024', 0, true, CURRENT_TIMESTAMP, CURRENT_TIMESTAMP, 'Colegio Sao Paulo', '39983380-6008-572e-95bc-3d0d2c806337', 'Rua das Palmeiras', 'Centro', 'Sao Paulo', 'SP', '01000024', 'Casa 24');

-- Appointments
INSERT INTO tb_appointments (id, created_at, updated_at, title, description, start_date, end_date, payment, price, content, employee_payment_date, student_charge_date, student_id, student_name, employee_id, employee_name) VALUES
('f96a2007-6234-552b-9609-778b17d82fa3', CURRENT_TIMESTAMP, CURRENT_TIMESTAMP, 'AULA - Col: Lucas Almeida - Joao Pedro Ramos', 'Atendimento seed 001 para Joao Pedro Ramos', TIMESTAMP '2026-06-02 14:00:00', TIMESTAMP '2026-06-02 15:30:00', 60.00, 120.00, 'AULA', NULL, NULL, 'df351208-d6c8-5c8a-a2ce-19cea64ac3a8', 'Joao Pedro Ramos', '890322e5-6327-53c6-a9a7-726765d704d8', 'Lucas Almeida'),
('f53be9fd-0288-50b2-bdf4-aa2006020126', CURRENT_TIMESTAMP, CURRENT_TIMESTAMP, 'ENEM - Col: Lucas Almeida - Ana Clara Ramos', 'Atendimento seed 002 para Ana Clara Ramos', TIMESTAMP '2026-06-05 15:00:00', TIMESTAMP '2026-06-05 16:30:00', 65.00, 129.00, 'ENEM', NULL, NULL, '852b7c98-e262-51e7-88ab-84b93ea99f09', 'Ana Clara Ramos', '890322e5-6327-53c6-a9a7-726765d704d8', 'Lucas Almeida'),
('3d81871f-edc0-50df-815d-281d1935c25a', CURRENT_TIMESTAMP, CURRENT_TIMESTAMP, 'PAS - Col: Lucas Almeida - Miguel Barros', 'Atendimento seed 003 para Miguel Barros', TIMESTAMP '2026-06-08 16:00:00', TIMESTAMP '2026-06-08 17:30:00', 70.00, 138.00, 'PAS', NULL, NULL, 'f0af156a-fbe5-5b29-9acb-5fe22508eb62', 'Miguel Barros', '890322e5-6327-53c6-a9a7-726765d704d8', 'Lucas Almeida'),
('e8645d35-08d8-5923-b1be-02a5225dcfb8', CURRENT_TIMESTAMP, CURRENT_TIMESTAMP, 'MENTORIA - Col: Lucas Almeida - Sofia Barros', 'Atendimento seed 004 para Sofia Barros', TIMESTAMP '2026-06-11 17:00:00', TIMESTAMP '2026-06-11 18:30:00', 75.00, 147.00, 'MENTORIA', NULL, NULL, '41e8e58f-124a-5969-b16f-ac57993d7a00', 'Sofia Barros', '890322e5-6327-53c6-a9a7-726765d704d8', 'Lucas Almeida'),
('5cc4b3d0-f8e1-5adc-b9f5-fd17160718e5', CURRENT_TIMESTAMP, CURRENT_TIMESTAMP, 'ORIENTACAO_VOCACIONAL - Col: Mariana Costa - Arthur Andrade', 'Atendimento seed 005 para Arthur Andrade', TIMESTAMP '2026-06-14 14:00:00', TIMESTAMP '2026-06-14 15:30:00', 80.00, 156.00, 'ORIENTACAO_VOCACIONAL', NULL, NULL, 'de87ab23-c4f6-5cdb-88e4-c1e524f9f5b3', 'Arthur Andrade', '9e79c84d-d10a-59ca-8196-3963139e8096', 'Mariana Costa'),
('a923acbc-4ba0-5d44-86da-c86eb4e8bef4', CURRENT_TIMESTAMP, CURRENT_TIMESTAMP, 'AULA - Col: Mariana Costa - Laura Andrade', 'Atendimento seed 006 para Laura Andrade', TIMESTAMP '2026-06-17 15:00:00', TIMESTAMP '2026-06-17 16:30:00', 85.00, 165.00, 'AULA', NULL, NULL, 'c53e06ad-04d7-57bb-812a-79c5c34c9d18', 'Laura Andrade', '9e79c84d-d10a-59ca-8196-3963139e8096', 'Mariana Costa'),
('2a2de193-fdee-51ac-921e-4828c0a29b2f', CURRENT_TIMESTAMP, CURRENT_TIMESTAMP, 'ENEM - Col: Mariana Costa - Heitor Nogueira', 'Atendimento seed 007 para Heitor Nogueira', TIMESTAMP '2026-06-20 16:00:00', TIMESTAMP '2026-06-20 17:30:00', 90.00, 174.00, 'ENEM', NULL, NULL, 'b5d573a7-6c49-5397-a1ee-e6dfd6530c74', 'Heitor Nogueira', '9e79c84d-d10a-59ca-8196-3963139e8096', 'Mariana Costa'),
('26707091-fcbc-5e81-ab4d-2bfcdc700c51', CURRENT_TIMESTAMP, CURRENT_TIMESTAMP, 'PAS - Col: Mariana Costa - Valentina Nogueira', 'Atendimento seed 008 para Valentina Nogueira', TIMESTAMP '2026-06-23 17:00:00', TIMESTAMP '2026-06-23 18:30:00', 95.00, 183.00, 'PAS', NULL, NULL, 'adc3fc6b-4b03-5833-858b-82744c5303a8', 'Valentina Nogueira', '9e79c84d-d10a-59ca-8196-3963139e8096', 'Mariana Costa'),
('961a67c0-cc52-5535-8ff6-1fb19a794a9e', CURRENT_TIMESTAMP, CURRENT_TIMESTAMP, 'MENTORIA - Col: Rafael Oliveira - Bernardo Moraes', 'Atendimento seed 009 para Bernardo Moraes', TIMESTAMP '2026-06-26 14:00:00', TIMESTAMP '2026-06-26 15:30:00', 64.00, 192.00, 'MENTORIA', NULL, NULL, '336b13d8-7bff-5903-9d63-29f73c1656d8', 'Bernardo Moraes', '8a26e04f-23f6-5710-8705-2b62563b222d', 'Rafael Oliveira'),
('eed10e17-7030-53d7-a56c-bdfe3570ec1e', CURRENT_TIMESTAMP, CURRENT_TIMESTAMP, 'ORIENTACAO_VOCACIONAL - Col: Rafael Oliveira - Helena Moraes', 'Atendimento seed 010 para Helena Moraes', TIMESTAMP '2026-06-29 15:00:00', TIMESTAMP '2026-06-29 16:30:00', 69.00, 120.00, 'ORIENTACAO_VOCACIONAL', NULL, NULL, 'ec1d488a-1c34-5a2b-96b4-9d01e02e0f68', 'Helena Moraes', '8a26e04f-23f6-5710-8705-2b62563b222d', 'Rafael Oliveira'),
('3e706388-a85c-555f-a38f-5c68810ccc50', CURRENT_TIMESTAMP, CURRENT_TIMESTAMP, 'AULA - Col: Rafael Oliveira - Davi Teixeira', 'Atendimento seed 011 para Davi Teixeira', TIMESTAMP '2026-07-02 16:00:00', TIMESTAMP '2026-07-02 17:30:00', 74.00, 129.00, 'AULA', NULL, NULL, '912587f5-6a0d-5dd9-ba88-b26f08e03744', 'Davi Teixeira', '8a26e04f-23f6-5710-8705-2b62563b222d', 'Rafael Oliveira'),
('6726f7e0-f7b3-564b-9d6d-b14324b6c280', CURRENT_TIMESTAMP, CURRENT_TIMESTAMP, 'ENEM - Col: Rafael Oliveira - Alice Teixeira', 'Atendimento seed 012 para Alice Teixeira', TIMESTAMP '2026-07-05 17:00:00', TIMESTAMP '2026-07-05 18:30:00', 79.00, 138.00, 'ENEM', NULL, NULL, '10ea8325-849a-543a-8505-8608e90d3e3c', 'Alice Teixeira', '8a26e04f-23f6-5710-8705-2b62563b222d', 'Rafael Oliveira'),
('dcd5a10a-92d7-5b46-b251-1a007cf3339e', CURRENT_TIMESTAMP, CURRENT_TIMESTAMP, 'PAS - Col: Camila Santos - Lorenzo Batista', 'Atendimento seed 013 para Lorenzo Batista', TIMESTAMP '2026-07-08 14:00:00', TIMESTAMP '2026-07-08 15:30:00', 84.00, 147.00, 'PAS', NULL, NULL, 'aa995218-f836-561e-a0ec-cd66b0ae0cad', 'Lorenzo Batista', 'bdb8a03c-d48a-535f-9bb5-d557ecbefdf4', 'Camila Santos'),
('0ef546a6-f5aa-5dc1-9144-61ce3652ae5a', CURRENT_TIMESTAMP, CURRENT_TIMESTAMP, 'MENTORIA - Col: Camila Santos - Manuela Batista', 'Atendimento seed 014 para Manuela Batista', TIMESTAMP '2026-07-11 15:00:00', TIMESTAMP '2026-07-11 16:30:00', 89.00, 156.00, 'MENTORIA', NULL, NULL, '506a6c1a-2e14-5dc4-b829-5cef95229a8a', 'Manuela Batista', 'bdb8a03c-d48a-535f-9bb5-d557ecbefdf4', 'Camila Santos'),
('520e0278-1e98-54c5-a7e2-1e4db75820ab', CURRENT_TIMESTAMP, CURRENT_TIMESTAMP, 'ORIENTACAO_VOCACIONAL - Col: Camila Santos - Theo Cardoso', 'Atendimento seed 015 para Theo Cardoso', TIMESTAMP '2026-07-14 16:00:00', TIMESTAMP '2026-07-14 17:30:00', 94.00, 165.00, 'ORIENTACAO_VOCACIONAL', NULL, NULL, 'e8a14b95-9897-59fe-9b5e-792e1a616118', 'Theo Cardoso', 'bdb8a03c-d48a-535f-9bb5-d557ecbefdf4', 'Camila Santos'),
('e5d195be-269d-56df-828a-2db0b1c6ac10', CURRENT_TIMESTAMP, CURRENT_TIMESTAMP, 'AULA - Col: Camila Santos - Isabela Cardoso', 'Atendimento seed 016 para Isabela Cardoso', TIMESTAMP '2026-07-17 17:00:00', TIMESTAMP '2026-07-17 18:30:00', 63.00, 174.00, 'AULA', NULL, NULL, '98765813-eb5c-5390-98b8-a3b39afed37b', 'Isabela Cardoso', 'bdb8a03c-d48a-535f-9bb5-d557ecbefdf4', 'Camila Santos'),
('f9ffff26-b2f7-5a66-8741-f8486a47d1d1', CURRENT_TIMESTAMP, CURRENT_TIMESTAMP, 'ENEM - Col: Pedro Henrique Silva - Pedro Mendes', 'Atendimento seed 017 para Pedro Mendes', TIMESTAMP '2026-07-20 14:00:00', TIMESTAMP '2026-07-20 15:30:00', 68.00, 183.00, 'ENEM', NULL, NULL, 'da2f211e-0411-5035-827e-3512cb48c2b2', 'Pedro Mendes', '35a26f86-91cb-58d6-bd36-20bd9a467eec', 'Pedro Henrique Silva'),
('0eb3ed89-d328-5775-be52-b73b17428349', CURRENT_TIMESTAMP, CURRENT_TIMESTAMP, 'PAS - Col: Pedro Henrique Silva - Luiza Gomes', 'Atendimento seed 018 para Luiza Gomes', TIMESTAMP '2026-07-23 15:00:00', TIMESTAMP '2026-07-23 16:30:00', 73.00, 192.00, 'PAS', NULL, NULL, '7a61dbb9-1b37-57a7-bd96-e1b7d4b56de1', 'Luiza Gomes', '35a26f86-91cb-58d6-bd36-20bd9a467eec', 'Pedro Henrique Silva'),
('16306d68-be2c-50e2-820a-4858909cc9ba', CURRENT_TIMESTAMP, CURRENT_TIMESTAMP, 'MENTORIA - Col: Pedro Henrique Silva - Gabriel Araujo', 'Atendimento seed 019 para Gabriel Araujo', TIMESTAMP '2026-07-26 16:00:00', TIMESTAMP '2026-07-26 17:30:00', 78.00, 120.00, 'MENTORIA', NULL, NULL, '5810d4b5-9854-5b79-ac5f-7aad8332853f', 'Gabriel Araujo', '35a26f86-91cb-58d6-bd36-20bd9a467eec', 'Pedro Henrique Silva'),
('545a8c18-56ff-53b3-b3b3-b0362ad922aa', CURRENT_TIMESTAMP, CURRENT_TIMESTAMP, 'ORIENTACAO_VOCACIONAL - Col: Pedro Henrique Silva - Maria Eduarda Ribeiro', 'Atendimento seed 020 para Maria Eduarda Ribeiro', TIMESTAMP '2026-07-29 17:00:00', TIMESTAMP '2026-07-29 18:30:00', 83.00, 129.00, 'ORIENTACAO_VOCACIONAL', NULL, NULL, '2556ce0c-126f-5fcd-bc95-a56d0b608c2c', 'Maria Eduarda Ribeiro', '35a26f86-91cb-58d6-bd36-20bd9a467eec', 'Pedro Henrique Silva'),
('91887332-5989-5160-861e-1196a8d5f907', CURRENT_TIMESTAMP, CURRENT_TIMESTAMP, 'AULA - Col: Beatriz Rocha - Samuel Correia', 'Atendimento seed 021 para Samuel Correia', TIMESTAMP '2026-08-01 14:00:00', TIMESTAMP '2026-08-01 15:30:00', 88.00, 138.00, 'AULA', NULL, NULL, 'd17eb824-3987-5856-9c5f-06015086d956', 'Samuel Correia', '2e494257-1161-5add-9091-4891a3dccec3', 'Beatriz Rocha'),
('1678e22c-7e84-572b-b0f5-45a95284ada4', CURRENT_TIMESTAMP, CURRENT_TIMESTAMP, 'ENEM - Col: Beatriz Rocha - Clara Duarte', 'Atendimento seed 022 para Clara Duarte', TIMESTAMP '2026-08-04 15:00:00', TIMESTAMP '2026-08-04 16:30:00', 93.00, 147.00, 'ENEM', NULL, NULL, 'cc04c9b9-32b8-5573-8435-5793f8644481', 'Clara Duarte', '2e494257-1161-5add-9091-4891a3dccec3', 'Beatriz Rocha'),
('f35e3971-1237-57cc-99d4-f073fa8f89b9', CURRENT_TIMESTAMP, CURRENT_TIMESTAMP, 'PAS - Col: Beatriz Rocha - Enzo Moreira', 'Atendimento seed 023 para Enzo Moreira', TIMESTAMP '2026-08-07 16:00:00', TIMESTAMP '2026-08-07 17:30:00', 62.00, 156.00, 'PAS', NULL, NULL, 'd7dfcfa0-9018-5251-b775-b9af09b4c3a3', 'Enzo Moreira', '2e494257-1161-5add-9091-4891a3dccec3', 'Beatriz Rocha'),
('e4027d80-f912-5781-a901-924449fdb873', CURRENT_TIMESTAMP, CURRENT_TIMESTAMP, 'MENTORIA - Col: Beatriz Rocha - Yasmin Castro', 'Atendimento seed 024 para Yasmin Castro', TIMESTAMP '2026-08-10 17:00:00', TIMESTAMP '2026-08-10 18:30:00', 67.00, 165.00, 'MENTORIA', NULL, NULL, '4e816456-e58c-5c2c-b45d-15cfecf86787', 'Yasmin Castro', '2e494257-1161-5add-9091-4891a3dccec3', 'Beatriz Rocha'),
('e9449fae-2353-556c-a2df-28c3f4c3d885', CURRENT_TIMESTAMP, CURRENT_TIMESTAMP, 'ORIENTACAO_VOCACIONAL - Col: Gabriel Martins - Joao Pedro Ramos', 'Atendimento seed 025 para Joao Pedro Ramos', TIMESTAMP '2026-08-13 14:00:00', TIMESTAMP '2026-08-13 15:30:00', 72.00, 174.00, 'ORIENTACAO_VOCACIONAL', NULL, NULL, 'df351208-d6c8-5c8a-a2ce-19cea64ac3a8', 'Joao Pedro Ramos', 'd73df42d-244f-58e1-b55f-2c3dff8f7860', 'Gabriel Martins'),
('29e56cdd-a54b-5e53-b275-fecca9fba6ca', CURRENT_TIMESTAMP, CURRENT_TIMESTAMP, 'AULA - Col: Gabriel Martins - Ana Clara Ramos', 'Atendimento seed 026 para Ana Clara Ramos', TIMESTAMP '2026-08-16 15:00:00', TIMESTAMP '2026-08-16 16:30:00', 77.00, 183.00, 'AULA', NULL, NULL, '852b7c98-e262-51e7-88ab-84b93ea99f09', 'Ana Clara Ramos', 'd73df42d-244f-58e1-b55f-2c3dff8f7860', 'Gabriel Martins'),
('c0ee2143-776b-50d2-a8de-442d4d1fcc9f', CURRENT_TIMESTAMP, CURRENT_TIMESTAMP, 'ENEM - Col: Gabriel Martins - Miguel Barros', 'Atendimento seed 027 para Miguel Barros', TIMESTAMP '2026-08-19 16:00:00', TIMESTAMP '2026-08-19 17:30:00', 82.00, 192.00, 'ENEM', NULL, NULL, 'f0af156a-fbe5-5b29-9acb-5fe22508eb62', 'Miguel Barros', 'd73df42d-244f-58e1-b55f-2c3dff8f7860', 'Gabriel Martins'),
('bad81887-7afa-5584-b3d1-caa6b22bb888', CURRENT_TIMESTAMP, CURRENT_TIMESTAMP, 'PAS - Col: Gabriel Martins - Sofia Barros', 'Atendimento seed 028 para Sofia Barros', TIMESTAMP '2026-08-22 17:00:00', TIMESTAMP '2026-08-22 18:30:00', 87.00, 120.00, 'PAS', NULL, NULL, '41e8e58f-124a-5969-b16f-ac57993d7a00', 'Sofia Barros', 'd73df42d-244f-58e1-b55f-2c3dff8f7860', 'Gabriel Martins'),
('428742b1-1578-5ed8-aea6-a8eb86cf191d', CURRENT_TIMESTAMP, CURRENT_TIMESTAMP, 'MENTORIA - Col: Larissa Ferreira - Arthur Andrade', 'Atendimento seed 029 para Arthur Andrade', TIMESTAMP '2026-08-25 14:00:00', TIMESTAMP '2026-08-25 15:30:00', 92.00, 129.00, 'MENTORIA', NULL, NULL, 'de87ab23-c4f6-5cdb-88e4-c1e524f9f5b3', 'Arthur Andrade', 'cb6eac0d-dfb5-5ccc-9a0c-8770a1557476', 'Larissa Ferreira'),
('936ce1aa-debf-525d-823a-e8042cdf4133', CURRENT_TIMESTAMP, CURRENT_TIMESTAMP, 'ORIENTACAO_VOCACIONAL - Col: Larissa Ferreira - Laura Andrade', 'Atendimento seed 030 para Laura Andrade', TIMESTAMP '2026-08-28 15:00:00', TIMESTAMP '2026-08-28 16:30:00', 61.00, 138.00, 'ORIENTACAO_VOCACIONAL', NULL, NULL, 'c53e06ad-04d7-57bb-812a-79c5c34c9d18', 'Laura Andrade', 'cb6eac0d-dfb5-5ccc-9a0c-8770a1557476', 'Larissa Ferreira'),
('f520131e-9360-5c8a-9b26-7d9196205f8b', CURRENT_TIMESTAMP, CURRENT_TIMESTAMP, 'AULA - Col: Larissa Ferreira - Heitor Nogueira', 'Atendimento seed 031 para Heitor Nogueira', TIMESTAMP '2026-08-31 16:00:00', TIMESTAMP '2026-08-31 17:30:00', 66.00, 147.00, 'AULA', NULL, NULL, 'b5d573a7-6c49-5397-a1ee-e6dfd6530c74', 'Heitor Nogueira', 'cb6eac0d-dfb5-5ccc-9a0c-8770a1557476', 'Larissa Ferreira'),
('3a7ba7ed-5a0c-5498-9f21-6e8d66350564', CURRENT_TIMESTAMP, CURRENT_TIMESTAMP, 'ENEM - Col: Larissa Ferreira - Valentina Nogueira', 'Atendimento seed 032 para Valentina Nogueira', TIMESTAMP '2026-09-03 17:00:00', TIMESTAMP '2026-09-03 18:30:00', 71.00, 156.00, 'ENEM', NULL, NULL, 'adc3fc6b-4b03-5833-858b-82744c5303a8', 'Valentina Nogueira', 'cb6eac0d-dfb5-5ccc-9a0c-8770a1557476', 'Larissa Ferreira'),
('903e4de2-c2df-550b-9f94-ef30bdef0c5f', CURRENT_TIMESTAMP, CURRENT_TIMESTAMP, 'PAS - Col: Fernanda Lima - Bernardo Moraes', 'Atendimento seed 033 para Bernardo Moraes', TIMESTAMP '2026-09-06 14:00:00', TIMESTAMP '2026-09-06 15:30:00', 76.00, 165.00, 'PAS', NULL, NULL, '336b13d8-7bff-5903-9d63-29f73c1656d8', 'Bernardo Moraes', '67a4ab33-5f16-5425-a512-4c95abeebac9', 'Fernanda Lima'),
('b418b8d6-19b6-56fc-95af-f1f6bb4654eb', CURRENT_TIMESTAMP, CURRENT_TIMESTAMP, 'MENTORIA - Col: Fernanda Lima - Helena Moraes', 'Atendimento seed 034 para Helena Moraes', TIMESTAMP '2026-09-09 15:00:00', TIMESTAMP '2026-09-09 16:30:00', 81.00, 174.00, 'MENTORIA', NULL, NULL, 'ec1d488a-1c34-5a2b-96b4-9d01e02e0f68', 'Helena Moraes', '67a4ab33-5f16-5425-a512-4c95abeebac9', 'Fernanda Lima'),
('ca39d4df-d12e-51e8-8b65-b377d575e9a0', CURRENT_TIMESTAMP, CURRENT_TIMESTAMP, 'ORIENTACAO_VOCACIONAL - Col: Fernanda Lima - Davi Teixeira', 'Atendimento seed 035 para Davi Teixeira', TIMESTAMP '2026-09-12 16:00:00', TIMESTAMP '2026-09-12 17:30:00', 86.00, 183.00, 'ORIENTACAO_VOCACIONAL', NULL, NULL, '912587f5-6a0d-5dd9-ba88-b26f08e03744', 'Davi Teixeira', '67a4ab33-5f16-5425-a512-4c95abeebac9', 'Fernanda Lima'),
('163937ec-e1dd-5f91-b160-d0415095cf40', CURRENT_TIMESTAMP, CURRENT_TIMESTAMP, 'AULA - Col: Fernanda Lima - Alice Teixeira', 'Atendimento seed 036 para Alice Teixeira', TIMESTAMP '2026-09-15 17:00:00', TIMESTAMP '2026-09-15 18:30:00', 91.00, 192.00, 'AULA', NULL, NULL, '10ea8325-849a-543a-8505-8608e90d3e3c', 'Alice Teixeira', '67a4ab33-5f16-5425-a512-4c95abeebac9', 'Fernanda Lima'),
('71dd230d-16b6-5e32-8651-963443652894', CURRENT_TIMESTAMP, CURRENT_TIMESTAMP, 'ENEM - Col: Fernanda Lima - Lorenzo Batista', 'Atendimento seed 037 para Lorenzo Batista', TIMESTAMP '2026-09-18 14:00:00', TIMESTAMP '2026-09-18 15:30:00', 60.00, 120.00, 'ENEM', NULL, NULL, 'aa995218-f836-561e-a0ec-cd66b0ae0cad', 'Lorenzo Batista', '67a4ab33-5f16-5425-a512-4c95abeebac9', 'Fernanda Lima'),
('bc0a3e6e-43f3-5295-ae87-c57bcfb400b3', CURRENT_TIMESTAMP, CURRENT_TIMESTAMP, 'PAS - Col: Bruno Carvalho - Manuela Batista', 'Atendimento seed 038 para Manuela Batista', TIMESTAMP '2026-09-21 15:00:00', TIMESTAMP '2026-09-21 16:30:00', 65.00, 129.00, 'PAS', NULL, NULL, '506a6c1a-2e14-5dc4-b829-5cef95229a8a', 'Manuela Batista', '82562c6d-0ef7-526e-b8e3-c6bf1bad81e0', 'Bruno Carvalho'),
('474da62d-cd70-5ee0-92ca-df840aa7cf4f', CURRENT_TIMESTAMP, CURRENT_TIMESTAMP, 'MENTORIA - Col: Bruno Carvalho - Theo Cardoso', 'Atendimento seed 039 para Theo Cardoso', TIMESTAMP '2026-09-24 16:00:00', TIMESTAMP '2026-09-24 17:30:00', 70.00, 138.00, 'MENTORIA', NULL, NULL, 'e8a14b95-9897-59fe-9b5e-792e1a616118', 'Theo Cardoso', '82562c6d-0ef7-526e-b8e3-c6bf1bad81e0', 'Bruno Carvalho'),
('c93dd4d6-0b37-577d-8297-8fb07ec93315', CURRENT_TIMESTAMP, CURRENT_TIMESTAMP, 'ORIENTACAO_VOCACIONAL - Col: Bruno Carvalho - Isabela Cardoso', 'Atendimento seed 040 para Isabela Cardoso', TIMESTAMP '2026-09-27 17:00:00', TIMESTAMP '2026-09-27 18:30:00', 75.00, 147.00, 'ORIENTACAO_VOCACIONAL', NULL, NULL, '98765813-eb5c-5390-98b8-a3b39afed37b', 'Isabela Cardoso', '82562c6d-0ef7-526e-b8e3-c6bf1bad81e0', 'Bruno Carvalho'),
('2e3bd02f-94ed-569c-938d-41cb5afd9ab8', CURRENT_TIMESTAMP, CURRENT_TIMESTAMP, 'AULA - Col: Bruno Carvalho - Pedro Mendes', 'Atendimento seed 041 para Pedro Mendes', TIMESTAMP '2026-09-30 14:00:00', TIMESTAMP '2026-09-30 15:30:00', 80.00, 156.00, 'AULA', NULL, NULL, 'da2f211e-0411-5035-827e-3512cb48c2b2', 'Pedro Mendes', '82562c6d-0ef7-526e-b8e3-c6bf1bad81e0', 'Bruno Carvalho'),
('8729cd72-59f2-5861-b53e-aa6ce6283442', CURRENT_TIMESTAMP, CURRENT_TIMESTAMP, 'ENEM - Col: Bruno Carvalho - Luiza Gomes', 'Atendimento seed 042 para Luiza Gomes', TIMESTAMP '2026-10-03 15:00:00', TIMESTAMP '2026-10-03 16:30:00', 85.00, 165.00, 'ENEM', NULL, NULL, '7a61dbb9-1b37-57a7-bd96-e1b7d4b56de1', 'Luiza Gomes', '82562c6d-0ef7-526e-b8e3-c6bf1bad81e0', 'Bruno Carvalho'),
('c6a8cbd7-b4af-56f6-8982-b5d00855c956', CURRENT_TIMESTAMP, CURRENT_TIMESTAMP, 'PAS - Col: Aline Souza - Gabriel Araujo', 'Atendimento seed 043 para Gabriel Araujo', TIMESTAMP '2026-10-06 16:00:00', TIMESTAMP '2026-10-06 17:30:00', 90.00, 174.00, 'PAS', NULL, NULL, '5810d4b5-9854-5b79-ac5f-7aad8332853f', 'Gabriel Araujo', '46b8b924-f738-5a05-930c-1be3b563773e', 'Aline Souza'),
('6becf867-d616-520a-aed7-e38fcf2273fb', CURRENT_TIMESTAMP, CURRENT_TIMESTAMP, 'MENTORIA - Col: Aline Souza - Maria Eduarda Ribeiro', 'Atendimento seed 044 para Maria Eduarda Ribeiro', TIMESTAMP '2026-10-09 17:00:00', TIMESTAMP '2026-10-09 18:30:00', 95.00, 183.00, 'MENTORIA', NULL, NULL, '2556ce0c-126f-5fcd-bc95-a56d0b608c2c', 'Maria Eduarda Ribeiro', '46b8b924-f738-5a05-930c-1be3b563773e', 'Aline Souza'),
('54fc7a7d-0f11-509f-bfc6-6f01f2b1a0da', CURRENT_TIMESTAMP, CURRENT_TIMESTAMP, 'ORIENTACAO_VOCACIONAL - Col: Aline Souza - Samuel Correia', 'Atendimento seed 045 para Samuel Correia', TIMESTAMP '2026-10-12 14:00:00', TIMESTAMP '2026-10-12 15:30:00', 64.00, 192.00, 'ORIENTACAO_VOCACIONAL', NULL, NULL, 'd17eb824-3987-5856-9c5f-06015086d956', 'Samuel Correia', '46b8b924-f738-5a05-930c-1be3b563773e', 'Aline Souza'),
('1482b155-967c-5e9c-965a-1a6441a54d04', CURRENT_TIMESTAMP, CURRENT_TIMESTAMP, 'AULA - Col: Aline Souza - Clara Duarte', 'Atendimento seed 046 para Clara Duarte', TIMESTAMP '2026-10-15 15:00:00', TIMESTAMP '2026-10-15 16:30:00', 69.00, 120.00, 'AULA', NULL, NULL, 'cc04c9b9-32b8-5573-8435-5793f8644481', 'Clara Duarte', '46b8b924-f738-5a05-930c-1be3b563773e', 'Aline Souza'),
('311cc90e-3ea6-58e3-af60-6b7ea7e8e656', CURRENT_TIMESTAMP, CURRENT_TIMESTAMP, 'ENEM - Col: Aline Souza - Enzo Moreira', 'Atendimento seed 047 para Enzo Moreira', TIMESTAMP '2026-10-18 16:00:00', TIMESTAMP '2026-10-18 17:30:00', 74.00, 129.00, 'ENEM', NULL, NULL, 'd7dfcfa0-9018-5251-b775-b9af09b4c3a3', 'Enzo Moreira', '46b8b924-f738-5a05-930c-1be3b563773e', 'Aline Souza'),
('63c3dfa2-cf01-4626-8967-f7ae2d1d1f1f', CURRENT_TIMESTAMP, CURRENT_TIMESTAMP, 'AULA - Col: Lucas Almeida - Joao Pedro Ramos', 'Atendimento seed 048 para Joao Pedro Ramos', TIMESTAMP '2026-10-21 14:00:00', TIMESTAMP '2026-10-21 15:30:00', 60.00, 120.00, 'AULA', NULL, NULL, 'df351208-d6c8-5c8a-a2ce-19cea64ac3a8', 'Joao Pedro Ramos', '890322e5-6327-53c6-a9a7-726765d704d8', 'Lucas Almeida'),
('6602944e-7a90-4c57-8a63-66953817351a', CURRENT_TIMESTAMP, CURRENT_TIMESTAMP, 'ENEM - Col: Camila Santos - Ana Clara Ramos', 'Atendimento seed 049 para Ana Clara Ramos', TIMESTAMP '2026-10-22 15:00:00', TIMESTAMP '2026-10-22 16:30:00', 65.00, 129.00, 'ENEM', NULL, NULL, '852b7c98-e262-51e7-88ab-84b93ea99f09', 'Ana Clara Ramos', 'bdb8a03c-d48a-535f-9bb5-d557ecbefdf4', 'Camila Santos'),
('c67b2e1b-c706-4ae8-b9ee-5cbd670e694e', CURRENT_TIMESTAMP, CURRENT_TIMESTAMP, 'PAS - Col: Gabriel Martins - Miguel Barros', 'Atendimento seed 050 para Miguel Barros', TIMESTAMP '2026-10-23 16:00:00', TIMESTAMP '2026-10-23 17:30:00', 70.00, 138.00, 'PAS', NULL, NULL, 'f0af156a-fbe5-5b29-9acb-5fe22508eb62', 'Miguel Barros', 'd73df42d-244f-58e1-b55f-2c3dff8f7860', 'Gabriel Martins'),
('ea57d4e7-8e25-4930-b481-fe1f673ea5db', CURRENT_TIMESTAMP, CURRENT_TIMESTAMP, 'MENTORIA - Col: Bruno Carvalho - Sofia Barros', 'Atendimento seed 051 para Sofia Barros', TIMESTAMP '2026-10-24 17:00:00', TIMESTAMP '2026-10-24 18:30:00', 75.00, 147.00, 'MENTORIA', NULL, NULL, '41e8e58f-124a-5969-b16f-ac57993d7a00', 'Sofia Barros', '82562c6d-0ef7-526e-b8e3-c6bf1bad81e0', 'Bruno Carvalho'),
('9f33c8b3-5c72-4fa2-a831-405dd2a065fc', CURRENT_TIMESTAMP, CURRENT_TIMESTAMP, 'ORIENTACAO_VOCACIONAL - Col: Lucas Almeida - Arthur Andrade', 'Atendimento seed 052 para Arthur Andrade', TIMESTAMP '2026-10-25 14:00:00', TIMESTAMP '2026-10-25 15:30:00', 80.00, 156.00, 'ORIENTACAO_VOCACIONAL', NULL, NULL, 'de87ab23-c4f6-5cdb-88e4-c1e524f9f5b3', 'Arthur Andrade', '890322e5-6327-53c6-a9a7-726765d704d8', 'Lucas Almeida'),
('710e63a4-1490-4ea1-a3a6-414b9a016389', CURRENT_TIMESTAMP, CURRENT_TIMESTAMP, 'AULA - Col: Camila Santos - Laura Andrade', 'Atendimento seed 053 para Laura Andrade', TIMESTAMP '2026-10-26 15:00:00', TIMESTAMP '2026-10-26 16:30:00', 85.00, 165.00, 'AULA', NULL, NULL, 'c53e06ad-04d7-57bb-812a-79c5c34c9d18', 'Laura Andrade', 'bdb8a03c-d48a-535f-9bb5-d557ecbefdf4', 'Camila Santos'),
('4db23088-2d12-4805-a7bd-0e11c5fc7e4f', CURRENT_TIMESTAMP, CURRENT_TIMESTAMP, 'ENEM - Col: Gabriel Martins - Heitor Nogueira', 'Atendimento seed 054 para Heitor Nogueira', TIMESTAMP '2026-10-27 16:00:00', TIMESTAMP '2026-10-27 17:30:00', 90.00, 174.00, 'ENEM', NULL, NULL, 'b5d573a7-6c49-5397-a1ee-e6dfd6530c74', 'Heitor Nogueira', 'd73df42d-244f-58e1-b55f-2c3dff8f7860', 'Gabriel Martins'),
('dcab484f-4120-47b3-b3ed-af6cc4e85079', CURRENT_TIMESTAMP, CURRENT_TIMESTAMP, 'PAS - Col: Bruno Carvalho - Valentina Nogueira', 'Atendimento seed 055 para Valentina Nogueira', TIMESTAMP '2026-10-28 17:00:00', TIMESTAMP '2026-10-28 18:30:00', 95.00, 183.00, 'PAS', NULL, NULL, 'adc3fc6b-4b03-5833-858b-82744c5303a8', 'Valentina Nogueira', '82562c6d-0ef7-526e-b8e3-c6bf1bad81e0', 'Bruno Carvalho'),
('cafcec70-7bb1-457a-8826-fe5dce852527', CURRENT_TIMESTAMP, CURRENT_TIMESTAMP, 'MENTORIA - Col: Lucas Almeida - Bernardo Moraes', 'Atendimento seed 056 para Bernardo Moraes', TIMESTAMP '2026-10-29 14:00:00', TIMESTAMP '2026-10-29 15:30:00', 64.00, 192.00, 'MENTORIA', NULL, NULL, '336b13d8-7bff-5903-9d63-29f73c1656d8', 'Bernardo Moraes', '890322e5-6327-53c6-a9a7-726765d704d8', 'Lucas Almeida'),
('20383b87-836d-4c27-af4d-ca145c4a2d42', CURRENT_TIMESTAMP, CURRENT_TIMESTAMP, 'ORIENTACAO_VOCACIONAL - Col: Camila Santos - Helena Moraes', 'Atendimento seed 057 para Helena Moraes', TIMESTAMP '2026-10-30 15:00:00', TIMESTAMP '2026-10-30 16:30:00', 69.00, 120.00, 'ORIENTACAO_VOCACIONAL', NULL, NULL, 'ec1d488a-1c34-5a2b-96b4-9d01e02e0f68', 'Helena Moraes', 'bdb8a03c-d48a-535f-9bb5-d557ecbefdf4', 'Camila Santos'),
('3e8f2ef1-e0d2-404d-a46e-5784c55952c2', CURRENT_TIMESTAMP, CURRENT_TIMESTAMP, 'AULA - Col: Gabriel Martins - Davi Teixeira', 'Atendimento seed 058 para Davi Teixeira', TIMESTAMP '2026-10-31 16:00:00', TIMESTAMP '2026-10-31 17:30:00', 74.00, 129.00, 'AULA', NULL, NULL, '912587f5-6a0d-5dd9-ba88-b26f08e03744', 'Davi Teixeira', 'd73df42d-244f-58e1-b55f-2c3dff8f7860', 'Gabriel Martins'),
('65bdbc71-996e-402b-bf1b-55c102980693', CURRENT_TIMESTAMP, CURRENT_TIMESTAMP, 'ENEM - Col: Bruno Carvalho - Alice Teixeira', 'Atendimento seed 059 para Alice Teixeira', TIMESTAMP '2026-11-01 17:00:00', TIMESTAMP '2026-11-01 18:30:00', 79.00, 138.00, 'ENEM', NULL, NULL, '10ea8325-849a-543a-8505-8608e90d3e3c', 'Alice Teixeira', '82562c6d-0ef7-526e-b8e3-c6bf1bad81e0', 'Bruno Carvalho'),
('23d8c8a1-84ec-4d22-b1a9-9b960e2aba33', CURRENT_TIMESTAMP, CURRENT_TIMESTAMP, 'PAS - Col: Lucas Almeida - Lorenzo Batista', 'Atendimento seed 060 para Lorenzo Batista', TIMESTAMP '2026-11-02 14:00:00', TIMESTAMP '2026-11-02 15:30:00', 84.00, 147.00, 'PAS', NULL, NULL, 'aa995218-f836-561e-a0ec-cd66b0ae0cad', 'Lorenzo Batista', '890322e5-6327-53c6-a9a7-726765d704d8', 'Lucas Almeida'),
('929e8153-f08a-41e7-911d-77db0ea0daff', CURRENT_TIMESTAMP, CURRENT_TIMESTAMP, 'MENTORIA - Col: Camila Santos - Manuela Batista', 'Atendimento seed 061 para Manuela Batista', TIMESTAMP '2026-11-03 15:00:00', TIMESTAMP '2026-11-03 16:30:00', 89.00, 156.00, 'MENTORIA', NULL, NULL, '506a6c1a-2e14-5dc4-b829-5cef95229a8a', 'Manuela Batista', 'bdb8a03c-d48a-535f-9bb5-d557ecbefdf4', 'Camila Santos'),
('1cf62e8a-3751-4bcc-8caf-1dfa42f928d1', CURRENT_TIMESTAMP, CURRENT_TIMESTAMP, 'ORIENTACAO_VOCACIONAL - Col: Gabriel Martins - Theo Cardoso', 'Atendimento seed 062 para Theo Cardoso', TIMESTAMP '2026-11-04 16:00:00', TIMESTAMP '2026-11-04 17:30:00', 94.00, 165.00, 'ORIENTACAO_VOCACIONAL', NULL, NULL, 'e8a14b95-9897-59fe-9b5e-792e1a616118', 'Theo Cardoso', 'd73df42d-244f-58e1-b55f-2c3dff8f7860', 'Gabriel Martins'),
('36529bce-8680-494b-8d4a-626a80be5155', CURRENT_TIMESTAMP, CURRENT_TIMESTAMP, 'AULA - Col: Bruno Carvalho - Isabela Cardoso', 'Atendimento seed 063 para Isabela Cardoso', TIMESTAMP '2026-11-05 17:00:00', TIMESTAMP '2026-11-05 18:30:00', 63.00, 174.00, 'AULA', NULL, NULL, '98765813-eb5c-5390-98b8-a3b39afed37b', 'Isabela Cardoso', '82562c6d-0ef7-526e-b8e3-c6bf1bad81e0', 'Bruno Carvalho'),
('93356348-e493-41b9-9663-d632d884355e', CURRENT_TIMESTAMP, CURRENT_TIMESTAMP, 'ENEM - Col: Lucas Almeida - Pedro Mendes', 'Atendimento seed 064 para Pedro Mendes', TIMESTAMP '2026-11-06 14:00:00', TIMESTAMP '2026-11-06 15:30:00', 68.00, 183.00, 'ENEM', NULL, NULL, 'da2f211e-0411-5035-827e-3512cb48c2b2', 'Pedro Mendes', '890322e5-6327-53c6-a9a7-726765d704d8', 'Lucas Almeida'),
('a6794370-a352-4027-b9fc-a3da1e10a4c5', CURRENT_TIMESTAMP, CURRENT_TIMESTAMP, 'PAS - Col: Camila Santos - Luiza Gomes', 'Atendimento seed 065 para Luiza Gomes', TIMESTAMP '2026-11-07 15:00:00', TIMESTAMP '2026-11-07 16:30:00', 73.00, 192.00, 'PAS', NULL, NULL, '7a61dbb9-1b37-57a7-bd96-e1b7d4b56de1', 'Luiza Gomes', 'bdb8a03c-d48a-535f-9bb5-d557ecbefdf4', 'Camila Santos'),
('2fc83cfd-369d-4cd2-8573-b5b0ec65a69a', CURRENT_TIMESTAMP, CURRENT_TIMESTAMP, 'MENTORIA - Col: Gabriel Martins - Gabriel Araujo', 'Atendimento seed 066 para Gabriel Araujo', TIMESTAMP '2026-11-08 16:00:00', TIMESTAMP '2026-11-08 17:30:00', 78.00, 120.00, 'MENTORIA', NULL, NULL, '5810d4b5-9854-5b79-ac5f-7aad8332853f', 'Gabriel Araujo', 'd73df42d-244f-58e1-b55f-2c3dff8f7860', 'Gabriel Martins'),
('187c47e6-7a67-407e-b778-758e5260adf0', CURRENT_TIMESTAMP, CURRENT_TIMESTAMP, 'ORIENTACAO_VOCACIONAL - Col: Bruno Carvalho - Maria Eduarda Ribeiro', 'Atendimento seed 067 para Maria Eduarda Ribeiro', TIMESTAMP '2026-11-09 17:00:00', TIMESTAMP '2026-11-09 18:30:00', 83.00, 129.00, 'ORIENTACAO_VOCACIONAL', NULL, NULL, '2556ce0c-126f-5fcd-bc95-a56d0b608c2c', 'Maria Eduarda Ribeiro', '82562c6d-0ef7-526e-b8e3-c6bf1bad81e0', 'Bruno Carvalho'),
('6e253567-e708-4566-ac0e-059a7c6bc48f', CURRENT_TIMESTAMP, CURRENT_TIMESTAMP, 'AULA - Col: Lucas Almeida - Samuel Correia', 'Atendimento seed 068 para Samuel Correia', TIMESTAMP '2026-11-10 14:00:00', TIMESTAMP '2026-11-10 15:30:00', 88.00, 138.00, 'AULA', NULL, NULL, 'd17eb824-3987-5856-9c5f-06015086d956', 'Samuel Correia', '890322e5-6327-53c6-a9a7-726765d704d8', 'Lucas Almeida'),
('b85f835a-69dc-460b-9799-0e79ad8fd077', CURRENT_TIMESTAMP, CURRENT_TIMESTAMP, 'ENEM - Col: Camila Santos - Clara Duarte', 'Atendimento seed 069 para Clara Duarte', TIMESTAMP '2026-11-11 15:00:00', TIMESTAMP '2026-11-11 16:30:00', 93.00, 147.00, 'ENEM', NULL, NULL, 'cc04c9b9-32b8-5573-8435-5793f8644481', 'Clara Duarte', 'bdb8a03c-d48a-535f-9bb5-d557ecbefdf4', 'Camila Santos'),
('e6f64203-6079-406a-9d07-b90e9401419d', CURRENT_TIMESTAMP, CURRENT_TIMESTAMP, 'PAS - Col: Gabriel Martins - Enzo Moreira', 'Atendimento seed 070 para Enzo Moreira', TIMESTAMP '2026-11-12 16:00:00', TIMESTAMP '2026-11-12 17:30:00', 62.00, 156.00, 'PAS', NULL, NULL, 'd7dfcfa0-9018-5251-b775-b9af09b4c3a3', 'Enzo Moreira', 'd73df42d-244f-58e1-b55f-2c3dff8f7860', 'Gabriel Martins'),
('6551b6a8-9121-42e3-be8c-6d5030d91b52', CURRENT_TIMESTAMP, CURRENT_TIMESTAMP, 'MENTORIA - Col: Bruno Carvalho - Yasmin Castro', 'Atendimento seed 071 para Yasmin Castro', TIMESTAMP '2026-11-13 17:00:00', TIMESTAMP '2026-11-13 18:30:00', 67.00, 165.00, 'MENTORIA', NULL, NULL, '4e816456-e58c-5c2c-b45d-15cfecf86787', 'Yasmin Castro', '82562c6d-0ef7-526e-b8e3-c6bf1bad81e0', 'Bruno Carvalho'),
('b233aa29-7a17-4492-b686-6366e036bc64', CURRENT_TIMESTAMP, CURRENT_TIMESTAMP, 'ENEM - Col: Beatriz Rocha - Joao Pedro Ramos', 'Atendimento seed 072 para Joao Pedro Ramos', TIMESTAMP '2026-11-14 15:00:00', TIMESTAMP '2026-11-14 16:30:00', 72.00, 138.00, 'ENEM', NULL, NULL, 'df351208-d6c8-5c8a-a2ce-19cea64ac3a8', 'Joao Pedro Ramos', '2e494257-1161-5add-9091-4891a3dccec3', 'Beatriz Rocha'),
('1672136c-e414-4205-8ffb-4f57c37c85fb', CURRENT_TIMESTAMP, CURRENT_TIMESTAMP, 'PAS - Col: Fernanda Lima - Ana Clara Ramos', 'Atendimento seed 073 para Ana Clara Ramos', TIMESTAMP '2026-11-15 16:00:00', TIMESTAMP '2026-11-15 17:30:00', 77.00, 147.00, 'PAS', NULL, NULL, '852b7c98-e262-51e7-88ab-84b93ea99f09', 'Ana Clara Ramos', '67a4ab33-5f16-5425-a512-4c95abeebac9', 'Fernanda Lima'),
('1e7d09e6-d700-407a-b020-f106d4e8a775', CURRENT_TIMESTAMP, CURRENT_TIMESTAMP, 'MENTORIA - Col: Thiago Pereira - Miguel Barros', 'Atendimento seed 074 para Miguel Barros', TIMESTAMP '2026-11-16 17:00:00', TIMESTAMP '2026-11-16 18:30:00', 82.00, 156.00, 'MENTORIA', NULL, NULL, 'f0af156a-fbe5-5b29-9acb-5fe22508eb62', 'Miguel Barros', 'e06e1215-1847-5d54-8520-e6439c1e6975', 'Thiago Pereira'),
('ad55a6c0-681f-42d9-8010-b3523ac2eea2', CURRENT_TIMESTAMP, CURRENT_TIMESTAMP, 'ORIENTACAO_VOCACIONAL - Col: Rafael Oliveira - Sofia Barros', 'Atendimento seed 075 para Sofia Barros', TIMESTAMP '2026-11-17 14:00:00', TIMESTAMP '2026-11-17 15:30:00', 87.00, 165.00, 'ORIENTACAO_VOCACIONAL', NULL, NULL, '41e8e58f-124a-5969-b16f-ac57993d7a00', 'Sofia Barros', '8a26e04f-23f6-5710-8705-2b62563b222d', 'Rafael Oliveira'),
('76b42058-473f-4399-883e-4793b9587a93', CURRENT_TIMESTAMP, CURRENT_TIMESTAMP, 'AULA - Col: Beatriz Rocha - Arthur Andrade', 'Atendimento seed 076 para Arthur Andrade', TIMESTAMP '2026-11-18 15:00:00', TIMESTAMP '2026-11-18 16:30:00', 92.00, 174.00, 'AULA', NULL, NULL, 'de87ab23-c4f6-5cdb-88e4-c1e524f9f5b3', 'Arthur Andrade', '2e494257-1161-5add-9091-4891a3dccec3', 'Beatriz Rocha'),
('bab7aea5-047e-416b-a8b2-9561014122ab', CURRENT_TIMESTAMP, CURRENT_TIMESTAMP, 'ENEM - Col: Fernanda Lima - Laura Andrade', 'Atendimento seed 077 para Laura Andrade', TIMESTAMP '2026-11-19 16:00:00', TIMESTAMP '2026-11-19 17:30:00', 61.00, 183.00, 'ENEM', NULL, NULL, 'c53e06ad-04d7-57bb-812a-79c5c34c9d18', 'Laura Andrade', '67a4ab33-5f16-5425-a512-4c95abeebac9', 'Fernanda Lima'),
('6990afc8-933c-4e17-aa7e-83e9b0c51cda', CURRENT_TIMESTAMP, CURRENT_TIMESTAMP, 'PAS - Col: Thiago Pereira - Heitor Nogueira', 'Atendimento seed 078 para Heitor Nogueira', TIMESTAMP '2026-11-20 17:00:00', TIMESTAMP '2026-11-20 18:30:00', 66.00, 192.00, 'PAS', NULL, NULL, 'b5d573a7-6c49-5397-a1ee-e6dfd6530c74', 'Heitor Nogueira', 'e06e1215-1847-5d54-8520-e6439c1e6975', 'Thiago Pereira'),
('f8823641-e967-47b6-b493-559a14cebfd2', CURRENT_TIMESTAMP, CURRENT_TIMESTAMP, 'MENTORIA - Col: Rafael Oliveira - Valentina Nogueira', 'Atendimento seed 079 para Valentina Nogueira', TIMESTAMP '2026-11-21 14:00:00', TIMESTAMP '2026-11-21 15:30:00', 71.00, 120.00, 'MENTORIA', NULL, NULL, 'adc3fc6b-4b03-5833-858b-82744c5303a8', 'Valentina Nogueira', '8a26e04f-23f6-5710-8705-2b62563b222d', 'Rafael Oliveira'),
('2d85700e-c7ee-42a8-a77d-43f8c8719146', CURRENT_TIMESTAMP, CURRENT_TIMESTAMP, 'ORIENTACAO_VOCACIONAL - Col: Beatriz Rocha - Bernardo Moraes', 'Atendimento seed 080 para Bernardo Moraes', TIMESTAMP '2026-11-22 15:00:00', TIMESTAMP '2026-11-22 16:30:00', 76.00, 129.00, 'ORIENTACAO_VOCACIONAL', NULL, NULL, '336b13d8-7bff-5903-9d63-29f73c1656d8', 'Bernardo Moraes', '2e494257-1161-5add-9091-4891a3dccec3', 'Beatriz Rocha'),
('5148f1ca-62b1-4f49-a759-d8f57f1ff4e5', CURRENT_TIMESTAMP, CURRENT_TIMESTAMP, 'AULA - Col: Fernanda Lima - Helena Moraes', 'Atendimento seed 081 para Helena Moraes', TIMESTAMP '2026-11-23 16:00:00', TIMESTAMP '2026-11-23 17:30:00', 81.00, 138.00, 'AULA', NULL, NULL, 'ec1d488a-1c34-5a2b-96b4-9d01e02e0f68', 'Helena Moraes', '67a4ab33-5f16-5425-a512-4c95abeebac9', 'Fernanda Lima'),
('8a0acb06-ad58-4dcb-83fe-37be3b77a4ae', CURRENT_TIMESTAMP, CURRENT_TIMESTAMP, 'ENEM - Col: Thiago Pereira - Davi Teixeira', 'Atendimento seed 082 para Davi Teixeira', TIMESTAMP '2026-11-24 17:00:00', TIMESTAMP '2026-11-24 18:30:00', 86.00, 147.00, 'ENEM', NULL, NULL, '912587f5-6a0d-5dd9-ba88-b26f08e03744', 'Davi Teixeira', 'e06e1215-1847-5d54-8520-e6439c1e6975', 'Thiago Pereira'),
('5ef762ef-f0ba-4246-b003-fc6e93c27d92', CURRENT_TIMESTAMP, CURRENT_TIMESTAMP, 'PAS - Col: Rafael Oliveira - Alice Teixeira', 'Atendimento seed 083 para Alice Teixeira', TIMESTAMP '2026-11-25 14:00:00', TIMESTAMP '2026-11-25 15:30:00', 91.00, 156.00, 'PAS', NULL, NULL, '10ea8325-849a-543a-8505-8608e90d3e3c', 'Alice Teixeira', '8a26e04f-23f6-5710-8705-2b62563b222d', 'Rafael Oliveira'),
('560ebdee-64e1-47af-bfd3-ee898c3122b2', CURRENT_TIMESTAMP, CURRENT_TIMESTAMP, 'MENTORIA - Col: Beatriz Rocha - Lorenzo Batista', 'Atendimento seed 084 para Lorenzo Batista', TIMESTAMP '2026-11-26 15:00:00', TIMESTAMP '2026-11-26 16:30:00', 60.00, 165.00, 'MENTORIA', NULL, NULL, 'aa995218-f836-561e-a0ec-cd66b0ae0cad', 'Lorenzo Batista', '2e494257-1161-5add-9091-4891a3dccec3', 'Beatriz Rocha'),
('625750f0-1d19-4791-880c-1b0012f5dd9a', CURRENT_TIMESTAMP, CURRENT_TIMESTAMP, 'ORIENTACAO_VOCACIONAL - Col: Fernanda Lima - Manuela Batista', 'Atendimento seed 085 para Manuela Batista', TIMESTAMP '2026-11-27 16:00:00', TIMESTAMP '2026-11-27 17:30:00', 65.00, 174.00, 'ORIENTACAO_VOCACIONAL', NULL, NULL, '506a6c1a-2e14-5dc4-b829-5cef95229a8a', 'Manuela Batista', '67a4ab33-5f16-5425-a512-4c95abeebac9', 'Fernanda Lima'),
('47a8bee6-14b4-4f08-8ace-df990741838a', CURRENT_TIMESTAMP, CURRENT_TIMESTAMP, 'AULA - Col: Thiago Pereira - Theo Cardoso', 'Atendimento seed 086 para Theo Cardoso', TIMESTAMP '2026-11-28 17:00:00', TIMESTAMP '2026-11-28 18:30:00', 70.00, 183.00, 'AULA', NULL, NULL, 'e8a14b95-9897-59fe-9b5e-792e1a616118', 'Theo Cardoso', 'e06e1215-1847-5d54-8520-e6439c1e6975', 'Thiago Pereira'),
('096a82b3-d7a8-4506-8a9b-767298fb7a38', CURRENT_TIMESTAMP, CURRENT_TIMESTAMP, 'ENEM - Col: Rafael Oliveira - Isabela Cardoso', 'Atendimento seed 087 para Isabela Cardoso', TIMESTAMP '2026-11-29 14:00:00', TIMESTAMP '2026-11-29 15:30:00', 75.00, 192.00, 'ENEM', NULL, NULL, '98765813-eb5c-5390-98b8-a3b39afed37b', 'Isabela Cardoso', '8a26e04f-23f6-5710-8705-2b62563b222d', 'Rafael Oliveira'),
('e0bd1e75-741b-4c08-ac59-22c22d9559e4', CURRENT_TIMESTAMP, CURRENT_TIMESTAMP, 'PAS - Col: Beatriz Rocha - Pedro Mendes', 'Atendimento seed 088 para Pedro Mendes', TIMESTAMP '2026-11-30 15:00:00', TIMESTAMP '2026-11-30 16:30:00', 80.00, 120.00, 'PAS', NULL, NULL, 'da2f211e-0411-5035-827e-3512cb48c2b2', 'Pedro Mendes', '2e494257-1161-5add-9091-4891a3dccec3', 'Beatriz Rocha'),
('2201ef91-6c0e-4af2-a670-a11210f20449', CURRENT_TIMESTAMP, CURRENT_TIMESTAMP, 'MENTORIA - Col: Fernanda Lima - Luiza Gomes', 'Atendimento seed 089 para Luiza Gomes', TIMESTAMP '2026-12-01 16:00:00', TIMESTAMP '2026-12-01 17:30:00', 85.00, 129.00, 'MENTORIA', NULL, NULL, '7a61dbb9-1b37-57a7-bd96-e1b7d4b56de1', 'Luiza Gomes', '67a4ab33-5f16-5425-a512-4c95abeebac9', 'Fernanda Lima'),
('12c05d48-365c-433f-b932-2c13a037b67a', CURRENT_TIMESTAMP, CURRENT_TIMESTAMP, 'ORIENTACAO_VOCACIONAL - Col: Thiago Pereira - Gabriel Araujo', 'Atendimento seed 090 para Gabriel Araujo', TIMESTAMP '2026-12-02 17:00:00', TIMESTAMP '2026-12-02 18:30:00', 90.00, 138.00, 'ORIENTACAO_VOCACIONAL', NULL, NULL, '5810d4b5-9854-5b79-ac5f-7aad8332853f', 'Gabriel Araujo', 'e06e1215-1847-5d54-8520-e6439c1e6975', 'Thiago Pereira'),
('11e547ba-6889-4b57-8ff0-254423c90dde', CURRENT_TIMESTAMP, CURRENT_TIMESTAMP, 'AULA - Col: Rafael Oliveira - Maria Eduarda Ribeiro', 'Atendimento seed 091 para Maria Eduarda Ribeiro', TIMESTAMP '2026-12-03 14:00:00', TIMESTAMP '2026-12-03 15:30:00', 95.00, 147.00, 'AULA', NULL, NULL, '2556ce0c-126f-5fcd-bc95-a56d0b608c2c', 'Maria Eduarda Ribeiro', '8a26e04f-23f6-5710-8705-2b62563b222d', 'Rafael Oliveira'),
('2fc3d3a9-672a-4059-baa1-74a1f21ce055', CURRENT_TIMESTAMP, CURRENT_TIMESTAMP, 'ENEM - Col: Beatriz Rocha - Samuel Correia', 'Atendimento seed 092 para Samuel Correia', TIMESTAMP '2026-12-04 15:00:00', TIMESTAMP '2026-12-04 16:30:00', 64.00, 156.00, 'ENEM', NULL, NULL, 'd17eb824-3987-5856-9c5f-06015086d956', 'Samuel Correia', '2e494257-1161-5add-9091-4891a3dccec3', 'Beatriz Rocha'),
('7ae307cf-c8a2-458b-9891-3e04186e0da2', CURRENT_TIMESTAMP, CURRENT_TIMESTAMP, 'PAS - Col: Fernanda Lima - Clara Duarte', 'Atendimento seed 093 para Clara Duarte', TIMESTAMP '2026-12-05 16:00:00', TIMESTAMP '2026-12-05 17:30:00', 69.00, 165.00, 'PAS', NULL, NULL, 'cc04c9b9-32b8-5573-8435-5793f8644481', 'Clara Duarte', '67a4ab33-5f16-5425-a512-4c95abeebac9', 'Fernanda Lima'),
('e0cd1a07-c2e2-4a1f-8fa0-d5d83a107e36', CURRENT_TIMESTAMP, CURRENT_TIMESTAMP, 'MENTORIA - Col: Thiago Pereira - Enzo Moreira', 'Atendimento seed 094 para Enzo Moreira', TIMESTAMP '2026-12-06 17:00:00', TIMESTAMP '2026-12-06 18:30:00', 74.00, 174.00, 'MENTORIA', NULL, NULL, 'd7dfcfa0-9018-5251-b775-b9af09b4c3a3', 'Enzo Moreira', 'e06e1215-1847-5d54-8520-e6439c1e6975', 'Thiago Pereira'),
('d555d7bc-2fa8-48e7-b878-79df4aba54d8', CURRENT_TIMESTAMP, CURRENT_TIMESTAMP, 'ORIENTACAO_VOCACIONAL - Col: Rafael Oliveira - Yasmin Castro', 'Atendimento seed 095 para Yasmin Castro', TIMESTAMP '2026-12-07 14:00:00', TIMESTAMP '2026-12-07 15:30:00', 79.00, 183.00, 'ORIENTACAO_VOCACIONAL', NULL, NULL, '4e816456-e58c-5c2c-b45d-15cfecf86787', 'Yasmin Castro', '8a26e04f-23f6-5710-8705-2b62563b222d', 'Rafael Oliveira'),
('495be334-32a9-4b09-ba60-2fef1620e613', CURRENT_TIMESTAMP, CURRENT_TIMESTAMP, 'PAS - Col: Aline Souza - Joao Pedro Ramos', 'Atendimento seed 096 para Joao Pedro Ramos', TIMESTAMP '2026-12-08 16:00:00', TIMESTAMP '2026-12-08 17:30:00', 84.00, 156.00, 'PAS', NULL, NULL, 'df351208-d6c8-5c8a-a2ce-19cea64ac3a8', 'Joao Pedro Ramos', '46b8b924-f738-5a05-930c-1be3b563773e', 'Aline Souza'),
('63686d4d-0809-48e5-a2db-4f6bbe76b4d4', CURRENT_TIMESTAMP, CURRENT_TIMESTAMP, 'MENTORIA - Col: Mariana Costa - Ana Clara Ramos', 'Atendimento seed 097 para Ana Clara Ramos', TIMESTAMP '2026-12-09 17:00:00', TIMESTAMP '2026-12-09 18:30:00', 89.00, 165.00, 'MENTORIA', NULL, NULL, '852b7c98-e262-51e7-88ab-84b93ea99f09', 'Ana Clara Ramos', '9e79c84d-d10a-59ca-8196-3963139e8096', 'Mariana Costa'),
('4b548508-164a-476f-b950-c6da04d39327', CURRENT_TIMESTAMP, CURRENT_TIMESTAMP, 'ORIENTACAO_VOCACIONAL - Col: Pedro Henrique Silva - Miguel Barros', 'Atendimento seed 098 para Miguel Barros', TIMESTAMP '2026-12-10 14:00:00', TIMESTAMP '2026-12-10 15:30:00', 94.00, 174.00, 'ORIENTACAO_VOCACIONAL', NULL, NULL, 'f0af156a-fbe5-5b29-9acb-5fe22508eb62', 'Miguel Barros', '35a26f86-91cb-58d6-bd36-20bd9a467eec', 'Pedro Henrique Silva'),
('74528a49-4d80-4ea2-b445-7cc9c4478a0b', CURRENT_TIMESTAMP, CURRENT_TIMESTAMP, 'AULA - Col: Larissa Ferreira - Sofia Barros', 'Atendimento seed 099 para Sofia Barros', TIMESTAMP '2026-12-11 15:00:00', TIMESTAMP '2026-12-11 16:30:00', 63.00, 183.00, 'AULA', NULL, NULL, '41e8e58f-124a-5969-b16f-ac57993d7a00', 'Sofia Barros', 'cb6eac0d-dfb5-5ccc-9a0c-8770a1557476', 'Larissa Ferreira'),
('954a8b5a-6783-42bc-87ab-164362680bdb', CURRENT_TIMESTAMP, CURRENT_TIMESTAMP, 'ENEM - Col: Aline Souza - Arthur Andrade', 'Atendimento seed 100 para Arthur Andrade', TIMESTAMP '2026-12-12 16:00:00', TIMESTAMP '2026-12-12 17:30:00', 68.00, 192.00, 'ENEM', NULL, NULL, 'de87ab23-c4f6-5cdb-88e4-c1e524f9f5b3', 'Arthur Andrade', '46b8b924-f738-5a05-930c-1be3b563773e', 'Aline Souza'),
('848f7e98-222d-4a73-918f-eb397c533d66', CURRENT_TIMESTAMP, CURRENT_TIMESTAMP, 'PAS - Col: Mariana Costa - Laura Andrade', 'Atendimento seed 101 para Laura Andrade', TIMESTAMP '2026-12-13 17:00:00', TIMESTAMP '2026-12-13 18:30:00', 73.00, 120.00, 'PAS', NULL, NULL, 'c53e06ad-04d7-57bb-812a-79c5c34c9d18', 'Laura Andrade', '9e79c84d-d10a-59ca-8196-3963139e8096', 'Mariana Costa'),
('3a7dd3cf-76f5-4493-9149-750f83f491fd', CURRENT_TIMESTAMP, CURRENT_TIMESTAMP, 'MENTORIA - Col: Pedro Henrique Silva - Heitor Nogueira', 'Atendimento seed 102 para Heitor Nogueira', TIMESTAMP '2026-12-14 14:00:00', TIMESTAMP '2026-12-14 15:30:00', 78.00, 129.00, 'MENTORIA', NULL, NULL, 'b5d573a7-6c49-5397-a1ee-e6dfd6530c74', 'Heitor Nogueira', '35a26f86-91cb-58d6-bd36-20bd9a467eec', 'Pedro Henrique Silva'),
('ab7849dd-86a7-481e-843d-2f69211e1c83', CURRENT_TIMESTAMP, CURRENT_TIMESTAMP, 'ORIENTACAO_VOCACIONAL - Col: Larissa Ferreira - Valentina Nogueira', 'Atendimento seed 103 para Valentina Nogueira', TIMESTAMP '2026-12-15 15:00:00', TIMESTAMP '2026-12-15 16:30:00', 83.00, 138.00, 'ORIENTACAO_VOCACIONAL', NULL, NULL, 'adc3fc6b-4b03-5833-858b-82744c5303a8', 'Valentina Nogueira', 'cb6eac0d-dfb5-5ccc-9a0c-8770a1557476', 'Larissa Ferreira'),
('8307cb51-07e8-425a-ab8e-ede46d936bb2', CURRENT_TIMESTAMP, CURRENT_TIMESTAMP, 'AULA - Col: Aline Souza - Bernardo Moraes', 'Atendimento seed 104 para Bernardo Moraes', TIMESTAMP '2026-12-16 16:00:00', TIMESTAMP '2026-12-16 17:30:00', 88.00, 147.00, 'AULA', NULL, NULL, '336b13d8-7bff-5903-9d63-29f73c1656d8', 'Bernardo Moraes', '46b8b924-f738-5a05-930c-1be3b563773e', 'Aline Souza'),
('a94d66ef-5af4-46ab-b8c6-41c524c17881', CURRENT_TIMESTAMP, CURRENT_TIMESTAMP, 'ENEM - Col: Mariana Costa - Helena Moraes', 'Atendimento seed 105 para Helena Moraes', TIMESTAMP '2026-12-17 17:00:00', TIMESTAMP '2026-12-17 18:30:00', 93.00, 156.00, 'ENEM', NULL, NULL, 'ec1d488a-1c34-5a2b-96b4-9d01e02e0f68', 'Helena Moraes', '9e79c84d-d10a-59ca-8196-3963139e8096', 'Mariana Costa'),
('92618042-1309-4fc2-a601-a07e1e0c1001', CURRENT_TIMESTAMP, CURRENT_TIMESTAMP, 'PAS - Col: Pedro Henrique Silva - Davi Teixeira', 'Atendimento seed 106 para Davi Teixeira', TIMESTAMP '2026-12-18 14:00:00', TIMESTAMP '2026-12-18 15:30:00', 62.00, 165.00, 'PAS', NULL, NULL, '912587f5-6a0d-5dd9-ba88-b26f08e03744', 'Davi Teixeira', '35a26f86-91cb-58d6-bd36-20bd9a467eec', 'Pedro Henrique Silva'),
('5638418c-b6e6-470f-ac30-d91b27b9626b', CURRENT_TIMESTAMP, CURRENT_TIMESTAMP, 'MENTORIA - Col: Larissa Ferreira - Alice Teixeira', 'Atendimento seed 107 para Alice Teixeira', TIMESTAMP '2026-12-19 15:00:00', TIMESTAMP '2026-12-19 16:30:00', 67.00, 174.00, 'MENTORIA', NULL, NULL, '10ea8325-849a-543a-8505-8608e90d3e3c', 'Alice Teixeira', 'cb6eac0d-dfb5-5ccc-9a0c-8770a1557476', 'Larissa Ferreira'),
('5c83af1d-ffd5-4349-b5ac-32cda645fe59', CURRENT_TIMESTAMP, CURRENT_TIMESTAMP, 'ORIENTACAO_VOCACIONAL - Col: Aline Souza - Lorenzo Batista', 'Atendimento seed 108 para Lorenzo Batista', TIMESTAMP '2026-12-20 16:00:00', TIMESTAMP '2026-12-20 17:30:00', 72.00, 183.00, 'ORIENTACAO_VOCACIONAL', NULL, NULL, 'aa995218-f836-561e-a0ec-cd66b0ae0cad', 'Lorenzo Batista', '46b8b924-f738-5a05-930c-1be3b563773e', 'Aline Souza'),
('8cc1a4b3-9e34-42c3-88f0-a0759a9dcbde', CURRENT_TIMESTAMP, CURRENT_TIMESTAMP, 'AULA - Col: Mariana Costa - Manuela Batista', 'Atendimento seed 109 para Manuela Batista', TIMESTAMP '2026-12-21 17:00:00', TIMESTAMP '2026-12-21 18:30:00', 77.00, 192.00, 'AULA', NULL, NULL, '506a6c1a-2e14-5dc4-b829-5cef95229a8a', 'Manuela Batista', '9e79c84d-d10a-59ca-8196-3963139e8096', 'Mariana Costa'),
('5756f61a-b9c1-45cb-a134-bd9eb3e937e5', CURRENT_TIMESTAMP, CURRENT_TIMESTAMP, 'ENEM - Col: Pedro Henrique Silva - Theo Cardoso', 'Atendimento seed 110 para Theo Cardoso', TIMESTAMP '2026-12-22 14:00:00', TIMESTAMP '2026-12-22 15:30:00', 82.00, 120.00, 'ENEM', NULL, NULL, 'e8a14b95-9897-59fe-9b5e-792e1a616118', 'Theo Cardoso', '35a26f86-91cb-58d6-bd36-20bd9a467eec', 'Pedro Henrique Silva'),
('e48543c1-3dfd-4a92-afa2-56d7477875ef', CURRENT_TIMESTAMP, CURRENT_TIMESTAMP, 'PAS - Col: Larissa Ferreira - Isabela Cardoso', 'Atendimento seed 111 para Isabela Cardoso', TIMESTAMP '2026-12-23 15:00:00', TIMESTAMP '2026-12-23 16:30:00', 87.00, 129.00, 'PAS', NULL, NULL, '98765813-eb5c-5390-98b8-a3b39afed37b', 'Isabela Cardoso', 'cb6eac0d-dfb5-5ccc-9a0c-8770a1557476', 'Larissa Ferreira'),
('eb25dc23-1774-486e-a6cf-d776fe2a990f', CURRENT_TIMESTAMP, CURRENT_TIMESTAMP, 'MENTORIA - Col: Aline Souza - Pedro Mendes', 'Atendimento seed 112 para Pedro Mendes', TIMESTAMP '2026-12-24 16:00:00', TIMESTAMP '2026-12-24 17:30:00', 92.00, 138.00, 'MENTORIA', NULL, NULL, 'da2f211e-0411-5035-827e-3512cb48c2b2', 'Pedro Mendes', '46b8b924-f738-5a05-930c-1be3b563773e', 'Aline Souza'),
('0948bb73-8528-4e38-950b-5abcb0c9d17f', CURRENT_TIMESTAMP, CURRENT_TIMESTAMP, 'ORIENTACAO_VOCACIONAL - Col: Mariana Costa - Luiza Gomes', 'Atendimento seed 113 para Luiza Gomes', TIMESTAMP '2026-12-25 17:00:00', TIMESTAMP '2026-12-25 18:30:00', 61.00, 147.00, 'ORIENTACAO_VOCACIONAL', NULL, NULL, '7a61dbb9-1b37-57a7-bd96-e1b7d4b56de1', 'Luiza Gomes', '9e79c84d-d10a-59ca-8196-3963139e8096', 'Mariana Costa'),
('73640821-ba84-44c9-84e7-855d2a30388c', CURRENT_TIMESTAMP, CURRENT_TIMESTAMP, 'AULA - Col: Pedro Henrique Silva - Gabriel Araujo', 'Atendimento seed 114 para Gabriel Araujo', TIMESTAMP '2026-12-26 14:00:00', TIMESTAMP '2026-12-26 15:30:00', 66.00, 156.00, 'AULA', NULL, NULL, '5810d4b5-9854-5b79-ac5f-7aad8332853f', 'Gabriel Araujo', '35a26f86-91cb-58d6-bd36-20bd9a467eec', 'Pedro Henrique Silva'),
('233390fb-26f5-4332-aad3-1d8c56e790ef', CURRENT_TIMESTAMP, CURRENT_TIMESTAMP, 'ENEM - Col: Larissa Ferreira - Maria Eduarda Ribeiro', 'Atendimento seed 115 para Maria Eduarda Ribeiro', TIMESTAMP '2026-12-27 15:00:00', TIMESTAMP '2026-12-27 16:30:00', 71.00, 165.00, 'ENEM', NULL, NULL, '2556ce0c-126f-5fcd-bc95-a56d0b608c2c', 'Maria Eduarda Ribeiro', 'cb6eac0d-dfb5-5ccc-9a0c-8770a1557476', 'Larissa Ferreira'),
('5b9ef382-25f9-4a95-93e9-2caf673d9680', CURRENT_TIMESTAMP, CURRENT_TIMESTAMP, 'PAS - Col: Aline Souza - Samuel Correia', 'Atendimento seed 116 para Samuel Correia', TIMESTAMP '2026-12-28 16:00:00', TIMESTAMP '2026-12-28 17:30:00', 76.00, 174.00, 'PAS', NULL, NULL, 'd17eb824-3987-5856-9c5f-06015086d956', 'Samuel Correia', '46b8b924-f738-5a05-930c-1be3b563773e', 'Aline Souza'),
('3fd5923b-68ec-440c-bb38-fc9cbc3e640b', CURRENT_TIMESTAMP, CURRENT_TIMESTAMP, 'MENTORIA - Col: Mariana Costa - Clara Duarte', 'Atendimento seed 117 para Clara Duarte', TIMESTAMP '2026-12-29 17:00:00', TIMESTAMP '2026-12-29 18:30:00', 81.00, 183.00, 'MENTORIA', NULL, NULL, 'cc04c9b9-32b8-5573-8435-5793f8644481', 'Clara Duarte', '9e79c84d-d10a-59ca-8196-3963139e8096', 'Mariana Costa'),
('4653b1ec-2bc7-4776-8b86-9b7ade555751', CURRENT_TIMESTAMP, CURRENT_TIMESTAMP, 'ORIENTACAO_VOCACIONAL - Col: Pedro Henrique Silva - Enzo Moreira', 'Atendimento seed 118 para Enzo Moreira', TIMESTAMP '2026-12-30 14:00:00', TIMESTAMP '2026-12-30 15:30:00', 86.00, 192.00, 'ORIENTACAO_VOCACIONAL', NULL, NULL, 'd7dfcfa0-9018-5251-b775-b9af09b4c3a3', 'Enzo Moreira', '35a26f86-91cb-58d6-bd36-20bd9a467eec', 'Pedro Henrique Silva'),
('502b83c3-6e95-405c-9124-72f94f3a2d8b', CURRENT_TIMESTAMP, CURRENT_TIMESTAMP, 'AULA - Col: Larissa Ferreira - Yasmin Castro', 'Atendimento seed 119 para Yasmin Castro', TIMESTAMP '2026-12-31 15:00:00', TIMESTAMP '2026-12-31 16:30:00', 91.00, 120.00, 'AULA', NULL, NULL, '4e816456-e58c-5c2c-b45d-15cfecf86787', 'Yasmin Castro', 'cb6eac0d-dfb5-5ccc-9a0c-8770a1557476', 'Larissa Ferreira');

-- Expenses (general operating expenses)
INSERT INTO tb_expenses (id, amount, date, category, description, created_at, updated_at) VALUES
('c8d1dc8f-4d35-49f0-81c0-9e9fcb1e6001', 3500.00, DATE '2026-06-05', 'CONTAS', 'Aluguel do espaco - junho', CURRENT_TIMESTAMP, CURRENT_TIMESTAMP),
('d0c3ff34-b3b8-4d04-b942-f390cc5a6002', 486.72, DATE '2026-06-10', 'CONTAS', 'Conta de energia eletrica - junho', CURRENT_TIMESTAMP, CURRENT_TIMESTAMP),
('0b2ac739-2486-45d4-b22a-1a103f5f6003', 137.90, DATE '2026-06-12', 'CONTAS', 'Plano de internet fibra da unidade', CURRENT_TIMESTAMP, CURRENT_TIMESTAMP),
('8afeb9f5-9625-44fb-bad2-2d88bb5a6004', 214.35, DATE '2026-06-15', 'DESPENSA', 'Reposicao de cafe, cha e acucar da copa', CURRENT_TIMESTAMP, CURRENT_TIMESTAMP),
('e061ef35-96f4-4cd8-8202-3a59e0c56005', 328.40, DATE '2026-06-21', 'MATERIAIS', 'Impressao de simulados diagnosticos', CURRENT_TIMESTAMP, CURRENT_TIMESTAMP),
('0d7f97de-7693-4428-8821-d344db356006', 680.00, DATE '2026-07-03', 'SERVICOS', 'Servico de limpeza quinzenal das salas', CURRENT_TIMESTAMP, CURRENT_TIMESTAMP),
('5832e612-78b9-4767-ad13-8ce8b6176007', 3500.00, DATE '2026-07-05', 'CONTAS', 'Aluguel do espaco - julho', CURRENT_TIMESTAMP, CURRENT_TIMESTAMP),
('c2d90a75-0af6-4fcf-8ae4-e1cf49816008', 189.90, DATE '2026-07-08', 'ASSINATURAS', 'Assinatura de plataforma de questoes ENEM', CURRENT_TIMESTAMP, CURRENT_TIMESTAMP),
('9b2d588f-6d7b-4010-8424-4a7285fe6009', 154.80, DATE '2026-07-14', 'MATERIAIS', 'Compra de marcadores para quadro branco', CURRENT_TIMESTAMP, CURRENT_TIMESTAMP),
('6f0aa96b-99c6-4b40-b1a9-d1b97eaf6010', 420.00, DATE '2026-07-19', 'MANUTENCAO', 'Manutencao preventiva do ar condicionado', CURRENT_TIMESTAMP, CURRENT_TIMESTAMP),
('7b55de87-4246-4648-8f4e-217ecf806011', 260.00, DATE '2026-08-02', 'ADMINISTRATIVO', 'Divulgacao local de turma intensiva', CURRENT_TIMESTAMP, CURRENT_TIMESTAMP),
('48f2d314-5dcb-45f2-917d-f6d7c5976012', 3500.00, DATE '2026-08-05', 'CONTAS', 'Aluguel do espaco - agosto', CURRENT_TIMESTAMP, CURRENT_TIMESTAMP),
('18af9aa2-c968-4c6f-835c-67ef20fe6013', 92.40, DATE '2026-08-09', 'DESPENSA', 'Agua mineral para recepcao e salas', CURRENT_TIMESTAMP, CURRENT_TIMESTAMP),
('eca98f51-8561-4120-af94-85200bf76014', 790.00, DATE '2026-08-13', 'SERVICOS', 'Honorarios contabeis mensais', CURRENT_TIMESTAMP, CURRENT_TIMESTAMP),
('2e79d384-a67d-4d6f-97d2-bd70d51b6015', 118.50, DATE '2026-08-22', 'ASSINATURAS', 'Google Workspace da equipe pedagogica', CURRENT_TIMESTAMP, CURRENT_TIMESTAMP),
('5c26c375-44e4-407c-9bba-e5c9eb236016', 374.90, DATE '2026-09-04', 'MATERIAIS', 'Papel sulfite e toner para impressora', CURRENT_TIMESTAMP, CURRENT_TIMESTAMP),
('92ef377f-8c69-489d-b0b5-347b55986017', 3500.00, DATE '2026-09-05', 'CONTAS', 'Aluguel do espaco - setembro', CURRENT_TIMESTAMP, CURRENT_TIMESTAMP),
('ddcb21d7-010c-49f7-8fd6-8df8da746018', 570.00, DATE '2026-09-11', 'MANUTENCAO', 'Reparo em impressora laser da secretaria', CURRENT_TIMESTAMP, CURRENT_TIMESTAMP),
('87ff6d7b-ec86-4442-ad12-f5d38d286019', 235.00, DATE '2026-09-16', 'ADMINISTRATIVO', 'Taxas de reconhecimento e autenticacao de documentos', CURRENT_TIMESTAMP, CURRENT_TIMESTAMP),
('c60156b2-7541-45c3-94a4-553734376020', 312.60, DATE '2026-09-24', 'DESPENSA', 'Material de limpeza para salas e banheiros', CURRENT_TIMESTAMP, CURRENT_TIMESTAMP),
('efa2aa50-4dd4-44e4-9118-940acac06021', 150.00, DATE '2026-10-01', 'ASSINATURAS', 'Sistema de envio de mensagens aos responsaveis', CURRENT_TIMESTAMP, CURRENT_TIMESTAMP),
('b4d11688-d29f-43da-9957-37e0bc776022', 3500.00, DATE '2026-10-05', 'CONTAS', 'Aluguel do espaco - outubro', CURRENT_TIMESTAMP, CURRENT_TIMESTAMP),
('3241e4d3-0bdd-4742-bd37-6debf3bb6023', 610.00, DATE '2026-10-09', 'SERVICOS', 'Dedetizacao preventiva da unidade', CURRENT_TIMESTAMP, CURRENT_TIMESTAMP),
('129de203-8d70-420f-9a83-840205b16024', 415.20, DATE '2026-10-17', 'MATERIAIS', 'Encadernacao de apostilas de revisao', CURRENT_TIMESTAMP, CURRENT_TIMESTAMP),
('5ccfd5e4-1c12-47d4-a536-4335f0cc6025', 280.00, DATE '2026-10-28', 'MANUTENCAO', 'Troca de lampadas e revisao eletrica', CURRENT_TIMESTAMP, CURRENT_TIMESTAMP),
('19a81da4-edc2-421c-915b-52377c276026', 3500.00, DATE '2026-11-05', 'CONTAS', 'Aluguel do espaco - novembro', CURRENT_TIMESTAMP, CURRENT_TIMESTAMP),
('f5807f78-50f0-4145-9188-24655a906027', 186.90, DATE '2026-11-07', 'ADMINISTRATIVO', 'Transporte para visita em escola parceira', CURRENT_TIMESTAMP, CURRENT_TIMESTAMP),
('90b637a1-e90f-4c5c-b122-0bb8741c6028', 745.00, DATE '2026-11-12', 'SERVICOS', 'Servicos fotograficos para campanha de aprovados', CURRENT_TIMESTAMP, CURRENT_TIMESTAMP),
('067ba28a-1442-41f8-a410-27ba5e2a6029', 690.00, DATE '2026-11-20', 'MANUTENCAO', 'Ajuste de portas, fechaduras e mobiliario', CURRENT_TIMESTAMP, CURRENT_TIMESTAMP),
('0978809b-0143-426e-b545-e9ea0d8f6030', 248.70, DATE '2026-11-26', 'DESPENSA', 'Lanches para auloes de revisao ENEM', CURRENT_TIMESTAMP, CURRENT_TIMESTAMP);
