-- tb_employees
INSERT INTO tb_employees (id, name, birthdate, cpf, contact, email, pix, role, is_active, created_at, updated_at, duty) VALUES ('78dc0b2a-a4c6-412d-ab09-a65b777f9fa1', 'Xuxa Lopes', '1984-03-01', '75094682400', '11999990000', 'emp0@test.com', '11999990000', 1, true, CURRENT_TIMESTAMP, CURRENT_TIMESTAMP, 'TEACHER');
INSERT INTO tb_employees (id, name, birthdate, cpf, contact, email, pix, role, is_active, created_at, updated_at, duty) VALUES ('0b7b624d-ac17-4ae9-8076-45589a5f47df', 'Olivia Carvalho', '2003-11-19', '51550339201', '11999990001', 'emp1@test.com', '11999990001', 1, true, CURRENT_TIMESTAMP, CURRENT_TIMESTAMP, 'TEACHER');
INSERT INTO tb_employees (id, name, birthdate, cpf, contact, email, pix, role, is_active, created_at, updated_at, duty) VALUES ('7ee37ff3-02a6-4d91-a149-f8c467999119', 'Mariana Lopes', '1989-12-14', '26254260302', '11999990002', 'emp2@test.com', '11999990002', 1, true, CURRENT_TIMESTAMP, CURRENT_TIMESTAMP, 'TEACHER');
INSERT INTO tb_employees (id, name, birthdate, cpf, contact, email, pix, role, is_active, created_at, updated_at, duty) VALUES ('fee0e0f0-8281-409e-9ee9-b297ed79d29f', 'Tiago Pereira', '1982-11-28', '41875553903', '11999990003', 'emp3@test.com', '11999990003', 1, true, CURRENT_TIMESTAMP, CURRENT_TIMESTAMP, 'TEACHER');
INSERT INTO tb_employees (id, name, birthdate, cpf, contact, email, pix, role, is_active, created_at, updated_at, duty) VALUES ('efdb7384-af95-4f77-92aa-ca1223d5f363', 'Ursula Santos', '1985-11-30', '34218351204', '11999990004', 'emp4@test.com', '11999990004', 1, true, CURRENT_TIMESTAMP, CURRENT_TIMESTAMP, 'TEACHER');
INSERT INTO tb_employees (id, name, birthdate, cpf, contact, email, pix, role, is_active, created_at, updated_at, duty) VALUES ('c4db6778-1c35-47a4-8f43-95c21c8eff5c', 'Helena Pereira', '1992-11-05', '15852646305', '11999990005', 'emp5@test.com', '11999990005', 1, true, CURRENT_TIMESTAMP, CURRENT_TIMESTAMP, 'TEACHER');
INSERT INTO tb_employees (id, name, birthdate, cpf, contact, email, pix, role, is_active, created_at, updated_at, duty) VALUES ('3f573537-2320-479b-a9ce-0a10f4d9e6cd', 'Ana Pereira', '2000-07-16', '52341852606', '11999990006', 'emp6@test.com', '11999990006', 1, true, CURRENT_TIMESTAMP, CURRENT_TIMESTAMP, 'TEACHER');
INSERT INTO tb_employees (id, name, birthdate, cpf, contact, email, pix, role, is_active, created_at, updated_at, duty) VALUES ('746c5de6-83de-4e61-b4dc-d6e52a02d911', 'Pedro Oliveira', '1986-05-24', '63514612407', '11999990007', 'emp7@test.com', '11999990007', 1, true, CURRENT_TIMESTAMP, CURRENT_TIMESTAMP, 'TEACHER');
INSERT INTO tb_employees (id, name, birthdate, cpf, contact, email, pix, role, is_active, created_at, updated_at, duty) VALUES ('7fbdaca7-de45-4178-8dc0-34fdd6c9f390', 'Eduardo Gomes', '1979-09-14', '86329466108', '11999990008', 'emp8@test.com', '11999990008', 1, true, CURRENT_TIMESTAMP, CURRENT_TIMESTAMP, 'TEACHER');
INSERT INTO tb_employees (id, name, birthdate, cpf, contact, email, pix, role, is_active, created_at, updated_at, duty) VALUES ('e7d7e2ca-868a-4c37-9930-8cb15113ac59', 'Nicolas Martins', '1976-08-26', '51307207909', '11999990009', 'emp9@test.com', '11999990009', 1, true, CURRENT_TIMESTAMP, CURRENT_TIMESTAMP, 'TEACHER');
INSERT INTO tb_employees (id, name, birthdate, cpf, contact, email, pix, role, is_active, created_at, updated_at, duty) VALUES ('852f1df5-6078-4a01-83e3-b322e7174548', 'Vitor Carvalho', '1979-03-29', '77165061310', '11999990010', 'emp10@test.com', '11999990010', 1, true, CURRENT_TIMESTAMP, CURRENT_TIMESTAMP, 'TEACHER');
INSERT INTO tb_employees (id, name, birthdate, cpf, contact, email, pix, role, is_active, created_at, updated_at, duty) VALUES ('411fa85d-01ba-4996-9405-4d4c3057e073', 'Xuxa Soares', '1988-10-28', '92764330311', '11999990011', 'emp11@test.com', '11999990011', 1, true, CURRENT_TIMESTAMP, CURRENT_TIMESTAMP, 'TEACHER');
INSERT INTO tb_employees (id, name, birthdate, cpf, contact, email, pix, role, is_active, created_at, updated_at, duty) VALUES ('d71bfca4-0e89-4741-a6ba-fad0214f416e', 'Gabriel Carvalho', '1997-03-07', '21788951212', '11999990012', 'emp12@test.com', '11999990012', 1, true, CURRENT_TIMESTAMP, CURRENT_TIMESTAMP, 'TEACHER');
INSERT INTO tb_employees (id, name, birthdate, cpf, contact, email, pix, role, is_active, created_at, updated_at, duty) VALUES ('bba52524-7057-491a-a7e3-1c5e34f28811', 'Nicolas Lopes', '1982-03-09', '93574478213', '11999990013', 'emp13@test.com', '11999990013', 1, true, CURRENT_TIMESTAMP, CURRENT_TIMESTAMP, 'TEACHER');
INSERT INTO tb_employees (id, name, birthdate, cpf, contact, email, pix, role, is_active, created_at, updated_at, duty) VALUES ('8990cd8a-8dee-41bd-b31a-f1bc592d947d', 'Bruno Ferreira', '1977-06-14', '68873661814', '11999990014', 'emp14@test.com', '11999990014', 1, true, CURRENT_TIMESTAMP, CURRENT_TIMESTAMP, 'TEACHER');
INSERT INTO tb_employees (id, name, birthdate, cpf, contact, email, pix, role, is_active, created_at, updated_at, duty) VALUES ('d1466649-6be0-448b-b1ca-30d962b5c646', 'Wagner Ferreira', '1996-11-01', '62677910015', '11999990015', 'emp15@test.com', '11999990015', 1, true, CURRENT_TIMESTAMP, CURRENT_TIMESTAMP, 'ADM');
INSERT INTO tb_employees (id, name, birthdate, cpf, contact, email, pix, role, is_active, created_at, updated_at, duty) VALUES ('d2b7c0f3-2a3c-4c54-af72-fe91539ce670', 'Gustavo Scarpellini', '1990-01-01', '23639774316', '11999990016', 'gustavo@test.com', '11999990016', 1, true, CURRENT_TIMESTAMP, CURRENT_TIMESTAMP, 'SYSTEM');
INSERT INTO tb_employees (id, name, birthdate, cpf, contact, email, pix, role, is_active, created_at, updated_at, duty) VALUES ('9fe4b30d-fa63-43d9-8157-69c6aa71f2b7', 'Rafael Vieira', '1992-08-17', '76976097917', '11999990017', 'emp17@test.com', '11999990017', 1, true, CURRENT_TIMESTAMP, CURRENT_TIMESTAMP, 'THERAPIST');
INSERT INTO tb_employees (id, name, birthdate, cpf, contact, email, pix, role, is_active, created_at, updated_at, duty) VALUES ('75721ac5-6b26-4552-b414-73b3201ccec1', 'Lucas Pereira', '1998-07-18', '38922931118', '11999990018', 'emp18@test.com', '11999990018', 1, true, CURRENT_TIMESTAMP, CURRENT_TIMESTAMP, 'THERAPIST');
INSERT INTO tb_employees (id, name, birthdate, cpf, contact, email, pix, role, is_active, created_at, updated_at, duty) VALUES ('8e8ac704-478b-44cd-ba1f-8d7d15644df1', 'Olivia Santos', '2001-10-31', '70315961819', '11999990019', 'emp19@test.com', '11999990019', 1, true, CURRENT_TIMESTAMP, CURRENT_TIMESTAMP, 'MENTOR');

-- tb_parent
INSERT INTO tb_parent (id, name, birthdate, cpf, contact, email, pix, role, is_active, created_at, updated_at) VALUES ('acc5e4e6-d8d7-4e55-a8dc-25ea1310321b', 'Vitor Almeida', '1976-10-17', '97660561120', '11888880000', 'parent0@test.com', '11888880000', 2, true, CURRENT_TIMESTAMP, CURRENT_TIMESTAMP);
INSERT INTO tb_parent (id, name, birthdate, cpf, contact, email, pix, role, is_active, created_at, updated_at) VALUES ('2124ba53-4613-4d00-bf5f-9d558817202a', 'Tiago Pereira', '1984-12-15', '94288265721', '11888880001', 'parent1@test.com', '11888880001', 2, true, CURRENT_TIMESTAMP, CURRENT_TIMESTAMP);
INSERT INTO tb_parent (id, name, birthdate, cpf, contact, email, pix, role, is_active, created_at, updated_at) VALUES ('84d1187c-6435-41af-bcca-cccaf0b3f46e', 'Mariana Lopes', '1981-05-20', '45334388222', '11888880002', 'parent2@test.com', '11888880002', 2, true, CURRENT_TIMESTAMP, CURRENT_TIMESTAMP);
INSERT INTO tb_parent (id, name, birthdate, cpf, contact, email, pix, role, is_active, created_at, updated_at) VALUES ('770e2f9d-0487-486c-b03c-5099bcc64404', 'Fernanda Pereira', '1984-08-24', '74242767323', '11888880003', 'parent3@test.com', '11888880003', 2, true, CURRENT_TIMESTAMP, CURRENT_TIMESTAMP);
INSERT INTO tb_parent (id, name, birthdate, cpf, contact, email, pix, role, is_active, created_at, updated_at) VALUES ('315d69eb-ee1f-4bab-bdf2-f2cfa9b8071c', 'Daniela Martins', '1986-01-15', '59331654324', '11888880004', 'parent4@test.com', '11888880004', 2, true, CURRENT_TIMESTAMP, CURRENT_TIMESTAMP);
INSERT INTO tb_parent (id, name, birthdate, cpf, contact, email, pix, role, is_active, created_at, updated_at) VALUES ('74e87404-3c88-4651-bfd7-5ed07831ba73', 'Lucas Lopes', '1985-11-09', '98269583525', '11888880005', 'parent5@test.com', '11888880005', 2, true, CURRENT_TIMESTAMP, CURRENT_TIMESTAMP);
INSERT INTO tb_parent (id, name, birthdate, cpf, contact, email, pix, role, is_active, created_at, updated_at) VALUES ('330b99c4-4079-44f1-9131-ed2a133ad160', 'Xuxa Almeida', '1988-04-03', '35426700726', '11888880006', 'parent6@test.com', '11888880006', 2, true, CURRENT_TIMESTAMP, CURRENT_TIMESTAMP);
INSERT INTO tb_parent (id, name, birthdate, cpf, contact, email, pix, role, is_active, created_at, updated_at) VALUES ('e7a7460e-5e04-4434-9edc-b2ef0c8bd9f8', 'Laura Ribeiro', '1983-03-19', '23502320627', '11888880007', 'parent7@test.com', '11888880007', 2, true, CURRENT_TIMESTAMP, CURRENT_TIMESTAMP);
INSERT INTO tb_parent (id, name, birthdate, cpf, contact, email, pix, role, is_active, created_at, updated_at) VALUES ('30db9991-b570-4e4d-82ad-5fde7eeba0d9', 'Fernanda Souza', '1983-09-22', '10502717528', '11888880008', 'parent8@test.com', '11888880008', 2, true, CURRENT_TIMESTAMP, CURRENT_TIMESTAMP);
INSERT INTO tb_parent (id, name, birthdate, cpf, contact, email, pix, role, is_active, created_at, updated_at) VALUES ('1f81fe76-91cb-481d-bb47-4db273c118a2', 'Nicolas Martins', '1989-01-31', '15886459129', '11888880009', 'parent9@test.com', '11888880009', 2, true, CURRENT_TIMESTAMP, CURRENT_TIMESTAMP);
INSERT INTO tb_parent (id, name, birthdate, cpf, contact, email, pix, role, is_active, created_at, updated_at) VALUES ('3ec88b63-3e01-48b8-a25f-a82f72b1fc94', 'Yuri Rodrigues', '1976-10-09', '48767476030', '11888880010', 'parent10@test.com', '11888880010', 2, true, CURRENT_TIMESTAMP, CURRENT_TIMESTAMP);
INSERT INTO tb_parent (id, name, birthdate, cpf, contact, email, pix, role, is_active, created_at, updated_at) VALUES ('cdb48849-26ae-4132-8fe5-f87b07ab7b24', 'Sofia Lima', '1991-04-05', '65936799931', '11888880011', 'parent11@test.com', '11888880011', 2, true, CURRENT_TIMESTAMP, CURRENT_TIMESTAMP);
INSERT INTO tb_parent (id, name, birthdate, cpf, contact, email, pix, role, is_active, created_at, updated_at) VALUES ('b96800fd-acb4-461a-8186-b44678071023', 'Fernanda Souza', '1984-03-12', '63097340032', '11888880012', 'parent12@test.com', '11888880012', 2, true, CURRENT_TIMESTAMP, CURRENT_TIMESTAMP);
INSERT INTO tb_parent (id, name, birthdate, cpf, contact, email, pix, role, is_active, created_at, updated_at) VALUES ('e81b972a-a87a-44ae-9f9d-1f2259f78265', 'Pedro Silva', '1979-10-15', '86598317533', '11888880013', 'parent13@test.com', '11888880013', 2, true, CURRENT_TIMESTAMP, CURRENT_TIMESTAMP);
INSERT INTO tb_parent (id, name, birthdate, cpf, contact, email, pix, role, is_active, created_at, updated_at) VALUES ('56ac2044-d4ed-4ddb-9454-47550ee08e35', 'Helena Carvalho', '1979-01-05', '22754595134', '11888880014', 'parent14@test.com', '11888880014', 2, true, CURRENT_TIMESTAMP, CURRENT_TIMESTAMP);

-- tb_students
INSERT INTO tb_students (id, name, birthdate, cpf, contact, email, pix, role, is_active, created_at, updated_at, school, parent_id, street, district, city, state, zip, complement) VALUES ('7e89f0f5-e3f3-40ef-a72e-f03c53fa4615', 'Lucas Fernandes', '2013-10-14', '55819458940', '11777770000', 'student0@test.com', '11777770000', 0, true, CURRENT_TIMESTAMP, CURRENT_TIMESTAMP, 'Escola Estadual 2', 'acc5e4e6-d8d7-4e55-a8dc-25ea1310321b', 'Rua Lopes', 'Centro', 'Sao Paulo', 'SP', '01000000', 'Apto 1');
INSERT INTO tb_students (id, name, birthdate, cpf, contact, email, pix, role, is_active, created_at, updated_at, school, parent_id, street, district, city, state, zip, complement) VALUES ('77d18dfc-c503-4e2d-a3cb-643e6ad97606', 'Olivia Fernandes', '2011-08-16', '76245959141', '11777770001', 'student1@test.com', '11777770001', 0, true, CURRENT_TIMESTAMP, CURRENT_TIMESTAMP, 'Escola Municipal 5', 'acc5e4e6-d8d7-4e55-a8dc-25ea1310321b', 'Rua Lima', 'Centro', 'Sao Paulo', 'SP', '01000000', 'Apto 1');
INSERT INTO tb_students (id, name, birthdate, cpf, contact, email, pix, role, is_active, created_at, updated_at, school, parent_id, street, district, city, state, zip, complement) VALUES ('6c7bbcb6-9e54-454f-add5-10650b682cbe', 'Eduardo Martins', '2011-10-21', '89943292442', '11777770002', 'student2@test.com', '11777770002', 0, true, CURRENT_TIMESTAMP, CURRENT_TIMESTAMP, 'Escola Estadual 8', '2124ba53-4613-4d00-bf5f-9d558817202a', 'Rua Fernandes', 'Centro', 'Sao Paulo', 'SP', '01000000', 'Apto 1');
INSERT INTO tb_students (id, name, birthdate, cpf, contact, email, pix, role, is_active, created_at, updated_at, school, parent_id, street, district, city, state, zip, complement) VALUES ('749458d0-5ba7-4f08-998e-f74dfdb15af6', 'Alice Barbosa', '2015-08-08', '75975733443', '11777770003', 'student3@test.com', '11777770003', 0, true, CURRENT_TIMESTAMP, CURRENT_TIMESTAMP, 'Escola Municipal 4', '2124ba53-4613-4d00-bf5f-9d558817202a', 'Rua Pereira', 'Centro', 'Sao Paulo', 'SP', '01000000', 'Apto 1');
INSERT INTO tb_students (id, name, birthdate, cpf, contact, email, pix, role, is_active, created_at, updated_at, school, parent_id, street, district, city, state, zip, complement) VALUES ('d7217aac-3fd5-4697-ba7b-e86db51f0f31', 'Miguel Pereira', '2014-06-29', '71457232044', '11777770004', 'student4@test.com', '11777770004', 0, true, CURRENT_TIMESTAMP, CURRENT_TIMESTAMP, 'Escola Municipal 9', '84d1187c-6435-41af-bcca-cccaf0b3f46e', 'Rua Carvalho', 'Centro', 'Sao Paulo', 'SP', '01000000', 'Apto 1');
INSERT INTO tb_students (id, name, birthdate, cpf, contact, email, pix, role, is_active, created_at, updated_at, school, parent_id, street, district, city, state, zip, complement) VALUES ('04ce7b5a-9820-489e-ae64-fe63c2349e56', 'Julia Martins', '2008-12-11', '36260551545', '11777770005', 'student5@test.com', '11777770005', 0, true, CURRENT_TIMESTAMP, CURRENT_TIMESTAMP, 'Escola Particular 6', '84d1187c-6435-41af-bcca-cccaf0b3f46e', 'Rua Martins', 'Centro', 'Sao Paulo', 'SP', '01000000', 'Apto 1');
INSERT INTO tb_students (id, name, birthdate, cpf, contact, email, pix, role, is_active, created_at, updated_at, school, parent_id, street, district, city, state, zip, complement) VALUES ('078da27e-d787-4b7b-9c5d-2f7068b76096', 'Ana Barbosa', '2013-09-06', '67157808946', '11777770006', 'student6@test.com', '11777770006', 0, true, CURRENT_TIMESTAMP, CURRENT_TIMESTAMP, 'Escola Particular 6', '770e2f9d-0487-486c-b03c-5099bcc64404', 'Rua Vieira', 'Centro', 'Sao Paulo', 'SP', '01000000', 'Apto 1');
INSERT INTO tb_students (id, name, birthdate, cpf, contact, email, pix, role, is_active, created_at, updated_at, school, parent_id, street, district, city, state, zip, complement) VALUES ('512201a8-fb50-49f7-9683-76caae09478c', 'Vitor Fernandes', '2011-11-24', '74312092547', '11777770007', 'student7@test.com', '11777770007', 0, true, CURRENT_TIMESTAMP, CURRENT_TIMESTAMP, 'Escola Municipal 4', '770e2f9d-0487-486c-b03c-5099bcc64404', 'Rua Oliveira', 'Centro', 'Sao Paulo', 'SP', '01000000', 'Apto 1');
INSERT INTO tb_students (id, name, birthdate, cpf, contact, email, pix, role, is_active, created_at, updated_at, school, parent_id, street, district, city, state, zip, complement) VALUES ('2b190fbd-5f85-41f2-a3f6-676509636448', 'Gabriel Almeida', '2008-09-01', '96318293148', '11777770008', 'student8@test.com', '11777770008', 0, true, CURRENT_TIMESTAMP, CURRENT_TIMESTAMP, 'Escola Municipal 9', '315d69eb-ee1f-4bab-bdf2-f2cfa9b8071c', 'Rua Fernandes', 'Centro', 'Sao Paulo', 'SP', '01000000', 'Apto 1');
INSERT INTO tb_students (id, name, birthdate, cpf, contact, email, pix, role, is_active, created_at, updated_at, school, parent_id, street, district, city, state, zip, complement) VALUES ('b3fa4fcb-38d4-4f12-9e6c-a031318f9d2f', 'Alice Rodrigues', '2011-01-01', '15289179349', '11777770009', 'student9@test.com', '11777770009', 0, true, CURRENT_TIMESTAMP, CURRENT_TIMESTAMP, 'Escola Estadual 6', '315d69eb-ee1f-4bab-bdf2-f2cfa9b8071c', 'Rua Lopes', 'Centro', 'Sao Paulo', 'SP', '01000000', 'Apto 1');
INSERT INTO tb_students (id, name, birthdate, cpf, contact, email, pix, role, is_active, created_at, updated_at, school, parent_id, street, district, city, state, zip, complement) VALUES ('1e193616-b55f-47cb-b785-cd4fab1c615b', 'Alice Rodrigues', '2013-07-14', '72210235850', '11777770010', 'student10@test.com', '11777770010', 0, true, CURRENT_TIMESTAMP, CURRENT_TIMESTAMP, 'Escola Municipal 5', '74e87404-3c88-4651-bfd7-5ed07831ba73', 'Rua Alves', 'Centro', 'Sao Paulo', 'SP', '01000000', 'Apto 1');
INSERT INTO tb_students (id, name, birthdate, cpf, contact, email, pix, role, is_active, created_at, updated_at, school, parent_id, street, district, city, state, zip, complement) VALUES ('8cb9eada-6aeb-4938-a4d8-a4aad1e3bfb2', 'Alice Lopes', '2009-12-27', '35229080351', '11777770011', 'student11@test.com', '11777770011', 0, true, CURRENT_TIMESTAMP, CURRENT_TIMESTAMP, 'Escola Municipal 4', '74e87404-3c88-4651-bfd7-5ed07831ba73', 'Rua Costa', 'Centro', 'Sao Paulo', 'SP', '01000000', 'Apto 1');
INSERT INTO tb_students (id, name, birthdate, cpf, contact, email, pix, role, is_active, created_at, updated_at, school, parent_id, street, district, city, state, zip, complement) VALUES ('23e7f73c-7fa4-497c-9631-5fd637eaef5e', 'Yuri Rodrigues', '2013-09-28', '97425831952', '11777770012', 'student12@test.com', '11777770012', 0, true, CURRENT_TIMESTAMP, CURRENT_TIMESTAMP, 'Escola Municipal 6', '330b99c4-4079-44f1-9131-ed2a133ad160', 'Rua Fernandes', 'Centro', 'Sao Paulo', 'SP', '01000000', 'Apto 1');
INSERT INTO tb_students (id, name, birthdate, cpf, contact, email, pix, role, is_active, created_at, updated_at, school, parent_id, street, district, city, state, zip, complement) VALUES ('af00804b-0fb9-4aed-a17a-97e7fd7108bb', 'Laura Almeida', '2010-04-21', '92090498553', '11777770013', 'student13@test.com', '11777770013', 0, true, CURRENT_TIMESTAMP, CURRENT_TIMESTAMP, 'Escola Municipal 10', '330b99c4-4079-44f1-9131-ed2a133ad160', 'Rua Costa', 'Centro', 'Sao Paulo', 'SP', '01000000', 'Apto 1');
INSERT INTO tb_students (id, name, birthdate, cpf, contact, email, pix, role, is_active, created_at, updated_at, school, parent_id, street, district, city, state, zip, complement) VALUES ('2fb8fdb9-3b4c-4af9-a61e-bb2bc8401845', 'Vitoria Santos', '2010-01-07', '70306258354', '11777770014', 'student14@test.com', '11777770014', 0, true, CURRENT_TIMESTAMP, CURRENT_TIMESTAMP, 'Escola Estadual 1', 'e7a7460e-5e04-4434-9edc-b2ef0c8bd9f8', 'Rua Barbosa', 'Centro', 'Sao Paulo', 'SP', '01000000', 'Apto 1');
INSERT INTO tb_students (id, name, birthdate, cpf, contact, email, pix, role, is_active, created_at, updated_at, school, parent_id, street, district, city, state, zip, complement) VALUES ('1433b10f-659c-4d0d-b2c2-d7290226f8a6', 'Helena Oliveira', '2008-11-19', '29023881955', '11777770015', 'student15@test.com', '11777770015', 0, true, CURRENT_TIMESTAMP, CURRENT_TIMESTAMP, 'Escola Particular 2', 'e7a7460e-5e04-4434-9edc-b2ef0c8bd9f8', 'Rua Carvalho', 'Centro', 'Sao Paulo', 'SP', '01000000', 'Apto 1');
INSERT INTO tb_students (id, name, birthdate, cpf, contact, email, pix, role, is_active, created_at, updated_at, school, parent_id, street, district, city, state, zip, complement) VALUES ('1237ae7c-a584-4bb7-989c-94f96a91e494', 'Laura Pereira', '2015-05-25', '72516655256', '11777770016', 'student16@test.com', '11777770016', 0, true, CURRENT_TIMESTAMP, CURRENT_TIMESTAMP, 'Escola Municipal 5', '30db9991-b570-4e4d-82ad-5fde7eeba0d9', 'Rua Lima', 'Centro', 'Sao Paulo', 'SP', '01000000', 'Apto 1');
INSERT INTO tb_students (id, name, birthdate, cpf, contact, email, pix, role, is_active, created_at, updated_at, school, parent_id, street, district, city, state, zip, complement) VALUES ('cbf5b5e8-d651-4060-9c82-5b72a53c020c', 'Mariana Alves', '2008-06-04', '91023200757', '11777770017', 'student17@test.com', '11777770017', 0, true, CURRENT_TIMESTAMP, CURRENT_TIMESTAMP, 'Escola Municipal 5', '30db9991-b570-4e4d-82ad-5fde7eeba0d9', 'Rua Rodrigues', 'Centro', 'Sao Paulo', 'SP', '01000000', 'Apto 1');
INSERT INTO tb_students (id, name, birthdate, cpf, contact, email, pix, role, is_active, created_at, updated_at, school, parent_id, street, district, city, state, zip, complement) VALUES ('d7ae2807-01c2-4cc0-bc18-f6a9009ede7c', 'Alice Gomes', '2015-11-10', '90921684958', '11777770018', 'student18@test.com', '11777770018', 0, true, CURRENT_TIMESTAMP, CURRENT_TIMESTAMP, 'Escola Municipal 7', '1f81fe76-91cb-481d-bb47-4db273c118a2', 'Rua Ferreira', 'Centro', 'Sao Paulo', 'SP', '01000000', 'Apto 1');
INSERT INTO tb_students (id, name, birthdate, cpf, contact, email, pix, role, is_active, created_at, updated_at, school, parent_id, street, district, city, state, zip, complement) VALUES ('eed8b549-b630-406b-a280-e24374055907', 'Fernanda Alves', '2015-04-11', '79888670759', '11777770019', 'student19@test.com', '11777770019', 0, true, CURRENT_TIMESTAMP, CURRENT_TIMESTAMP, 'Escola Municipal 4', '1f81fe76-91cb-481d-bb47-4db273c118a2', 'Rua Barbosa', 'Centro', 'Sao Paulo', 'SP', '01000000', 'Apto 1');
INSERT INTO tb_students (id, name, birthdate, cpf, contact, email, pix, role, is_active, created_at, updated_at, school, parent_id, street, district, city, state, zip, complement) VALUES ('10ac657f-73e4-4b4a-b562-2946880b7e19', 'Xuxa Lima', '2011-04-06', '19467848460', '11777770020', 'student20@test.com', '11777770020', 0, true, CURRENT_TIMESTAMP, CURRENT_TIMESTAMP, 'Escola Particular 2', '3ec88b63-3e01-48b8-a25f-a82f72b1fc94', 'Rua Carvalho', 'Centro', 'Sao Paulo', 'SP', '01000000', 'Apto 1');
INSERT INTO tb_students (id, name, birthdate, cpf, contact, email, pix, role, is_active, created_at, updated_at, school, parent_id, street, district, city, state, zip, complement) VALUES ('da833a0d-e7c2-419d-846f-73d28f087cb7', 'Eduardo Santos', '2014-02-02', '99496219161', '11777770021', 'student21@test.com', '11777770021', 0, true, CURRENT_TIMESTAMP, CURRENT_TIMESTAMP, 'Escola Municipal 1', '3ec88b63-3e01-48b8-a25f-a82f72b1fc94', 'Rua Ribeiro', 'Centro', 'Sao Paulo', 'SP', '01000000', 'Apto 1');
INSERT INTO tb_students (id, name, birthdate, cpf, contact, email, pix, role, is_active, created_at, updated_at, school, parent_id, street, district, city, state, zip, complement) VALUES ('43498231-265a-410c-9771-506203e8653a', 'Ursula Pereira', '2009-10-29', '36978314662', '11777770022', 'student22@test.com', '11777770022', 0, true, CURRENT_TIMESTAMP, CURRENT_TIMESTAMP, 'Escola Estadual 5', 'cdb48849-26ae-4132-8fe5-f87b07ab7b24', 'Rua Lopes', 'Centro', 'Sao Paulo', 'SP', '01000000', 'Apto 1');
INSERT INTO tb_students (id, name, birthdate, cpf, contact, email, pix, role, is_active, created_at, updated_at, school, parent_id, street, district, city, state, zip, complement) VALUES ('fe6c8c55-bcb3-4342-9bfe-f1b7a52f5d94', 'Zelia Lima', '2010-04-04', '73033063963', '11777770023', 'student23@test.com', '11777770023', 0, true, CURRENT_TIMESTAMP, CURRENT_TIMESTAMP, 'Escola Estadual 3', 'cdb48849-26ae-4132-8fe5-f87b07ab7b24', 'Rua Lopes', 'Centro', 'Sao Paulo', 'SP', '01000000', 'Apto 1');
INSERT INTO tb_students (id, name, birthdate, cpf, contact, email, pix, role, is_active, created_at, updated_at, school, parent_id, street, district, city, state, zip, complement) VALUES ('9926bced-1073-4508-8ff2-052e6fb6f95c', 'Yuri Barbosa', '2015-11-30', '24892545064', '11777770024', 'student24@test.com', '11777770024', 0, true, CURRENT_TIMESTAMP, CURRENT_TIMESTAMP, 'Escola Estadual 7', 'b96800fd-acb4-461a-8186-b44678071023', 'Rua Costa', 'Centro', 'Sao Paulo', 'SP', '01000000', 'Apto 1');
INSERT INTO tb_students (id, name, birthdate, cpf, contact, email, pix, role, is_active, created_at, updated_at, school, parent_id, street, district, city, state, zip, complement) VALUES ('572d3056-4dc0-4a95-9de4-5db03312dc4e', 'Lucas Gomes', '2010-04-18', '93112636465', '11777770025', 'student25@test.com', '11777770025', 0, true, CURRENT_TIMESTAMP, CURRENT_TIMESTAMP, 'Escola Particular 6', 'b96800fd-acb4-461a-8186-b44678071023', 'Rua Rodrigues', 'Centro', 'Sao Paulo', 'SP', '01000000', 'Apto 1');
INSERT INTO tb_students (id, name, birthdate, cpf, contact, email, pix, role, is_active, created_at, updated_at, school, parent_id, street, district, city, state, zip, complement) VALUES ('f8981312-5a16-4d9b-bb01-c98d0c4f4849', 'Miguel Rodrigues', '2014-05-09', '33803354166', '11777770026', 'student26@test.com', '11777770026', 0, true, CURRENT_TIMESTAMP, CURRENT_TIMESTAMP, 'Escola Municipal 6', 'e81b972a-a87a-44ae-9f9d-1f2259f78265', 'Rua Martins', 'Centro', 'Sao Paulo', 'SP', '01000000', 'Apto 1');
INSERT INTO tb_students (id, name, birthdate, cpf, contact, email, pix, role, is_active, created_at, updated_at, school, parent_id, street, district, city, state, zip, complement) VALUES ('d179eaad-4f2c-4401-b975-95d345332e14', 'Vitoria Pereira', '2015-10-19', '71286120267', '11777770027', 'student27@test.com', '11777770027', 0, true, CURRENT_TIMESTAMP, CURRENT_TIMESTAMP, 'Escola Municipal 2', 'e81b972a-a87a-44ae-9f9d-1f2259f78265', 'Rua Vieira', 'Centro', 'Sao Paulo', 'SP', '01000000', 'Apto 1');
INSERT INTO tb_students (id, name, birthdate, cpf, contact, email, pix, role, is_active, created_at, updated_at, school, parent_id, street, district, city, state, zip, complement) VALUES ('c2f24d89-6814-432e-9ebd-20afbbfcd2cb', 'Ursula Santos', '2008-10-12', '53878241268', '11777770028', 'student28@test.com', '11777770028', 0, true, CURRENT_TIMESTAMP, CURRENT_TIMESTAMP, 'Escola Municipal 9', '56ac2044-d4ed-4ddb-9454-47550ee08e35', 'Rua Almeida', 'Centro', 'Sao Paulo', 'SP', '01000000', 'Apto 1');
INSERT INTO tb_students (id, name, birthdate, cpf, contact, email, pix, role, is_active, created_at, updated_at, school, parent_id, street, district, city, state, zip, complement) VALUES ('0d76b2bb-bf45-4dec-8350-7ccdab1f56a1', 'Vitoria Alves', '2009-11-25', '20478710569', '11777770029', 'student29@test.com', '11777770029', 0, true, CURRENT_TIMESTAMP, CURRENT_TIMESTAMP, 'Escola Estadual 4', '56ac2044-d4ed-4ddb-9454-47550ee08e35', 'Rua Ferreira', 'Centro', 'Sao Paulo', 'SP', '01000000', 'Apto 1');
