INSERT INTO tb_parent (
    parent_id,
    name,
    email,
    contact,
    cpf,
    created_at,
    updated_at)
VALUES
    ('3f1c2d4e-5a6b-7c8d-9e01-23456789ab10',
     'Joao Silva Sauro',
     'joao_sauro@email.com',
     '61988881111',
     '11122233344',
     NOW(),
     NOW()),

    ('7a8b9c0d-1e2f-3a4b-5c6d-7e8f9012ab34',
     'Mauricio Pereira Souza',
     'mauricio_souza@email.com',
     '11977772222',
     '55566677788',
     NOW(),
     NOW())
ON CONFLICT (parent_id) DO NOTHING;

INSERT INTO tb_student (
    student_id,
    name,
    contact,
    email,
    birthdate,
    cpf,
    school,
    activity,
    active,
    parent_id,
    street,
    number,
    district,
    city,
    state,
    zip,
    complement,
    created_at,
    updated_at
)
VALUES
    ('b12c3d4e-5f67-4890-9abc-def012345678',
    'Joao Silva',
    '61994562345',
    'joao.silva@email.com',
    DATE '2001-03-22',
    '12345678900',
    'Escola Estadual Sao Paulo',
    'ENEM',
    TRUE,
    '3f1c2d4e-5a6b-7c8d-9e01-23456789ab10',
    'Rua das Flores',
    '123',
    'Centro',
    'Sao Paulo',
    'SP',
    '01234567',
    'Apto 45',
    NOW(),
    NOW()
    ),
    ('c98d7e6f-5a4b-3c2d-1e0f-abcdef123456',
    'Marcelo Carvalho',
    '61994354221',
    'marcelo.carvalho@email.com',
    DATE '1999-05-18',
    '12344378900',
    'Leonardo da Vinci',
    'MENTORIA',
    TRUE,
    '7a8b9c0d-1e2f-3a4b-5c6d-7e8f9012ab34',
    'Servidao Bertolina',
    '230',
    'Barra da Lagoa',
    'Florianopolis',
    'SC',
    '01234245',
    'Casa',
    NOW(),
    NOW()
    ),
    ('d2a7b2a0-6f38-4e2f-9c3c-7d9d6c2d3b11',
    'Ana Beatriz Lima',
    '61990011223',
    'ana.lima@email.com',
    DATE '2002-09-10',
    '98765432100',
    'Colegio Brasilia',
    'ENEM',
    TRUE,
    '3f1c2d4e-5a6b-7c8d-9e01-23456789ab10',
    'Avenida Central',
    '456',
    'Asa Sul',
    'Brasilia',
    'DF',
    '70000000',
    NULL,
    NOW(),
    NOW()
    ),
    ('f4c9d1a5-3f5c-4b22-9d4b-9a7c2d5f6e21',
    'Rafael Moreira',
    '11990033445',
    'rafael.moreira@email.com',
    DATE '2003-01-25',
    '98765432111',
    'Escola Santa Maria',
    'MENTORIA',
    TRUE,
    '7a8b9c0d-1e2f-3a4b-5c6d-7e8f9012ab34',
    'Rua do Sol',
    '88',
    'Pinheiros',
    'Sao Paulo',
    'SP',
    '05422000',
    'Bloco B',
    NOW(),
    NOW()
    )
ON CONFLICT (student_id) DO NOTHING;

INSERT INTO tb_employee (employee_id, name, birthdate, contact, pix, cpf, email, role, created_at, updated_at)
VALUES
    ('a1b2c3d4-e5f6-7890-abcd-ef1234567890',
     'Marcelo Carvalho',
     DATE '1992-03-22',
     '(61) 99963-5543',
     '023.205.102-23',
     '02320510223',
     'marcelo@gmail.com',
     'EMPLOYEE',
     NOW(),
     NOW()),
    ('b7c1f2e3-8a12-4f3c-a2b1-1c2d3e4f5a61',
     'Carla Mendes',
     DATE '1988-07-14',
     '(61) 99876-1234',
     'carla.mendes@pix',
     '11122233355',
     'carla.mendes@email.com',
     'EMPLOYEE',
     NOW(),
     NOW()),
    ('c8d2e3f4-9b23-5a4d-b3c2-2d3e4f5a6b72',
     'Diego Alves',
     DATE '1990-11-02',
     '(11) 98765-4321',
     'diego.alves@pix',
     '22233344466',
     'diego.alves@email.com',
     'EMPLOYEE',
     NOW(),
     NOW()),
    ('d9e3f4a5-ac34-6b5e-c4d3-3e4f5a6b7c83',
     'Fernanda Rocha',
     DATE '1985-04-30',
     '(21) 97654-3210',
     'fernanda.rocha@pix',
     '33344455577',
     'fernanda.rocha@email.com',
     'EMPLOYEE',
     NOW(),
     NOW()),
    ('eaf4a5b6-bd45-7c6f-d5e4-4f5a6b7c8d94',
     'Paulo Henrique',
     DATE '1993-12-09',
     '(31) 96543-2109',
     'paulo.henrique@pix',
     '44455566688',
     'paulo.henrique@email.com',
     'EMPLOYEE',
     NOW(),
     NOW())
ON CONFLICT (employee_id) DO NOTHING;

INSERT INTO tb_events (title, description, start_date_time, end_date_time, price, payment, student_id, employee_id, created_at, updated_at)
VALUES
    ('First Event of the Month',
     'This is the first event that has been seeded',
     '2026-12-11 12:30:00',
     '2026-12-11 13:30:00',
     250.75,
     200.00,
     'b12c3d4e-5f67-4890-9abc-def012345678',
     'a1b2c3d4-e5f6-7890-abcd-ef1234567890',
     NOW(),
     NOW()
     ),
    ('Mentoria - Planejamento',
     'Sessao de mentoria: planejamento de estudos',
     '2026-12-12 09:00:00',
     '2026-12-12 10:00:00',
     200.00,
     200.00,
     'd2a7b2a0-6f38-4e2f-9c3c-7d9d6c2d3b11',
     'b7c1f2e3-8a12-4f3c-a2b1-1c2d3e4f5a61',
     NOW(),
     NOW()
     ),
    ('Revisao ENEM - Redacao',
     'Treino e revisao de redacao',
     '2026-12-13 14:00:00',
     '2026-12-13 15:00:00',
     250.75,
     0.00,
     'b12c3d4e-5f67-4890-9abc-def012345678',
     'c8d2e3f4-9b23-5a4d-b3c2-2d3e4f5a6b72',
     NOW(),
     NOW()
     ),
    ('Mentoria - Rotina',
     'Ajuste de rotina e metas semanais',
     '2026-12-14 10:30:00',
     '2026-12-14 11:30:00',
     180.00,
     180.00,
     'c98d7e6f-5a4b-3c2d-1e0f-abcdef123456',
     'd9e3f4a5-ac34-6b5e-c4d3-3e4f5a6b7c83',
     NOW(),
     NOW()
     ),
    ('Mentoria - Organizacao',
     'Organizacao de conteudos e cronograma',
     '2026-12-15 16:00:00',
     '2026-12-15 17:00:00',
     190.00,
     100.00,
     'f4c9d1a5-3f5c-4b22-9d4b-9a7c2d5f6e21',
     'eaf4a5b6-bd45-7c6f-d5e4-4f5a6b7c8d94',
     NOW(),
     NOW()
     ),
    ('Aula - Matematica',
     'Aula focada em algebra basica',
     '2026-12-16 08:00:00',
     '2026-12-16 09:00:00',
     220.00,
     220.00,
     'b12c3d4e-5f67-4890-9abc-def012345678',
     'a1b2c3d4-e5f6-7890-abcd-ef1234567890',
     NOW(),
     NOW()
     ),
    ('Mentoria - Simulado',
     'Planejamento de simulado e revisao de erros',
     '2026-12-17 13:00:00',
     '2026-12-17 14:00:00',
     210.00,
     0.00,
     'd2a7b2a0-6f38-4e2f-9c3c-7d9d6c2d3b11',
     'c8d2e3f4-9b23-5a4d-b3c2-2d3e4f5a6b72',
     NOW(),
     NOW()
     ),
    ('Aula - Historia',
     'Revisao de historia do Brasil',
     '2026-12-18 11:00:00',
     '2026-12-18 12:00:00',
     200.00,
     200.00,
     'c98d7e6f-5a4b-3c2d-1e0f-abcdef123456',
     'b7c1f2e3-8a12-4f3c-a2b1-1c2d3e4f5a61',
     NOW(),
     NOW()
     ),
    ('Mentoria - Provas',
     'Estrategias para prova e tempo',
     '2026-12-19 15:30:00',
     '2026-12-19 16:30:00',
     195.00,
     195.00,
     'f4c9d1a5-3f5c-4b22-9d4b-9a7c2d5f6e21',
     'd9e3f4a5-ac34-6b5e-c4d3-3e4f5a6b7c83',
     NOW(),
     NOW()
     ),
    ('Aula - Fisica',
     'Cinematica e exercicios',
     '2026-12-20 09:30:00',
     '2026-12-20 10:30:00',
     230.00,
     0.00,
     'b12c3d4e-5f67-4890-9abc-def012345678',
     'eaf4a5b6-bd45-7c6f-d5e4-4f5a6b7c8d94',
     NOW(),
     NOW()
     ),
    ('Aula - Portugues',
     'Interpretacao de texto e gramaticas',
     '2026-12-21 17:00:00',
     '2026-12-21 18:00:00',
     240.00,
     240.00,
     'c98d7e6f-5a4b-3c2d-1e0f-abcdef123456',
     'a1b2c3d4-e5f6-7890-abcd-ef1234567890',
     NOW(),
     NOW()
     );
