INSERT INTO tb_parent (
    parent_id,
    name,
    email,
    contact,
    cpf,
    created_at,
    updated_at)
VALUES
    ('3f1c2d4e-5a6b-7c8d-9e01-23456789ab10',
     'Joao Silva Sauro',
     'joao_sauro@email.com',
     '61988881111',
     '11122233344',
     NOW(),
     NOW()),

    ('7a8b9c0d-1e2f-3a4b-5c6d-7e8f9012ab34',
     'Mauricio Pereira Souza',
     'mauricio_souza@email.com',
     '11977772222',
     '55566677788',
     NOW(),
     NOW()),

    ('91af4d22-13f4-4b68-9d83-cc1f7f790101',
     'Patricia Almeida Costa',
     'patricia.almeida@email.com',
     '21990010001',
     '10120230340',
     NOW(),
     NOW()),

    ('91af4d22-13f4-4b68-9d83-cc1f7f790102',
     'Ricardo Fernandes Lima',
     'ricardo.fernandes@email.com',
     '21990010002',
     '10120230341',
     NOW(),
     NOW()),

    ('91af4d22-13f4-4b68-9d83-cc1f7f790103',
     'Luciana Gomes Ribeiro',
     'luciana.gomes@email.com',
     '31990010003',
     '10120230342',
     NOW(),
     NOW()),

    ('91af4d22-13f4-4b68-9d83-cc1f7f790104',
     'Eduardo Martins Nogueira',
     'eduardo.martins@email.com',
     '31990010004',
     '10120230343',
     NOW(),
     NOW()),

    ('91af4d22-13f4-4b68-9d83-cc1f7f790105',
     'Vanessa Duarte Melo',
     'vanessa.duarte@email.com',
     '41990010005',
     '10120230344',
     NOW(),
     NOW()),

    ('91af4d22-13f4-4b68-9d83-cc1f7f790106',
     'Roberto Castro Sales',
     'roberto.castro@email.com',
     '41990010006',
     '10120230345',
     NOW(),
     NOW()),

    ('91af4d22-13f4-4b68-9d83-cc1f7f790107',
     'Juliana Teixeira Prado',
     'juliana.teixeira@email.com',
     '51990010007',
     '10120230346',
     NOW(),
     NOW()),

    ('91af4d22-13f4-4b68-9d83-cc1f7f790108',
     'Fabio Moretti Araujo',
     'fabio.moretti@email.com',
     '51990010008',
     '10120230347',
     NOW(),
     NOW()),

    ('91af4d22-13f4-4b68-9d83-cc1f7f790109',
     'Camila Barbosa Freitas',
     'camila.barbosa@email.com',
     '61990010009',
     '10120230348',
     NOW(),
     NOW()),

    ('91af4d22-13f4-4b68-9d83-cc1f7f790110',
     'Leonardo Pires Batista',
     'leonardo.pires@email.com',
     '61990010010',
     '10120230349',
     NOW(),
     NOW()),

    ('91af4d22-13f4-4b68-9d83-cc1f7f790111',
     'Renata Moura Xavier',
     'renata.moura@email.com',
     '71990010011',
     '10120230350',
     NOW(),
     NOW()),

    ('91af4d22-13f4-4b68-9d83-cc1f7f790112',
     'Thiago Lopes Cardoso',
     'thiago.lopes@email.com',
     '71990010012',
     '10120230351',
     NOW(),
     NOW())
ON CONFLICT (parent_id) DO NOTHING;

INSERT INTO tb_student (
    student_id,
    name,
    contact,
    email,
    birthdate,
    cpf,
    school,
    parent_id,
    street,
    number,
    district,
    city,
    state,
    zip,
    complement,
    created_at,
    updated_at
)
VALUES
    ('b12c3d4e-5f67-4890-9abc-def012345678',
    'Joao Silva',
    '61994562345',
    'joao.silva@email.com',
    DATE '2001-03-22',
    '12345678900',
    'Escola Estadual Sao Paulo',
    '3f1c2d4e-5a6b-7c8d-9e01-23456789ab10',
    'Rua das Flores',
    '123',
    'Centro',
    'Sao Paulo',
    'SP',
    '01234567',
    'Apto 45',
    NOW(),
    NOW()
    ),
    ('c98d7e6f-5a4b-3c2d-1e0f-abcdef123456',
    'Marcelo Carvalho',
    '61994354221',
    'marcelo.carvalho@email.com',
    DATE '1999-05-18',
    '12344378900',
    'Leonardo da Vinci',
    '7a8b9c0d-1e2f-3a4b-5c6d-7e8f9012ab34',
    'Servidao Bertolina',
    '230',
    'Barra da Lagoa',
    'Florianopolis',
    'SC',
    '01234245',
    'Casa',
    NOW(),
    NOW()
    ),
    ('d2a7b2a0-6f38-4e2f-9c3c-7d9d6c2d3b11',
    'Ana Beatriz Lima',
    '61990011223',
    'ana.lima@email.com',
    DATE '2002-09-10',
    '98765432100',
    'Colegio Brasilia',
    '3f1c2d4e-5a6b-7c8d-9e01-23456789ab10',
    'Avenida Central',
    '456',
    'Asa Sul',
    'Brasilia',
    'DF',
    '70000000',
    NULL,
    NOW(),
    NOW()
    ),
    ('f4c9d1a5-3f5c-4b22-9d4b-9a7c2d5f6e21',
     'Rafael Moreira',
     '11990033445',
    'rafael.moreira@email.com',
    DATE '2003-01-25',
    '98765432111',
    'Escola Santa Maria',
    '7a8b9c0d-1e2f-3a4b-5c6d-7e8f9012ab34',
    'Rua do Sol',
    '88',
    'Pinheiros',
    'Sao Paulo',
    'SP',
    '05422000',
     'Bloco B',
     NOW(),
     NOW()
    ),
    ('6a2d5f71-1034-4d43-92df-4fd438300001',
     'Gabriela Costa',
     '21995550001',
     'gabriela.costa@email.com',
     DATE '2004-02-11',
     '20130140150',
     'Colegio Integral do Rio',
     '91af4d22-13f4-4b68-9d83-cc1f7f790101',
     'Rua das Laranjeiras',
     '45',
     'Laranjeiras',
     'Rio de Janeiro',
     'RJ',
     '22240006',
     'Apto 301',
     NOW(),
     NOW()
    ),
    ('6a2d5f71-1034-4d43-92df-4fd438300002',
     'Pedro Henrique Matos',
     '21995550002',
     'pedro.matos@email.com',
     DATE '2005-06-19',
     '20130140151',
     'Colegio Santo Inacio',
     '91af4d22-13f4-4b68-9d83-cc1f7f790102',
     'Rua Voluntarios da Patria',
     '118',
     'Botafogo',
     'Rio de Janeiro',
     'RJ',
     '22270010',
     NULL,
     NOW(),
     NOW()
    ),
    ('6a2d5f71-1034-4d43-92df-4fd438300003',
     'Larissa Nunes',
     '31995550003',
     'larissa.nunes@email.com',
     DATE '2003-08-03',
     '20130140152',
     'Colegio Horizonte',
     '91af4d22-13f4-4b68-9d83-cc1f7f790103',
     'Avenida Afonso Pena',
     '900',
     'Centro',
     'Belo Horizonte',
     'MG',
     '30130003',
     'Sala 2',
     NOW(),
     NOW()
    ),
    ('6a2d5f71-1034-4d43-92df-4fd438300004',
     'Mateus Ribeiro',
     '31995550004',
     'mateus.ribeiro@email.com',
     DATE '2002-11-27',
     '20130140153',
     'Escola Estadual Minas',
     '91af4d22-13f4-4b68-9d83-cc1f7f790104',
     'Rua da Bahia',
     '121',
     'Funcionarios',
     'Belo Horizonte',
     'MG',
     '30160011',
     'Bloco A',
     NOW(),
     NOW()
    ),
    ('6a2d5f71-1034-4d43-92df-4fd438300005',
     'Isabela Duarte',
     '41995550005',
     'isabela.duarte@email.com',
     DATE '2006-01-14',
     '20130140154',
     'Colegio Positivo',
     '91af4d22-13f4-4b68-9d83-cc1f7f790105',
     'Rua Chile',
     '77',
     'Reboucas',
     'Curitiba',
     'PR',
     '80220020',
     NULL,
     NOW(),
     NOW()
    ),
    ('6a2d5f71-1034-4d43-92df-4fd438300006',
     'Felipe Araujo',
     '41995550006',
     'felipe.araujo@email.com',
     DATE '2004-09-08',
     '20130140155',
     'Colegio Medianeira',
     '91af4d22-13f4-4b68-9d83-cc1f7f790106',
     'Rua Padre Anchieta',
     '510',
     'Bigorrilho',
     'Curitiba',
     'PR',
     '80730000',
     'Casa 1',
     NOW(),
     NOW()
    ),
    ('6a2d5f71-1034-4d43-92df-4fd438300007',
     'Bruna Teixeira',
     '51995550007',
     'bruna.teixeira@email.com',
     DATE '2003-04-17',
     '20130140156',
     'Colegio Anchieta',
     '91af4d22-13f4-4b68-9d83-cc1f7f790107',
     'Rua Mostardeiro',
     '88',
     'Moinhos de Vento',
     'Porto Alegre',
     'RS',
     '90430001',
     'Apto 702',
     NOW(),
     NOW()
    ),
    ('6a2d5f71-1034-4d43-92df-4fd438300008',
     'Caio Moretti',
     '51995550008',
     'caio.moretti@email.com',
     DATE '2005-10-29',
     '20130140157',
     'Escola Farroupilha',
     '91af4d22-13f4-4b68-9d83-cc1f7f790108',
     'Avenida Ipiranga',
     '1450',
     'Jardim Botanico',
     'Porto Alegre',
     'RS',
     '90619900',
     NULL,
     NOW(),
     NOW()
    ),
    ('6a2d5f71-1034-4d43-92df-4fd438300009',
     'Amanda Freitas',
     '61995550009',
     'amanda.freitas@email.com',
     DATE '2002-07-21',
     '20130140158',
     'Colegio Sigma',
     '91af4d22-13f4-4b68-9d83-cc1f7f790109',
     'SQN 210 Bloco C',
     '12',
     'Asa Norte',
     'Brasilia',
     'DF',
     '70862530',
     'Apto 203',
     NOW(),
     NOW()
    ),
    ('6a2d5f71-1034-4d43-92df-4fd438300010',
     'Lucas Batista',
     '61995550010',
     'lucas.batista@email.com',
     DATE '2006-03-05',
     '20130140159',
     'Centro Educacional 01',
     '91af4d22-13f4-4b68-9d83-cc1f7f790110',
     'QSE 12',
     '4',
     'Taguatinga Sul',
     'Brasilia',
     'DF',
     '72025420',
     'Casa',
     NOW(),
     NOW()
    ),
    ('6a2d5f71-1034-4d43-92df-4fd438300011',
     'Helena Moura',
     '71995550011',
     'helena.moura@email.com',
     DATE '2004-05-12',
     '20130140160',
     'Colegio Sartre',
     '91af4d22-13f4-4b68-9d83-cc1f7f790111',
     'Rua Alceu Amoroso Lima',
     '60',
     'Caminho das Arvores',
     'Salvador',
     'BA',
     '41820770',
     'Torre 1',
     NOW(),
     NOW()
    ),
    ('6a2d5f71-1034-4d43-92df-4fd438300012',
     'Vinicius Cardoso',
     '71995550012',
     'vinicius.cardoso@email.com',
     DATE '2005-12-18',
     '20130140161',
     'Colegio Bernoulli',
     '91af4d22-13f4-4b68-9d83-cc1f7f790112',
     'Avenida Tancredo Neves',
     '1500',
     'Caminho das Arvores',
     'Salvador',
     'BA',
     '41820021',
     NULL,
     NOW(),
     NOW()
    ),
    ('6a2d5f71-1034-4d43-92df-4fd438300013',
     'Marina Sales',
     '21995550013',
     'marina.sales@email.com',
     DATE '2003-09-09',
     '20130140162',
     'Colegio Pedro II',
     '91af4d22-13f4-4b68-9d83-cc1f7f790101',
     'Rua Haddock Lobo',
     '230',
     'Tijuca',
     'Rio de Janeiro',
     'RJ',
     '20260030',
     'Casa 2',
     NOW(),
     NOW()
    ),
    ('6a2d5f71-1034-4d43-92df-4fd438300014',
     'Joao Vitor Fernandes',
     '31995550014',
     'joaovitor.fernandes@email.com',
     DATE '2002-10-01',
     '20130140163',
     'Colegio Magnum',
     '91af4d22-13f4-4b68-9d83-cc1f7f790102',
     'Rua Professor Moraes',
     '315',
     'Savassi',
     'Belo Horizonte',
     'MG',
     '30150050',
     NULL,
     NOW(),
     NOW()
    ),
    ('6a2d5f71-1034-4d43-92df-4fd438300015',
     'Sofia Melo',
     '41995550015',
     'sofia.melo@email.com',
     DATE '2006-07-30',
     '20130140164',
     'Colegio Adventista',
     '91af4d22-13f4-4b68-9d83-cc1f7f790103',
     'Rua XV de Novembro',
     '401',
     'Centro',
     'Curitiba',
     'PR',
     '80020010',
     'Fundos',
     NOW(),
     NOW()
    ),
    ('6a2d5f71-1034-4d43-92df-4fd438300016',
     'Gustavo Prado',
     '51995550016',
     'gustavo.prado@email.com',
     DATE '2004-01-26',
     '20130140165',
     'Colegio Joao Paulo I',
     '91af4d22-13f4-4b68-9d83-cc1f7f790104',
     'Rua Anita Garibaldi',
     '933',
     'Boa Vista',
     'Porto Alegre',
     'RS',
     '90480020',
     'Bloco 3',
     NOW(),
     NOW()
    ),
    ('6a2d5f71-1034-4d43-92df-4fd438300017',
     'Beatriz Xavier',
     '61995550017',
     'beatriz.xavier@email.com',
     DATE '2005-08-22',
     '20130140166',
     'Colegio Objetivo',
     '91af4d22-13f4-4b68-9d83-cc1f7f790105',
     'CLN 115 Bloco B',
     '6',
     'Asa Norte',
     'Brasilia',
     'DF',
     '70772520',
     NULL,
     NOW(),
     NOW()
    ),
    ('6a2d5f71-1034-4d43-92df-4fd438300018',
     'Daniel Lopes',
     '71995550018',
     'daniel.lopes@email.com',
     DATE '2003-03-16',
     '20130140167',
     'Colegio Mancio Costa',
     '91af4d22-13f4-4b68-9d83-cc1f7f790106',
     'Rua Direita da Piedade',
     '150',
     'Barris',
     'Salvador',
     'BA',
     '40070190',
     'Apto 14',
     NOW(),
     NOW()
    ),
    ('6a2d5f71-1034-4d43-92df-4fd438300019',
     'Clara Barbosa',
     '21995550019',
     'clara.barbosa@email.com',
     DATE '2004-11-04',
     '20130140168',
     'Colegio Qi',
     '91af4d22-13f4-4b68-9d83-cc1f7f790107',
     'Rua Conde de Bonfim',
     '540',
     'Tijuca',
     'Rio de Janeiro',
     'RJ',
     '20520054',
     NULL,
     NOW(),
     NOW()
    ),
    ('6a2d5f71-1034-4d43-92df-4fd438300020',
     'Enzo Nogueira',
     '31995550020',
     'enzo.nogueira@email.com',
     DATE '2002-12-13',
     '20130140169',
     'Colegio Loyola',
     '91af4d22-13f4-4b68-9d83-cc1f7f790108',
     'Rua Sinval de Sa',
     '210',
     'Cidade Jardim',
     'Belo Horizonte',
     'MG',
     '30380160',
     'Casa',
     NOW(),
     NOW()
    )
ON CONFLICT (student_id) DO NOTHING;

INSERT INTO tb_employee (employee_id, name, birthdate, contact, pix, cpf, email, role, created_at, updated_at)
VALUES
    ('a1b2c3d4-e5f6-7890-abcd-ef1234567890',
     'Marcelo Carvalho',
     DATE '1992-03-22',
     '(61) 99963-5543',
     '023.205.102-23',
     '02320510223',
     'marcelo@gmail.com',
     'EMPLOYEE',
     NOW(),
     NOW()),
    ('b7c1f2e3-8a12-4f3c-a2b1-1c2d3e4f5a61',
     'Carla Mendes',
     DATE '1988-07-14',
     '(61) 99876-1234',
     'carla.mendes@pix',
     '11122233355',
     'carla.mendes@email.com',
     'EMPLOYEE',
     NOW(),
     NOW()),
    ('c8d2e3f4-9b23-5a4d-b3c2-2d3e4f5a6b72',
     'Diego Alves',
     DATE '1990-11-02',
     '(11) 98765-4321',
     'diego.alves@pix',
     '22233344466',
     'diego.alves@email.com',
     'EMPLOYEE',
     NOW(),
     NOW()),
    ('d9e3f4a5-ac34-6b5e-c4d3-3e4f5a6b7c83',
     'Fernanda Rocha',
     DATE '1985-04-30',
     '(21) 97654-3210',
     'fernanda.rocha@pix',
     '33344455577',
     'fernanda.rocha@email.com',
     'EMPLOYEE',
     NOW(),
     NOW()),
    ('eaf4a5b6-bd45-7c6f-d5e4-4f5a6b7c8d94',
     'Paulo Henrique',
     DATE '1993-12-09',
     '(31) 96543-2109',
     'paulo.henrique@pix',
     '44455566688',
     'paulo.henrique@email.com',
     'EMPLOYEE',
     NOW(),
     NOW()),
    ('5c884d91-54f6-4020-9a78-92e5c2600001',
     'Aline Castro',
     DATE '1991-02-13',
     '(21) 98811-1001',
     'aline.castro@pix',
     '30140150170',
     'aline.castro@email.com',
     'EMPLOYEE',
     NOW(),
     NOW()),
    ('5c884d91-54f6-4020-9a78-92e5c2600002',
     'Bruno Tavares',
     DATE '1989-06-25',
     '(21) 98811-1002',
     'bruno.tavares@pix',
     '30140150171',
     'bruno.tavares@email.com',
     'EMPLOYEE',
     NOW(),
     NOW()),
    ('5c884d91-54f6-4020-9a78-92e5c2600003',
     'Cristiane Farias',
     DATE '1994-09-17',
     '(31) 98811-1003',
     'cristiane.farias@pix',
     '30140150172',
     'cristiane.farias@email.com',
     'EMPLOYEE',
     NOW(),
     NOW()),
    ('5c884d91-54f6-4020-9a78-92e5c2600004',
     'Douglas Ribeiro',
     DATE '1987-11-08',
     '(31) 98811-1004',
     'douglas.ribeiro@pix',
     '30140150173',
     'douglas.ribeiro@email.com',
     'EMPLOYEE',
     NOW(),
     NOW()),
    ('5c884d91-54f6-4020-9a78-92e5c2600005',
     'Elisa Nascimento',
     DATE '1995-01-29',
     '(41) 98811-1005',
     'elisa.nascimento@pix',
     '30140150174',
     'elisa.nascimento@email.com',
     'EMPLOYEE',
     NOW(),
     NOW()),
    ('5c884d91-54f6-4020-9a78-92e5c2600006',
     'Fabiano Moreira',
     DATE '1990-04-06',
     '(41) 98811-1006',
     'fabiano.moreira@pix',
     '30140150175',
     'fabiano.moreira@email.com',
     'EMPLOYEE',
     NOW(),
     NOW()),
    ('5c884d91-54f6-4020-9a78-92e5c2600007',
     'Geovana Prado',
     DATE '1992-08-14',
     '(51) 98811-1007',
     'geovana.prado@pix',
     '30140150176',
     'geovana.prado@email.com',
     'EMPLOYEE',
     NOW(),
     NOW()),
    ('5c884d91-54f6-4020-9a78-92e5c2600008',
     'Henrique Valenca',
     DATE '1986-12-21',
     '(51) 98811-1008',
     'henrique.valenca@pix',
     '30140150177',
     'henrique.valenca@email.com',
     'EMPLOYEE',
     NOW(),
     NOW()),
    ('5c884d91-54f6-4020-9a78-92e5c2600009',
     'Iris Batista',
     DATE '1993-03-11',
     '(61) 98811-1009',
     'iris.batista@pix',
     '30140150178',
     'iris.batista@email.com',
     'EMPLOYEE',
     NOW(),
     NOW()),
    ('5c884d91-54f6-4020-9a78-92e5c2600010',
     'Jonas Pacheco',
     DATE '1988-07-02',
     '(61) 98811-1010',
     'jonas.pacheco@pix',
     '30140150179',
     'jonas.pacheco@email.com',
     'EMPLOYEE',
     NOW(),
     NOW()),
    ('5c884d91-54f6-4020-9a78-92e5c2600011',
     'Karina Azevedo',
     DATE '1991-10-30',
     '(71) 98811-1011',
     'karina.azevedo@pix',
     '30140150180',
     'karina.azevedo@email.com',
     'EMPLOYEE',
     NOW(),
     NOW()),
    ('5c884d91-54f6-4020-9a78-92e5c2600012',
     'Leandro Dutra',
     DATE '1987-05-19',
     '(71) 98811-1012',
     'leandro.dutra@pix',
     '30140150181',
     'leandro.dutra@email.com',
     'EMPLOYEE',
     NOW(),
     NOW()),
    ('5c884d91-54f6-4020-9a78-92e5c2600013',
     'Mariana Queiroz',
     DATE '1996-02-07',
     '(21) 98811-1013',
     'mariana.queiroz@pix',
     '30140150182',
     'mariana.queiroz@email.com',
     'EMPLOYEE',
     NOW(),
     NOW()),
    ('5c884d91-54f6-4020-9a78-92e5c2600014',
     'Nicolas Reis',
     DATE '1990-09-24',
     '(31) 98811-1014',
     'nicolas.reis@pix',
     '30140150183',
     'nicolas.reis@email.com',
     'EMPLOYEE',
     NOW(),
     NOW()),
    ('5c884d91-54f6-4020-9a78-92e5c2600015',
     'Olivia Campos',
     DATE '1994-06-10',
     '(41) 98811-1015',
     'olivia.campos@pix',
     '30140150184',
     'olivia.campos@email.com',
     'EMPLOYEE',
     NOW(),
     NOW()),
    ('5c884d91-54f6-4020-9a78-92e5c2600016',
     'Priscila Moura',
     DATE '1989-01-15',
     '(51) 98811-1016',
     'priscila.moura@pix',
     '30140150185',
     'priscila.moura@email.com',
     'EMPLOYEE',
     NOW(),
     NOW()),
    ('5c884d91-54f6-4020-9a78-92e5c2600017',
     'Rogeria Lima',
     DATE '1992-12-03',
     '(61) 98811-1017',
     'rogeria.lima@pix',
     '30140150186',
     'rogeria.lima@email.com',
     'EMPLOYEE',
     NOW(),
     NOW()),
    ('5c884d91-54f6-4020-9a78-92e5c2600018',
     'Samuel Torres',
     DATE '1985-08-27',
     '(71) 98811-1018',
     'samuel.torres@pix',
     '30140150187',
     'samuel.torres@email.com',
     'EMPLOYEE',
     NOW(),
     NOW()),
    ('5c884d91-54f6-4020-9a78-92e5c2600019',
     'Tatiane Falcao',
     DATE '1993-04-18',
     '(21) 98811-1019',
     'tatiane.falcao@pix',
     '30140150188',
     'tatiane.falcao@email.com',
     'EMPLOYEE',
     NOW(),
     NOW()),
    ('5c884d91-54f6-4020-9a78-92e5c2600020',
     'William Siqueira',
     DATE '1988-11-12',
     '(31) 98811-1020',
     'william.siqueira@pix',
     '30140150189',
     'william.siqueira@email.com',
     'EMPLOYEE',
     NOW(),
     NOW())
ON CONFLICT (employee_id) DO NOTHING;

INSERT INTO tb_events (title, description, start_date_time, end_date_time, price, payment, content, student_id, employee_id, created_at, updated_at)
VALUES
    ('First Event of the Month',
     'This is the first event that has been seeded',
     '2026-12-11 12:30:00',
     '2026-12-11 13:30:00',
     250.75,
     200.00,
     'OUTRO',
     'b12c3d4e-5f67-4890-9abc-def012345678',
     'a1b2c3d4-e5f6-7890-abcd-ef1234567890',
     NOW(),
     NOW()
     ),
    ('Mentoria - Planejamento',
     'Sessao de mentoria: planejamento de estudos',
     '2026-12-12 09:00:00',
     '2026-12-12 10:00:00',
     200.00,
     200.00,
     'MENTORIA',
     'd2a7b2a0-6f38-4e2f-9c3c-7d9d6c2d3b11',
     'b7c1f2e3-8a12-4f3c-a2b1-1c2d3e4f5a61',
     NOW(),
     NOW()
     ),
    ('Revisao ENEM - Redacao',
     'Treino e revisao de redacao',
     '2026-12-13 14:00:00',
     '2026-12-13 15:00:00',
     250.75,
     0.00,
     'ENEM',
     'b12c3d4e-5f67-4890-9abc-def012345678',
     'c8d2e3f4-9b23-5a4d-b3c2-2d3e4f5a6b72',
     NOW(),
     NOW()
     ),
    ('Mentoria - Rotina',
     'Ajuste de rotina e metas semanais',
     '2026-12-14 10:30:00',
     '2026-12-14 11:30:00',
     180.00,
     180.00,
     'MENTORIA',
     'c98d7e6f-5a4b-3c2d-1e0f-abcdef123456',
     'd9e3f4a5-ac34-6b5e-c4d3-3e4f5a6b7c83',
     NOW(),
     NOW()
     ),
    ('Mentoria - Organizacao',
     'Organizacao de conteudos e cronograma',
     '2026-12-15 16:00:00',
     '2026-12-15 17:00:00',
     190.00,
     100.00,
     'MENTORIA',
     'f4c9d1a5-3f5c-4b22-9d4b-9a7c2d5f6e21',
     'eaf4a5b6-bd45-7c6f-d5e4-4f5a6b7c8d94',
     NOW(),
     NOW()
     ),
    ('Aula - Matematica',
     'Aula focada em algebra basica',
     '2026-12-16 08:00:00',
     '2026-12-16 09:00:00',
     220.00,
     220.00,
     'PAS',
     'b12c3d4e-5f67-4890-9abc-def012345678',
     'a1b2c3d4-e5f6-7890-abcd-ef1234567890',
     NOW(),
     NOW()
     ),
    ('Mentoria - Simulado',
     'Planejamento de simulado e revisao de erros',
     '2026-12-17 13:00:00',
     '2026-12-17 14:00:00',
     210.00,
     0.00,
     'MENTORIA',
     'd2a7b2a0-6f38-4e2f-9c3c-7d9d6c2d3b11',
     'c8d2e3f4-9b23-5a4d-b3c2-2d3e4f5a6b72',
     NOW(),
     NOW()
     ),
    ('Aula - Historia',
     'Revisao de historia do Brasil',
     '2026-12-18 11:00:00',
     '2026-12-18 12:00:00',
     200.00,
     200.00,
     'OUTRO',
     'c98d7e6f-5a4b-3c2d-1e0f-abcdef123456',
     'b7c1f2e3-8a12-4f3c-a2b1-1c2d3e4f5a61',
     NOW(),
     NOW()
     ),
    ('Mentoria - Provas',
     'Estrategias para prova e tempo',
     '2026-12-19 15:30:00',
     '2026-12-19 16:30:00',
     195.00,
     195.00,
     'MENTORIA',
     'f4c9d1a5-3f5c-4b22-9d4b-9a7c2d5f6e21',
     'd9e3f4a5-ac34-6b5e-c4d3-3e4f5a6b7c83',
     NOW(),
     NOW()
     ),
    ('Aula - Fisica',
     'Cinematica e exercicios',
     '2026-12-20 09:30:00',
     '2026-12-20 10:30:00',
     230.00,
     0.00,
     'ORIENTACAO_VOCACIONAL',
     'b12c3d4e-5f67-4890-9abc-def012345678',
     'eaf4a5b6-bd45-7c6f-d5e4-4f5a6b7c8d94',
     NOW(),
     NOW()
     ),
    ('Aula - Portugues',
     'Interpretacao de texto e gramaticas',
     '2026-12-21 17:00:00',
     '2026-12-21 18:00:00',
     240.00,
     240.00,
     'OUTRO',
     'c98d7e6f-5a4b-3c2d-1e0f-abcdef123456',
     'a1b2c3d4-e5f6-7890-abcd-ef1234567890',
     NOW(),
     NOW()
     ),
    ('Mentoria - Quimica Organica',
     'Plano de revisao para quimica organica',
     '2026-12-22 08:00:00',
     '2026-12-22 09:00:00',
     210.00,
     210.00,
     'MENTORIA',
     '6a2d5f71-1034-4d43-92df-4fd438300001',
     '5c884d91-54f6-4020-9a78-92e5c2600001',
     NOW(),
     NOW()
     ),
    ('Aula - Geometria',
     'Exercicios de geometria plana',
     '2026-12-22 10:00:00',
     '2026-12-22 11:00:00',
     220.00,
     100.00,
     'PAS',
     '6a2d5f71-1034-4d43-92df-4fd438300002',
     '5c884d91-54f6-4020-9a78-92e5c2600002',
     NOW(),
     NOW()
     ),
    ('Orientacao - Carreira Medica',
     'Mapa de carreira para vestibulares de medicina',
     '2026-12-22 14:00:00',
     '2026-12-22 15:00:00',
     260.00,
     260.00,
     'ORIENTACAO_VOCACIONAL',
     '6a2d5f71-1034-4d43-92df-4fd438300003',
     '5c884d91-54f6-4020-9a78-92e5c2600003',
     NOW(),
     NOW()
     ),
    ('Terapia - Gestao de Ansiedade',
     'Sessao de apoio para ansiedade pre-prova',
     '2026-12-22 16:00:00',
     '2026-12-22 17:00:00',
     240.00,
     240.00,
     'TERAPIA',
     '6a2d5f71-1034-4d43-92df-4fd438300004',
     '5c884d91-54f6-4020-9a78-92e5c2600004',
     NOW(),
     NOW()
     ),
    ('Aula - Literatura',
     'Analise de escolas literarias',
     '2026-12-23 08:30:00',
     '2026-12-23 09:30:00',
     205.00,
     205.00,
     'ENEM',
     '6a2d5f71-1034-4d43-92df-4fd438300005',
     '5c884d91-54f6-4020-9a78-92e5c2600005',
     NOW(),
     NOW()
     ),
    ('Mentoria - Metas da Semana',
     'Definicao de metas e prioridades',
     '2026-12-23 10:00:00',
     '2026-12-23 11:00:00',
     180.00,
     180.00,
     'MENTORIA',
     '6a2d5f71-1034-4d43-92df-4fd438300006',
     '5c884d91-54f6-4020-9a78-92e5c2600006',
     NOW(),
     NOW()
     ),
    ('Aula - Biologia Celular',
     'Revisao de citologia e organelas',
     '2026-12-23 14:00:00',
     '2026-12-23 15:00:00',
     215.00,
     0.00,
     'ENEM',
     '6a2d5f71-1034-4d43-92df-4fd438300007',
     '5c884d91-54f6-4020-9a78-92e5c2600007',
     NOW(),
     NOW()
     ),
    ('Aula - Redacao Argumentativa',
     'Estrutura e repertorio para redacao',
     '2026-12-23 16:00:00',
     '2026-12-23 17:00:00',
     230.00,
     230.00,
     'OUTRO',
     '6a2d5f71-1034-4d43-92df-4fd438300008',
     '5c884d91-54f6-4020-9a78-92e5c2600008',
     NOW(),
     NOW()
     ),
    ('Orientacao - Profissoes Criativas',
     'Exploracao de carreiras em design e publicidade',
     '2026-12-24 09:00:00',
     '2026-12-24 10:00:00',
     250.00,
     125.00,
     'ORIENTACAO_VOCACIONAL',
     '6a2d5f71-1034-4d43-92df-4fd438300009',
     '5c884d91-54f6-4020-9a78-92e5c2600009',
     NOW(),
     NOW()
     ),
    ('Terapia - Organizacao Emocional',
     'Sessao de suporte para rotina intensa de estudos',
     '2026-12-24 11:00:00',
     '2026-12-24 12:00:00',
     235.00,
     235.00,
     'TERAPIA',
     '6a2d5f71-1034-4d43-92df-4fd438300010',
     '5c884d91-54f6-4020-9a78-92e5c2600010',
     NOW(),
     NOW()
     ),
    ('Mentoria - Planejamento ENEM',
     'Cronograma para simulados finais',
     '2026-12-24 14:00:00',
     '2026-12-24 15:00:00',
     200.00,
     200.00,
     'ENEM',
     '6a2d5f71-1034-4d43-92df-4fd438300011',
     '5c884d91-54f6-4020-9a78-92e5c2600011',
     NOW(),
     NOW()
     ),
    ('Aula - Historia Geral',
     'Panorama da idade contemporanea',
     '2026-12-24 16:00:00',
     '2026-12-24 17:00:00',
     190.00,
     190.00,
     'PAS',
     '6a2d5f71-1034-4d43-92df-4fd438300012',
     '5c884d91-54f6-4020-9a78-92e5c2600012',
     NOW(),
     NOW()
     ),
    ('Aula - Matematica Financeira',
     'Porcentagem, juros e aplicacoes',
     '2026-12-26 08:00:00',
     '2026-12-26 09:00:00',
     225.00,
     225.00,
     'OUTRO',
     '6a2d5f71-1034-4d43-92df-4fd438300013',
     '5c884d91-54f6-4020-9a78-92e5c2600013',
     NOW(),
     NOW()
     ),
    ('Mentoria - Revisao Semanal',
     'Acompanhamento de desempenho da semana',
     '2026-12-26 10:00:00',
     '2026-12-26 11:00:00',
     185.00,
     0.00,
     'MENTORIA',
     '6a2d5f71-1034-4d43-92df-4fd438300014',
     '5c884d91-54f6-4020-9a78-92e5c2600014',
     NOW(),
     NOW()
     ),
    ('Aula - Filosofia',
     'Introducao a etica e filosofia politica',
     '2026-12-26 14:00:00',
     '2026-12-26 15:00:00',
     195.00,
     195.00,
     'PAS',
     '6a2d5f71-1034-4d43-92df-4fd438300015',
     '5c884d91-54f6-4020-9a78-92e5c2600015',
     NOW(),
     NOW()
     ),
    ('Orientacao - Escolha de Curso',
     'Mapeamento de afinidades e cursos',
     '2026-12-26 16:00:00',
     '2026-12-26 17:00:00',
     255.00,
     255.00,
     'ORIENTACAO_VOCACIONAL',
     '6a2d5f71-1034-4d43-92df-4fd438300016',
     '5c884d91-54f6-4020-9a78-92e5c2600016',
     NOW(),
     NOW()
     ),
    ('Terapia - Confianca para Provas',
     'Fortalecimento emocional no periodo de provas',
     '2026-12-27 09:00:00',
     '2026-12-27 10:00:00',
     245.00,
     245.00,
     'TERAPIA',
     '6a2d5f71-1034-4d43-92df-4fd438300017',
     '5c884d91-54f6-4020-9a78-92e5c2600017',
     NOW(),
     NOW()
     ),
    ('Aula - Ingles Instrumental',
     'Leitura e interpretacao de textos academicos',
     '2026-12-27 11:00:00',
     '2026-12-27 12:00:00',
     210.00,
     210.00,
     'OUTRO',
     '6a2d5f71-1034-4d43-92df-4fd438300018',
     '5c884d91-54f6-4020-9a78-92e5c2600018',
     NOW(),
     NOW()
     ),
    ('Mentoria - Tecnicas de Memorizacao',
     'Uso de mapas mentais e repeticao espacada',
     '2026-12-27 14:00:00',
     '2026-12-27 15:00:00',
     205.00,
     205.00,
     'MENTORIA',
     '6a2d5f71-1034-4d43-92df-4fd438300019',
     '5c884d91-54f6-4020-9a78-92e5c2600019',
     NOW(),
     NOW()
     ),
    ('Aula - Sociologia',
     'Temas contemporaneos e cidadania',
     '2026-12-27 16:00:00',
     '2026-12-27 17:00:00',
     198.00,
     99.00,
     'ENEM',
     '6a2d5f71-1034-4d43-92df-4fd438300020',
     '5c884d91-54f6-4020-9a78-92e5c2600020',
     NOW(),
     NOW()
     ),
    ('Mentoria - Revisao de Ferias',
     'Ajuste de rotina para periodo de recesso',
     '2026-12-28 08:30:00',
     '2026-12-28 09:30:00',
     175.00,
     175.00,
     'MENTORIA',
     'b12c3d4e-5f67-4890-9abc-def012345678',
     '5c884d91-54f6-4020-9a78-92e5c2600001',
     NOW(),
     NOW()
     ),
    ('Aula - Quimica Inorganica',
     'Tabelas e funcoes inorganicas',
     '2026-12-28 10:00:00',
     '2026-12-28 11:00:00',
     215.00,
     0.00,
     'ENEM',
     'c98d7e6f-5a4b-3c2d-1e0f-abcdef123456',
     '5c884d91-54f6-4020-9a78-92e5c2600002',
     NOW(),
     NOW()
     ),
    ('Orientacao - Projeto de Vida',
     'Construcao de objetivos academicos e pessoais',
     '2026-12-28 14:00:00',
     '2026-12-28 15:00:00',
     250.00,
     250.00,
     'ORIENTACAO_VOCACIONAL',
     'd2a7b2a0-6f38-4e2f-9c3c-7d9d6c2d3b11',
     '5c884d91-54f6-4020-9a78-92e5c2600003',
     NOW(),
     NOW()
     ),
    ('Terapia - Preparacao Emocional',
     'Acolhimento para ansiedade academica',
     '2026-12-28 16:00:00',
     '2026-12-28 17:00:00',
     240.00,
     120.00,
     'TERAPIA',
     'f4c9d1a5-3f5c-4b22-9d4b-9a7c2d5f6e21',
     '5c884d91-54f6-4020-9a78-92e5c2600004',
     NOW(),
     NOW()
     ),
    ('Aula - Fisica Moderna',
     'Introducao a fisica quantica e relatividade',
     '2026-12-29 08:00:00',
     '2026-12-29 09:00:00',
     235.00,
     235.00,
     'PAS',
     '6a2d5f71-1034-4d43-92df-4fd438300001',
     '5c884d91-54f6-4020-9a78-92e5c2600005',
     NOW(),
     NOW()
     ),
    ('Mentoria - Produtividade',
     'Rotinas para aumentar foco nos estudos',
     '2026-12-29 10:00:00',
     '2026-12-29 11:00:00',
     190.00,
     190.00,
     'MENTORIA',
     '6a2d5f71-1034-4d43-92df-4fd438300006',
     '5c884d91-54f6-4020-9a78-92e5c2600006',
     NOW(),
     NOW()
     ),
    ('Aula - Estatistica Basica',
     'Media, mediana, moda e interpretacao',
     '2026-12-29 14:00:00',
     '2026-12-29 15:00:00',
     200.00,
     100.00,
     'OUTRO',
     '6a2d5f71-1034-4d43-92df-4fd438300011',
     '5c884d91-54f6-4020-9a78-92e5c2600007',
     NOW(),
     NOW()
     ),
    ('Orientacao - Areas de Exatas',
     'Comparativo entre engenharias e computacao',
     '2026-12-29 16:00:00',
     '2026-12-29 17:00:00',
     255.00,
     255.00,
     'ORIENTACAO_VOCACIONAL',
     '6a2d5f71-1034-4d43-92df-4fd438300016',
     '5c884d91-54f6-4020-9a78-92e5c2600008',
     NOW(),
     NOW()
     ),
    ('Terapia - Equilibrio e Descanso',
     'Conversa sobre descanso produtivo e autocuidado',
     '2026-12-30 09:00:00',
     '2026-12-30 10:00:00',
     230.00,
     230.00,
     'TERAPIA',
     '6a2d5f71-1034-4d43-92df-4fd438300017',
     '5c884d91-54f6-4020-9a78-92e5c2600009',
     NOW(),
     NOW()
     ),
    ('Aula - Interpretacao de Graficos',
     'Leitura de tabelas e graficos para provas',
     '2026-12-30 11:00:00',
     '2026-12-30 12:00:00',
     210.00,
     210.00,
     'ENEM',
     '6a2d5f71-1034-4d43-92df-4fd438300020',
     '5c884d91-54f6-4020-9a78-92e5c2600010',
     NOW(),
     NOW()
     ),
    ('Mentoria - Fechamento do Mes',
     'Analise de resultados e proximos passos',
     '2026-12-30 15:00:00',
     '2026-12-30 16:00:00',
     195.00,
     195.00,
     'MENTORIA',
     '6a2d5f71-1034-4d43-92df-4fd438300003',
     '5c884d91-54f6-4020-9a78-92e5c2600011',
     NOW(),
     NOW()
     ),
    ('Aula - Revisao Final de Humanas',
     'Simulado comentado de humanas',
     '2026-12-30 17:00:00',
     '2026-12-30 18:00:00',
     220.00,
     220.00,
     'PAS',
     '6a2d5f71-1034-4d43-92df-4fd438300019',
     '5c884d91-54f6-4020-9a78-92e5c2600012',
     NOW(),
     NOW()
     );
